dreh,relpath,size_gb,dur_min,breite,hoehe,audio_kanaele
01_Projekt-TikTok-Ads_April_2023,01_Projekt-TikTok-Ads_April_2023/03_Medien/01_Footage/01 Cam - A7iv - Jan/Hauptkamera20230421_0830.MP4,21.24,19.6,3840,2160,2
01_Projekt-TikTok-Ads_April_2023,01_Projekt-TikTok-Ads_April_2023/03_Medien/01_Footage/01 Cam - A7iv - Jan/Hauptkamera20230421_0837.MP4,14.29,13.2,3840,2160,2
01_Projekt-TikTok-Ads_April_2023,01_Projekt-TikTok-Ads_April_2023/03_Medien/01_Footage/02 Cam - A7c - Bennet/Video/C3668.MP4,12.31,16.8,3840,2160,2
01_Projekt-TikTok-Ads_April_2023,01_Projekt-TikTok-Ads_April_2023/03_Medien/01_Footage/01 Cam - A7iv - Jan/Hauptkamera20230421_0924.MP4,11.85,10.9,3840,2160,2
01_Projekt-TikTok-Ads_April_2023,01_Projekt-TikTok-Ads_April_2023/03_Medien/01_Footage/02 Cam - A7c - Bennet/Video/C3672.MP4,11.15,15.1,3840,2160,2
01_Projekt-TikTok-Ads_April_2023,01_Projekt-TikTok-Ads_April_2023/03_Medien/01_Footage/01 Cam - A7iv - Jan/Hauptkamera20230421_0858.MP4,10.77,9.9,3840,2160,2
01_Projekt-TikTok-Ads_April_2023,01_Projekt-TikTok-Ads_April_2023/03_Medien/01_Footage/02 Cam - A7c - Bennet/Video/C3671.MP4,9.74,13.2,3840,2160,2
01_Projekt-TikTok-Ads_April_2023,01_Projekt-TikTok-Ads_April_2023/03_Medien/01_Footage/02 Cam - A7c - Bennet/Video/C3675.MP4,9.34,12.6,3840,2160,2
01_Projekt-TikTok-Ads_April_2023,01_Projekt-TikTok-Ads_April_2023/03_Medien/01_Footage/01 Cam - A7iv - Jan/Hauptkamera20230421_0860.MP4,8.89,8.2,3840,2160,2
01_Projekt-TikTok-Ads_April_2023,01_Projekt-TikTok-Ads_April_2023/03_Medien/01_Footage/01 Cam - A7iv - Jan/Hauptkamera20230421_0925.MP4,7.75,7.2,3840,2160,2
01_Projekt-TikTok-Ads_April_2023,01_Projekt-TikTok-Ads_April_2023/03_Medien/01_Footage/01 Cam - A7iv - Jan/Hauptkamera20230421_0859.MP4,5.4,5.0,3840,2160,2
01_Projekt-TikTok-Ads_April_2023,01_Projekt-TikTok-Ads_April_2023/03_Medien/01_Footage/01 Cam - A7iv - Jan/Hauptkamera20230421_0861.MP4,5.4,5.0,3840,2160,2
01_Projekt-TikTok-Ads_April_2023,01_Projekt-TikTok-Ads_April_2023/03_Medien/01_Footage/01 Cam - A7iv - Jan/Hauptkamera20230421_0908.MP4,3.15,2.9,3840,2160,2
01_Projekt-TikTok-Ads_April_2023,01_Projekt-TikTok-Ads_April_2023/03_Medien/01_Footage/01 Cam - A7iv - Jan/Hauptkamera20230421_0835.MP4,2.79,2.6,3840,2160,2
01_Projekt-TikTok-Ads_April_2023,01_Projekt-TikTok-Ads_April_2023/03_Medien/01_Footage/01 Cam - A7iv - Jan/Hauptkamera20230421_0897.MP4,2.38,2.2,3840,2160,2
01_Projekt-TikTok-Ads_April_2023,01_Projekt-TikTok-Ads_April_2023/03_Medien/01_Footage/01 Cam - A7iv - Jan/Hauptkamera20230421_0863.MP4,1.95,1.2,3840,2160,2
01_Projekt-TikTok-Ads_April_2023,01_Projekt-TikTok-Ads_April_2023/03_Medien/01_Footage/01 Cam - A7iv - Jan/Hauptkamera20230421_0885.MP4,1.68,1.1,3840,2160,2
01_Projekt-TikTok-Ads_April_2023,01_Projekt-TikTok-Ads_April_2023/03_Medien/01_Footage/02 Cam - A7c - Bennet/Video/C3669.MP4,1.66,2.2,3840,2160,2
01_Projekt-TikTok-Ads_April_2023,01_Projekt-TikTok-Ads_April_2023/03_Medien/01_Footage/01 Cam - A7iv - Jan/Hauptkamera20230421_0864.MP4,1.54,1.0,3840,2160,2
01_Projekt-TikTok-Ads_April_2023,01_Projekt-TikTok-Ads_April_2023/03_Medien/01_Footage/01 Cam - A7iv - Jan/Hauptkamera20230421_0790.MP4,1.41,0.9,3840,2160,2
01_Projekt-TikTok-Ads_April_2023,01_Projekt-TikTok-Ads_April_2023/03_Medien/01_Footage/01 Cam - A7iv - Jan/Hauptkamera20230421_0895.MP4,1.34,1.2,3840,2160,2
01_Projekt-TikTok-Ads_April_2023,01_Projekt-TikTok-Ads_April_2023/03_Medien/01_Footage/01 Cam - A7iv - Jan/Hauptkamera20230421_0772.MP4,1.21,1.1,3840,2160,2
01_Projekt-TikTok-Ads_April_2023,01_Projekt-TikTok-Ads_April_2023/03_Medien/01_Footage/02 Cam - A7c - Bennet/Video/C3667.MP4,1.13,1.5,3840,2160,2
01_Projekt-TikTok-Ads_April_2023,01_Projekt-TikTok-Ads_April_2023/03_Medien/01_Footage/01 Cam - A7iv - Jan/Hauptkamera20230421_0878.MP4,1.11,0.7,3840,2160,2
01_Projekt-TikTok-Ads_April_2023,01_Projekt-TikTok-Ads_April_2023/03_Medien/01_Footage/01 Cam - A7iv - Jan/Hauptkamera20230421_0873.MP4,1.07,0.7,3840,2160,2
01_Projekt-TikTok-Ads_April_2023,01_Projekt-TikTok-Ads_April_2023/03_Medien/01_Footage/01 Cam - A7iv - Jan/Hauptkamera20230421_0785.MP4,1.04,0.7,3840,2160,2
01_Projekt-TikTok-Ads_April_2023,01_Projekt-TikTok-Ads_April_2023/03_Medien/01_Footage/01 Cam - A7iv - Jan/Hauptkamera20230421_0770.MP4,1.04,0.9,3840,2160,2
01_Projekt-TikTok-Ads_April_2023,01_Projekt-TikTok-Ads_April_2023/03_Medien/01_Footage/01 Cam - A7iv - Jan/Hauptkamera20230421_0902.MP4,1.01,0.9,3840,2160,2
01_Projekt-TikTok-Ads_April_2023,01_Projekt-TikTok-Ads_April_2023/03_Medien/01_Footage/03 Cam - ZVE10 - BTS/PRIVATE/M4ROOT/CLIP/Zweitkamera20230421_0760.MP4,0.99,1.3,3840,2160,2
01_Projekt-TikTok-Ads_April_2023,01_Projekt-TikTok-Ads_April_2023/03_Medien/01_Footage/01 Cam - A7iv - Jan/Hauptkamera20230421_0825.MP4,0.94,0.9,3840,2160,2
01_Projekt-TikTok-Ads_April_2023,01_Projekt-TikTok-Ads_April_2023/03_Medien/01_Footage/01 Cam - A7iv - Jan/Hauptkamera20230421_0821.MP4,0.94,0.8,3840,2160,2
01_Projekt-TikTok-Ads_April_2023,01_Projekt-TikTok-Ads_April_2023/03_Medien/01_Footage/01 Cam - A7iv - Jan/Hauptkamera20230421_0791.MP4,0.91,0.6,3840,2160,2
01_Projekt-TikTok-Ads_April_2023,01_Projekt-TikTok-Ads_April_2023/03_Medien/01_Footage/03 Cam - ZVE10 - BTS/PRIVATE/M4ROOT/CLIP/Zweitkamera20230421_0718.MP4,0.88,1.2,3840,2160,2
01_Projekt-TikTok-Ads_April_2023,01_Projekt-TikTok-Ads_April_2023/03_Medien/01_Footage/01 Cam - A7iv - Jan/Hauptkamera20230421_0866.MP4,0.87,0.6,3840,2160,2
01_Projekt-TikTok-Ads_April_2023,01_Projekt-TikTok-Ads_April_2023/03_Medien/01_Footage/01 Cam - A7iv - Jan/Hauptkamera20230421_0789.MP4,0.87,0.6,3840,2160,2
01_Projekt-TikTok-Ads_April_2023,01_Projekt-TikTok-Ads_April_2023/03_Medien/01_Footage/03 Cam - ZVE10 - BTS/PRIVATE/M4ROOT/CLIP/Zweitkamera20230421_0717.MP4,0.83,1.1,3840,2160,2
01_Projekt-TikTok-Ads_April_2023,01_Projekt-TikTok-Ads_April_2023/03_Medien/01_Footage/01 Cam - A7iv - Jan/Hauptkamera20230421_0814.MP4,0.81,0.7,3840,2160,2
01_Projekt-TikTok-Ads_April_2023,01_Projekt-TikTok-Ads_April_2023/03_Medien/01_Footage/01 Cam - A7iv - Jan/Hauptkamera20230421_0832.MP4,0.77,0.7,3840,2160,2
01_Projekt-TikTok-Ads_April_2023,01_Projekt-TikTok-Ads_April_2023/03_Medien/01_Footage/01 Cam - A7iv - Jan/Hauptkamera20230421_0822.MP4,0.77,0.7,3840,2160,2
01_Projekt-TikTok-Ads_April_2023,01_Projekt-TikTok-Ads_April_2023/03_Medien/01_Footage/01 Cam - A7iv - Jan/Hauptkamera20230421_0836.MP4,0.77,0.7,3840,2160,2
01_Projekt-TikTok-Ads_April_2023,01_Projekt-TikTok-Ads_April_2023/03_Medien/01_Footage/01 Cam - A7iv - Jan/Hauptkamera20230421_0852.MP4,0.77,0.7,3840,2160,2
01_Projekt-TikTok-Ads_April_2023,01_Projekt-TikTok-Ads_April_2023/03_Medien/01_Footage/01 Cam - A7iv - Jan/Hauptkamera20230421_0890.MP4,0.74,0.5,3840,2160,2
01_Projekt-TikTok-Ads_April_2023,01_Projekt-TikTok-Ads_April_2023/03_Medien/01_Footage/03 Cam - ZVE10 - BTS/PRIVATE/M4ROOT/CLIP/Zweitkamera20230421_0755.MP4,0.74,1.0,3840,2160,2
01_Projekt-TikTok-Ads_April_2023,01_Projekt-TikTok-Ads_April_2023/03_Medien/01_Footage/03 Cam - ZVE10 - BTS/PRIVATE/M4ROOT/CLIP/Zweitkamera20230421_0726.MP4,0.74,1.0,3840,2160,2
01_Projekt-TikTok-Ads_April_2023,01_Projekt-TikTok-Ads_April_2023/03_Medien/01_Footage/01 Cam - A7iv - Jan/Hauptkamera20230421_0872.MP4,0.7,0.6,3840,2160,2
01_Projekt-TikTok-Ads_April_2023,01_Projekt-TikTok-Ads_April_2023/03_Medien/01_Footage/01 Cam - A7iv - Jan/Hauptkamera20230421_0786.MP4,0.7,0.5,3840,2160,2
01_Projekt-TikTok-Ads_April_2023,01_Projekt-TikTok-Ads_April_2023/03_Medien/01_Footage/01 Cam - A7iv - Jan/Hauptkamera20230421_0875.MP4,0.67,0.4,3840,2160,2
01_Projekt-TikTok-Ads_April_2023,01_Projekt-TikTok-Ads_April_2023/03_Medien/01_Footage/01 Cam - A7iv - Jan/Hauptkamera20230421_0888.MP4,0.67,0.4,3840,2160,2
01_Projekt-TikTok-Ads_April_2023,01_Projekt-TikTok-Ads_April_2023/03_Medien/01_Footage/01 Cam - A7iv - Jan/Hauptkamera20230421_0876.MP4,0.67,0.4,3840,2160,2
01_Projekt-TikTok-Ads_April_2023,01_Projekt-TikTok-Ads_April_2023/03_Medien/01_Footage/01 Cam - A7iv - Jan/Hauptkamera20230421_0766.MP4,0.67,0.4,3840,2160,2
01_Projekt-TikTok-Ads_April_2023,01_Projekt-TikTok-Ads_April_2023/03_Medien/01_Footage/03 Cam - ZVE10 - BTS/PRIVATE/M4ROOT/CLIP/Zweitkamera20230421_0759.MP4,0.66,0.9,3840,2160,2
01_Projekt-TikTok-Ads_April_2023,01_Projekt-TikTok-Ads_April_2023/03_Medien/01_Footage/01 Cam - A7iv - Jan/Hauptkamera20230421_0884.MP4,0.64,0.4,3840,2160,2
01_Projekt-TikTok-Ads_April_2023,01_Projekt-TikTok-Ads_April_2023/03_Medien/01_Footage/05 Drohne - DJI Mavic 3/DJI_0054.MOV,0.62,0.6,3840,2160,0
01_Projekt-TikTok-Ads_April_2023,01_Projekt-TikTok-Ads_April_2023/03_Medien/01_Footage/01 Cam - A7iv - Jan/Hauptkamera20230421_0815.MP4,0.6,0.5,3840,2160,2
01_Projekt-TikTok-Ads_April_2023,01_Projekt-TikTok-Ads_April_2023/03_Medien/01_Footage/01 Cam - A7iv - Jan/Hauptkamera20230421_0787.MP4,0.57,0.4,3840,2160,2
01_Projekt-TikTok-Ads_April_2023,01_Projekt-TikTok-Ads_April_2023/03_Medien/01_Footage/01 Cam - A7iv - Jan/Hauptkamera20230421_0816.MP4,0.57,0.5,3840,2160,2
01_Projekt-TikTok-Ads_April_2023,01_Projekt-TikTok-Ads_April_2023/03_Medien/01_Footage/01 Cam - A7iv - Jan/Hauptkamera20230421_0827.MP4,0.57,0.5,3840,2160,2
01_Projekt-TikTok-Ads_April_2023,01_Projekt-TikTok-Ads_April_2023/03_Medien/01_Footage/01 Cam - A7iv - Jan/Hauptkamera20230421_0773.MP4,0.57,0.5,3840,2160,2
01_Projekt-TikTok-Ads_April_2023,01_Projekt-TikTok-Ads_April_2023/03_Medien/01_Footage/01 Cam - A7iv - Jan/Hauptkamera20230421_0922.MP4,0.57,0.5,3840,2160,2
01_Projekt-TikTok-Ads_April_2023,01_Projekt-TikTok-Ads_April_2023/03_Medien/01_Footage/01 Cam - A7iv - Jan/Hauptkamera20230421_0919.MP4,0.54,0.5,3840,2160,2
01_Projekt-TikTok-Ads_April_2023,01_Projekt-TikTok-Ads_April_2023/03_Medien/01_Footage/01 Cam - A7iv - Jan/Hauptkamera20230421_0886.MP4,0.54,0.3,3840,2160,2
01_Projekt-TikTok-Ads_April_2023,01_Projekt-TikTok-Ads_April_2023/03_Medien/01_Footage/01 Cam - A7iv - Jan/Hauptkamera20230421_0871.MP4,0.5,0.5,3840,2160,2
01_Projekt-TikTok-Ads_April_2023,01_Projekt-TikTok-Ads_April_2023/03_Medien/01_Footage/01 Cam - A7iv - Jan/Hauptkamera20230421_0851.MP4,0.5,0.5,3840,2160,2
01_Projekt-TikTok-Ads_April_2023,01_Projekt-TikTok-Ads_April_2023/03_Medien/01_Footage/01 Cam - A7iv - Jan/Hauptkamera20230421_0921.MP4,0.5,0.5,3840,2160,2
01_Projekt-TikTok-Ads_April_2023,01_Projekt-TikTok-Ads_April_2023/03_Medien/01_Footage/01 Cam - A7iv - Jan/Hauptkamera20230421_0920.MP4,0.5,0.4,3840,2160,2
01_Projekt-TikTok-Ads_April_2023,01_Projekt-TikTok-Ads_April_2023/03_Medien/01_Footage/01 Cam - A7iv - Jan/Hauptkamera20230421_0923.MP4,0.5,0.4,3840,2160,2
01_Projekt-TikTok-Ads_April_2023,01_Projekt-TikTok-Ads_April_2023/03_Medien/01_Footage/01 Cam - A7iv - Jan/Hauptkamera20230421_0899.MP4,0.47,0.4,3840,2160,2
01_Projekt-TikTok-Ads_April_2023,01_Projekt-TikTok-Ads_April_2023/03_Medien/01_Footage/01 Cam - A7iv - Jan/Hauptkamera20230421_0898.MP4,0.47,0.4,3840,2160,2
01_Projekt-TikTok-Ads_April_2023,01_Projekt-TikTok-Ads_April_2023/03_Medien/01_Footage/01 Cam - A7iv - Jan/Hauptkamera20230421_0778.MP4,0.47,0.4,3840,2160,2
01_Projekt-TikTok-Ads_April_2023,01_Projekt-TikTok-Ads_April_2023/03_Medien/01_Footage/01 Cam - A7iv - Jan/Hauptkamera20230421_0820.MP4,0.47,0.4,3840,2160,2
01_Projekt-TikTok-Ads_April_2023,01_Projekt-TikTok-Ads_April_2023/03_Medien/01_Footage/01 Cam - A7iv - Jan/Hauptkamera20230421_0927.MP4,0.47,0.4,3840,2160,2
01_Projekt-TikTok-Ads_April_2023,01_Projekt-TikTok-Ads_April_2023/03_Medien/01_Footage/01 Cam - A7iv - Jan/Hauptkamera20230421_0850.MP4,0.47,0.4,3840,2160,2
01_Projekt-TikTok-Ads_April_2023,01_Projekt-TikTok-Ads_April_2023/03_Medien/01_Footage/01 Cam - A7iv - Jan/Hauptkamera20230421_0880.MP4,0.47,0.3,3840,2160,2
01_Projekt-TikTok-Ads_April_2023,01_Projekt-TikTok-Ads_April_2023/03_Medien/01_Footage/05 Drohne - DJI Mavic 3/DJI_0055.MOV,0.46,0.5,3840,2160,0
01_Projekt-TikTok-Ads_April_2023,01_Projekt-TikTok-Ads_April_2023/03_Medien/01_Footage/01 Cam - A7iv - Jan/Hauptkamera20230421_0870.MP4,0.44,0.3,3840,2160,2
01_Projekt-TikTok-Ads_April_2023,01_Projekt-TikTok-Ads_April_2023/03_Medien/01_Footage/01 Cam - A7iv - Jan/Hauptkamera20230421_0862.MP4,0.44,0.3,3840,2160,2
01_Projekt-TikTok-Ads_April_2023,01_Projekt-TikTok-Ads_April_2023/03_Medien/01_Footage/01 Cam - A7iv - Jan/Hauptkamera20230421_0781.MP4,0.44,0.4,3840,2160,2
01_Projekt-TikTok-Ads_April_2023,01_Projekt-TikTok-Ads_April_2023/03_Medien/01_Footage/01 Cam - A7iv - Jan/Hauptkamera20230421_0768.MP4,0.44,0.3,3840,2160,2
01_Projekt-TikTok-Ads_April_2023,01_Projekt-TikTok-Ads_April_2023/03_Medien/01_Footage/01 Cam - A7iv - Jan/Hauptkamera20230421_0817.MP4,0.44,0.4,3840,2160,2
01_Projekt-TikTok-Ads_April_2023,01_Projekt-TikTok-Ads_April_2023/03_Medien/01_Footage/01 Cam - A7iv - Jan/Hauptkamera20230421_0767.MP4,0.44,0.3,3840,2160,2
01_Projekt-TikTok-Ads_April_2023,01_Projekt-TikTok-Ads_April_2023/03_Medien/01_Footage/01 Cam - A7iv - Jan/Hauptkamera20230421_0893.MP4,0.44,0.3,3840,2160,2
01_Projekt-TikTok-Ads_April_2023,01_Projekt-TikTok-Ads_April_2023/03_Medien/01_Footage/03 Cam - ZVE10 - BTS/PRIVATE/M4ROOT/CLIP/Zweitkamera20230421_0741.MP4,0.44,0.6,3840,2160,2
01_Projekt-TikTok-Ads_April_2023,01_Projekt-TikTok-Ads_April_2023/03_Medien/01_Footage/05 Drohne - DJI Mavic 3/DJI_0056.MOV,0.43,0.4,3840,2160,0
01_Projekt-TikTok-Ads_April_2023,01_Projekt-TikTok-Ads_April_2023/03_Medien/01_Footage/03 Cam - ZVE10 - BTS/PRIVATE/M4ROOT/CLIP/Zweitkamera20230421_0742.MP4,0.41,0.5,3840,2160,2
01_Projekt-TikTok-Ads_April_2023,01_Projekt-TikTok-Ads_April_2023/03_Medien/01_Footage/01 Cam - A7iv - Jan/Hauptkamera20230421_0913.MP4,0.4,0.4,3840,2160,2
01_Projekt-TikTok-Ads_April_2023,01_Projekt-TikTok-Ads_April_2023/03_Medien/01_Footage/01 Cam - A7iv - Jan/Hauptkamera20230421_0794.MP4,0.4,0.4,3840,2160,2
01_Projekt-TikTok-Ads_April_2023,01_Projekt-TikTok-Ads_April_2023/03_Medien/01_Footage/01 Cam - A7iv - Jan/Hauptkamera20230421_0780.MP4,0.4,0.4,3840,2160,2
01_Projekt-TikTok-Ads_April_2023,01_Projekt-TikTok-Ads_April_2023/03_Medien/01_Footage/01 Cam - A7iv - Jan/Hauptkamera20230421_0788.MP4,0.4,0.2,3840,2160,2
01_Projekt-TikTok-Ads_April_2023,01_Projekt-TikTok-Ads_April_2023/03_Medien/01_Footage/01 Cam - A7iv - Jan/Hauptkamera20230421_0776.MP4,0.4,0.4,3840,2160,2
01_Projekt-TikTok-Ads_April_2023,01_Projekt-TikTok-Ads_April_2023/03_Medien/01_Footage/05 Drohne - DJI Mavic 3/DJI_0066.MOV,0.38,0.4,3840,2160,0
01_Projekt-TikTok-Ads_April_2023,01_Projekt-TikTok-Ads_April_2023/03_Medien/01_Footage/01 Cam - A7iv - Jan/Hauptkamera20230421_0867.MP4,0.37,0.2,3840,2160,2
01_Projekt-TikTok-Ads_April_2023,01_Projekt-TikTok-Ads_April_2023/03_Medien/01_Footage/01 Cam - A7iv - Jan/Hauptkamera20230421_0775.MP4,0.37,0.3,3840,2160,2
01_Projekt-TikTok-Ads_April_2023,01_Projekt-TikTok-Ads_April_2023/03_Medien/01_Footage/02 Cam - A7c - Bennet/Video/C3674.MP4,0.37,0.5,3840,2160,2
01_Projekt-TikTok-Ads_April_2023,01_Projekt-TikTok-Ads_April_2023/03_Medien/01_Footage/03 Cam - ZVE10 - BTS/PRIVATE/M4ROOT/CLIP/Zweitkamera20230421_0764.MP4,0.36,0.5,3840,2160,2
01_Projekt-TikTok-Ads_April_2023,01_Projekt-TikTok-Ads_April_2023/03_Medien/01_Footage/03 Cam - ZVE10 - BTS/PRIVATE/M4ROOT/CLIP/Zweitkamera20230421_0758.MP4,0.36,0.5,3840,2160,2
01_Projekt-TikTok-Ads_April_2023,01_Projekt-TikTok-Ads_April_2023/03_Medien/01_Footage/03 Cam - ZVE10 - BTS/PRIVATE/M4ROOT/CLIP/Zweitkamera20230421_0769.MP4,0.35,0.5,3840,2160,2
01_Projekt-TikTok-Ads_April_2023,01_Projekt-TikTok-Ads_April_2023/03_Medien/01_Footage/01 Cam - A7iv - Jan/Hauptkamera20230421_0848.MP4,0.34,0.3,3840,2160,2
01_Projekt-TikTok-Ads_April_2023,01_Projekt-TikTok-Ads_April_2023/03_Medien/01_Footage/01 Cam - A7iv - Jan/Hauptkamera20230421_0813.MP4,0.34,0.3,3840,2160,2
01_Projekt-TikTok-Ads_April_2023,01_Projekt-TikTok-Ads_April_2023/03_Medien/01_Footage/01 Cam - A7iv - Jan/Hauptkamera20230421_0792.MP4,0.34,0.3,3840,2160,2
01_Projekt-TikTok-Ads_April_2023,01_Projekt-TikTok-Ads_April_2023/03_Medien/01_Footage/01 Cam - A7iv - Jan/Hauptkamera20230421_0831.MP4,0.34,0.3,3840,2160,2
01_Projekt-TikTok-Ads_April_2023,01_Projekt-TikTok-Ads_April_2023/03_Medien/01_Footage/01 Cam - A7iv - Jan/Hauptkamera20230421_0846.MP4,0.34,0.3,3840,2160,2
01_Projekt-TikTok-Ads_April_2023,01_Projekt-TikTok-Ads_April_2023/03_Medien/01_Footage/01 Cam - A7iv - Jan/Hauptkamera20230421_0892.MP4,0.34,0.2,3840,2160,2
01_Projekt-TikTok-Ads_April_2023,01_Projekt-TikTok-Ads_April_2023/03_Medien/01_Footage/01 Cam - A7iv - Jan/Hauptkamera20230421_0868.MP4,0.34,0.2,3840,2160,2
01_Projekt-TikTok-Ads_April_2023,01_Projekt-TikTok-Ads_April_2023/03_Medien/01_Footage/05 Drohne - DJI Mavic 3/DJI_0061.MOV,0.32,0.3,3840,2160,0
01_Projekt-TikTok-Ads_April_2023,01_Projekt-TikTok-Ads_April_2023/03_Medien/01_Footage/05 Drohne - DJI Mavic 3/DJI_0063.MOV,0.32,0.3,3840,2160,0
01_Projekt-TikTok-Ads_April_2023,01_Projekt-TikTok-Ads_April_2023/03_Medien/01_Footage/05 Drohne - DJI Mavic 3/DJI_0068.MOV,0.32,0.3,3840,2160,0
01_Projekt-TikTok-Ads_April_2023,01_Projekt-TikTok-Ads_April_2023/03_Medien/01_Footage/03 Cam - ZVE10 - BTS/PRIVATE/M4ROOT/CLIP/Zweitkamera20230421_0756.MP4,0.32,0.4,3840,2160,2
01_Projekt-TikTok-Ads_April_2023,01_Projekt-TikTok-Ads_April_2023/03_Medien/01_Footage/03 Cam - ZVE10 - BTS/PRIVATE/M4ROOT/CLIP/Zweitkamera20230421_0737.MP4,0.32,0.4,3840,2160,2
01_Projekt-TikTok-Ads_April_2023,01_Projekt-TikTok-Ads_April_2023/03_Medien/01_Footage/01 Cam - A7iv - Jan/Hauptkamera20230421_0865.MP4,0.3,0.2,3840,2160,2
01_Projekt-TikTok-Ads_April_2023,01_Projekt-TikTok-Ads_April_2023/03_Medien/01_Footage/01 Cam - A7iv - Jan/Hauptkamera20230421_0849.MP4,0.3,0.3,3840,2160,2
01_Projekt-TikTok-Ads_April_2023,01_Projekt-TikTok-Ads_April_2023/03_Medien/01_Footage/01 Cam - A7iv - Jan/Hauptkamera20230421_0838.MP4,0.3,0.3,3840,2160,2
01_Projekt-TikTok-Ads_April_2023,01_Projekt-TikTok-Ads_April_2023/03_Medien/01_Footage/01 Cam - A7iv - Jan/Hauptkamera20230421_0810.MP4,0.3,0.3,3840,2160,2
01_Projekt-TikTok-Ads_April_2023,01_Projekt-TikTok-Ads_April_2023/03_Medien/01_Footage/01 Cam - A7iv - Jan/Hauptkamera20230421_0769.MP4,0.3,0.3,3840,2160,2
01_Projekt-TikTok-Ads_April_2023,01_Projekt-TikTok-Ads_April_2023/03_Medien/01_Footage/01 Cam - A7iv - Jan/Hauptkamera20230421_0824.MP4,0.3,0.3,3840,2160,2
01_Projekt-TikTok-Ads_April_2023,01_Projekt-TikTok-Ads_April_2023/03_Medien/01_Footage/01 Cam - A7iv - Jan/Hauptkamera20230421_0879.MP4,0.3,0.2,3840,2160,2
01_Projekt-TikTok-Ads_April_2023,01_Projekt-TikTok-Ads_April_2023/03_Medien/01_Footage/01 Cam - A7iv - Jan/Hauptkamera20230421_0854.MP4,0.3,0.3,3840,2160,2
01_Projekt-TikTok-Ads_April_2023,01_Projekt-TikTok-Ads_April_2023/03_Medien/01_Footage/01 Cam - A7iv - Jan/Hauptkamera20230421_0856.MP4,0.3,0.3,3840,2160,2
01_Projekt-TikTok-Ads_April_2023,01_Projekt-TikTok-Ads_April_2023/03_Medien/01_Footage/01 Cam - A7iv - Jan/Hauptkamera20230421_0881.MP4,0.3,0.2,3840,2160,2
01_Projekt-TikTok-Ads_April_2023,01_Projekt-TikTok-Ads_April_2023/03_Medien/01_Footage/03 Cam - ZVE10 - BTS/PRIVATE/M4ROOT/CLIP/Zweitkamera20230421_0757.MP4,0.3,0.4,3840,2160,2
01_Projekt-TikTok-Ads_April_2023,01_Projekt-TikTok-Ads_April_2023/03_Medien/01_Footage/03 Cam - ZVE10 - BTS/PRIVATE/M4ROOT/CLIP/Zweitkamera20230421_0745.MP4,0.29,0.4,3840,2160,2
01_Projekt-TikTok-Ads_April_2023,01_Projekt-TikTok-Ads_April_2023/03_Medien/01_Footage/05 Drohne - DJI Mavic 3/DJI_0057.MOV,0.28,0.3,3840,2160,0
01_Projekt-TikTok-Ads_April_2023,01_Projekt-TikTok-Ads_April_2023/03_Medien/01_Footage/01 Cam - A7iv - Jan/Hauptkamera20230421_0877.MP4,0.27,0.2,3840,2160,2
01_Projekt-TikTok-Ads_April_2023,01_Projekt-TikTok-Ads_April_2023/03_Medien/01_Footage/01 Cam - A7iv - Jan/Hauptkamera20230421_0797.MP4,0.27,0.2,3840,2160,2
01_Projekt-TikTok-Ads_April_2023,01_Projekt-TikTok-Ads_April_2023/03_Medien/01_Footage/01 Cam - A7iv - Jan/Hauptkamera20230421_0763.MP4,0.27,0.2,3840,2160,2
01_Projekt-TikTok-Ads_April_2023,01_Projekt-TikTok-Ads_April_2023/03_Medien/01_Footage/01 Cam - A7iv - Jan/Hauptkamera20230421_0777.MP4,0.27,0.2,3840,2160,2
01_Projekt-TikTok-Ads_April_2023,01_Projekt-TikTok-Ads_April_2023/03_Medien/01_Footage/01 Cam - A7iv - Jan/Hauptkamera20230421_0833.MP4,0.27,0.2,3840,2160,2
01_Projekt-TikTok-Ads_April_2023,01_Projekt-TikTok-Ads_April_2023/03_Medien/01_Footage/01 Cam - A7iv - Jan/Hauptkamera20230421_0765.MP4,0.27,0.2,3840,2160,2
01_Projekt-TikTok-Ads_April_2023,01_Projekt-TikTok-Ads_April_2023/03_Medien/01_Footage/01 Cam - A7iv - Jan/Hauptkamera20230421_0926.MP4,0.27,0.2,3840,2160,2
01_Projekt-TikTok-Ads_April_2023,01_Projekt-TikTok-Ads_April_2023/03_Medien/01_Footage/01 Cam - A7iv - Jan/Hauptkamera20230421_0891.MP4,0.27,0.2,3840,2160,2
01_Projekt-TikTok-Ads_April_2023,01_Projekt-TikTok-Ads_April_2023/03_Medien/01_Footage/01 Cam - A7iv - Jan/Hauptkamera20230421_0882.MP4,0.27,0.2,3840,2160,2
01_Projekt-TikTok-Ads_April_2023,01_Projekt-TikTok-Ads_April_2023/03_Medien/01_Footage/03 Cam - ZVE10 - BTS/PRIVATE/M4ROOT/CLIP/Zweitkamera20230421_0744.MP4,0.27,0.4,3840,2160,2
01_Projekt-TikTok-Ads_April_2023,01_Projekt-TikTok-Ads_April_2023/03_Medien/01_Footage/03 Cam - ZVE10 - BTS/PRIVATE/M4ROOT/CLIP/Zweitkamera20230421_0715.MP4,0.26,0.3,3840,2160,2
01_Projekt-TikTok-Ads_April_2023,01_Projekt-TikTok-Ads_April_2023/03_Medien/01_Footage/03 Cam - ZVE10 - BTS/PRIVATE/M4ROOT/CLIP/Zweitkamera20230421_0723.MP4,0.26,0.4,3840,2160,2
01_Projekt-TikTok-Ads_April_2023,01_Projekt-TikTok-Ads_April_2023/03_Medien/01_Footage/05 Drohne - DJI Mavic 3/DJI_0059.MOV,0.25,0.3,3840,2160,0
01_Projekt-TikTok-Ads_April_2023,01_Projekt-TikTok-Ads_April_2023/03_Medien/01_Footage/03 Cam - ZVE10 - BTS/PRIVATE/M4ROOT/CLIP/Zweitkamera20230421_0768.MP4,0.25,0.3,3840,2160,2
01_Projekt-TikTok-Ads_April_2023,01_Projekt-TikTok-Ads_April_2023/03_Medien/01_Footage/03 Cam - ZVE10 - BTS/PRIVATE/M4ROOT/CLIP/Zweitkamera20230421_0732.MP4,0.25,0.3,3840,2160,2
01_Projekt-TikTok-Ads_April_2023,01_Projekt-TikTok-Ads_April_2023/03_Medien/01_Footage/01 Cam - A7iv - Jan/Hauptkamera20230421_0912.MP4,0.24,0.2,3840,2160,2
01_Projekt-TikTok-Ads_April_2023,01_Projekt-TikTok-Ads_April_2023/03_Medien/01_Footage/01 Cam - A7iv - Jan/Hauptkamera20230421_0917.MP4,0.24,0.2,3840,2160,2
01_Projekt-TikTok-Ads_April_2023,01_Projekt-TikTok-Ads_April_2023/03_Medien/01_Footage/01 Cam - A7iv - Jan/Hauptkamera20230421_0916.MP4,0.24,0.2,3840,2160,2
01_Projekt-TikTok-Ads_April_2023,01_Projekt-TikTok-Ads_April_2023/03_Medien/01_Footage/01 Cam - A7iv - Jan/Hauptkamera20230421_0782.MP4,0.24,0.2,3840,2160,2
01_Projekt-TikTok-Ads_April_2023,01_Projekt-TikTok-Ads_April_2023/03_Medien/01_Footage/01 Cam - A7iv - Jan/Hauptkamera20230421_0807.MP4,0.24,0.2,3840,2160,2
01_Projekt-TikTok-Ads_April_2023,01_Projekt-TikTok-Ads_April_2023/03_Medien/01_Footage/01 Cam - A7iv - Jan/Hauptkamera20230421_0828.MP4,0.24,0.2,3840,2160,2
01_Projekt-TikTok-Ads_April_2023,01_Projekt-TikTok-Ads_April_2023/03_Medien/01_Footage/01 Cam - A7iv - Jan/Hauptkamera20230421_0784.MP4,0.24,0.2,3840,2160,2
01_Projekt-TikTok-Ads_April_2023,01_Projekt-TikTok-Ads_April_2023/03_Medien/01_Footage/01 Cam - A7iv - Jan/Hauptkamera20230421_0847.MP4,0.24,0.2,3840,2160,2
01_Projekt-TikTok-Ads_April_2023,01_Projekt-TikTok-Ads_April_2023/03_Medien/01_Footage/01 Cam - A7iv - Jan/Hauptkamera20230421_0855.MP4,0.24,0.2,3840,2160,2
01_Projekt-TikTok-Ads_April_2023,01_Projekt-TikTok-Ads_April_2023/03_Medien/01_Footage/01 Cam - A7iv - Jan/Hauptkamera20230421_0909.MP4,0.24,0.2,3840,2160,2
01_Projekt-TikTok-Ads_April_2023,01_Projekt-TikTok-Ads_April_2023/03_Medien/01_Footage/01 Cam - A7iv - Jan/Hauptkamera20230421_0857.MP4,0.24,0.2,3840,2160,2
01_Projekt-TikTok-Ads_April_2023,01_Projekt-TikTok-Ads_April_2023/03_Medien/01_Footage/05 Drohne - DJI Mavic 3/DJI_0060.MOV,0.23,0.2,3840,2160,0
01_Projekt-TikTok-Ads_April_2023,01_Projekt-TikTok-Ads_April_2023/03_Medien/01_Footage/05 Drohne - DJI Mavic 3/DJI_0062.MOV,0.23,0.2,3840,2160,0
01_Projekt-TikTok-Ads_April_2023,01_Projekt-TikTok-Ads_April_2023/03_Medien/01_Footage/03 Cam - ZVE10 - BTS/PRIVATE/M4ROOT/CLIP/Zweitkamera20230421_0714.MP4,0.23,0.3,3840,2160,2
01_Projekt-TikTok-Ads_April_2023,01_Projekt-TikTok-Ads_April_2023/03_Medien/01_Footage/03 Cam - ZVE10 - BTS/PRIVATE/M4ROOT/CLIP/Zweitkamera20230421_0716.MP4,0.23,0.3,3840,2160,2
01_Projekt-TikTok-Ads_April_2023,01_Projekt-TikTok-Ads_April_2023/03_Medien/01_Footage/03 Cam - ZVE10 - BTS/PRIVATE/M4ROOT/CLIP/Zweitkamera20230421_0751.MP4,0.23,0.3,3840,2160,2
01_Projekt-TikTok-Ads_April_2023,01_Projekt-TikTok-Ads_April_2023/03_Medien/01_Footage/03 Cam - ZVE10 - BTS/PRIVATE/M4ROOT/CLIP/Zweitkamera20230421_0736.MP4,0.23,0.3,3840,2160,2
01_Projekt-TikTok-Ads_April_2023,01_Projekt-TikTok-Ads_April_2023/03_Medien/01_Footage/03 Cam - ZVE10 - BTS/PRIVATE/M4ROOT/CLIP/Zweitkamera20230421_0771.MP4,0.21,0.3,3840,2160,2
01_Projekt-TikTok-Ads_April_2023,01_Projekt-TikTok-Ads_April_2023/03_Medien/01_Footage/03 Cam - ZVE10 - BTS/PRIVATE/M4ROOT/CLIP/Zweitkamera20230421_0762.MP4,0.21,0.3,3840,2160,2
01_Projekt-TikTok-Ads_April_2023,01_Projekt-TikTok-Ads_April_2023/03_Medien/01_Footage/03 Cam - ZVE10 - BTS/PRIVATE/M4ROOT/CLIP/Zweitkamera20230421_0740.MP4,0.21,0.3,3840,2160,2
01_Projekt-TikTok-Ads_April_2023,01_Projekt-TikTok-Ads_April_2023/03_Medien/01_Footage/01 Cam - A7iv - Jan/Hauptkamera20230421_0906.MP4,0.2,0.2,3840,2160,2
01_Projekt-TikTok-Ads_April_2023,01_Projekt-TikTok-Ads_April_2023/03_Medien/01_Footage/01 Cam - A7iv - Jan/Hauptkamera20230421_0914.MP4,0.2,0.2,3840,2160,2
01_Projekt-TikTok-Ads_April_2023,01_Projekt-TikTok-Ads_April_2023/03_Medien/01_Footage/01 Cam - A7iv - Jan/Hauptkamera20230421_0889.MP4,0.2,0.1,3840,2160,2
01_Projekt-TikTok-Ads_April_2023,01_Projekt-TikTok-Ads_April_2023/03_Medien/01_Footage/01 Cam - A7iv - Jan/Hauptkamera20230421_0804.MP4,0.2,0.2,3840,2160,2
01_Projekt-TikTok-Ads_April_2023,01_Projekt-TikTok-Ads_April_2023/03_Medien/01_Footage/01 Cam - A7iv - Jan/Hauptkamera20230421_0806.MP4,0.2,0.2,3840,2160,2
01_Projekt-TikTok-Ads_April_2023,01_Projekt-TikTok-Ads_April_2023/03_Medien/01_Footage/01 Cam - A7iv - Jan/Hauptkamera20230421_0803.MP4,0.2,0.2,3840,2160,2
01_Projekt-TikTok-Ads_April_2023,01_Projekt-TikTok-Ads_April_2023/03_Medien/01_Footage/01 Cam - A7iv - Jan/Hauptkamera20230421_0793.MP4,0.2,0.2,3840,2160,2
01_Projekt-TikTok-Ads_April_2023,01_Projekt-TikTok-Ads_April_2023/03_Medien/01_Footage/01 Cam - A7iv - Jan/Hauptkamera20230421_0802.MP4,0.2,0.2,3840,2160,2
01_Projekt-TikTok-Ads_April_2023,01_Projekt-TikTok-Ads_April_2023/03_Medien/01_Footage/01 Cam - A7iv - Jan/Hauptkamera20230421_0800.MP4,0.2,0.2,3840,2160,2
01_Projekt-TikTok-Ads_April_2023,01_Projekt-TikTok-Ads_April_2023/03_Medien/01_Footage/01 Cam - A7iv - Jan/Hauptkamera20230421_0829.MP4,0.2,0.2,3840,2160,2
01_Projekt-TikTok-Ads_April_2023,01_Projekt-TikTok-Ads_April_2023/03_Medien/01_Footage/01 Cam - A7iv - Jan/Hauptkamera20230421_0818.MP4,0.2,0.2,3840,2160,2
01_Projekt-TikTok-Ads_April_2023,01_Projekt-TikTok-Ads_April_2023/03_Medien/01_Footage/01 Cam - A7iv - Jan/Hauptkamera20230421_0764.MP4,0.2,0.1,3840,2160,2
01_Projekt-TikTok-Ads_April_2023,01_Projekt-TikTok-Ads_April_2023/03_Medien/01_Footage/01 Cam - A7iv - Jan/Hauptkamera20230421_0809.MP4,0.2,0.2,3840,2160,2
01_Projekt-TikTok-Ads_April_2023,01_Projekt-TikTok-Ads_April_2023/03_Medien/01_Footage/01 Cam - A7iv - Jan/Hauptkamera20230421_0834.MP4,0.2,0.2,3840,2160,2
01_Projekt-TikTok-Ads_April_2023,01_Projekt-TikTok-Ads_April_2023/03_Medien/01_Footage/01 Cam - A7iv - Jan/Hauptkamera20230421_0853.MP4,0.2,0.2,3840,2160,2
01_Projekt-TikTok-Ads_April_2023,01_Projekt-TikTok-Ads_April_2023/03_Medien/01_Footage/01 Cam - A7iv - Jan/Hauptkamera20230421_0845.MP4,0.2,0.2,3840,2160,2
01_Projekt-TikTok-Ads_April_2023,01_Projekt-TikTok-Ads_April_2023/03_Medien/01_Footage/01 Cam - A7iv - Jan/Hauptkamera20230421_0843.MP4,0.2,0.2,3840,2160,2
01_Projekt-TikTok-Ads_April_2023,01_Projekt-TikTok-Ads_April_2023/03_Medien/01_Footage/05 Drohne - DJI Mavic 3/DJI_0065.MOV,0.2,0.2,3840,2160,0
01_Projekt-TikTok-Ads_April_2023,01_Projekt-TikTok-Ads_April_2023/03_Medien/01_Footage/03 Cam - ZVE10 - BTS/PRIVATE/M4ROOT/CLIP/Zweitkamera20230421_0731.MP4,0.19,0.2,3840,2160,2
01_Projekt-TikTok-Ads_April_2023,01_Projekt-TikTok-Ads_April_2023/03_Medien/01_Footage/03 Cam - ZVE10 - BTS/PRIVATE/M4ROOT/CLIP/Zweitkamera20230421_0725.MP4,0.19,0.3,3840,2160,2
01_Projekt-TikTok-Ads_April_2023,01_Projekt-TikTok-Ads_April_2023/03_Medien/01_Footage/03 Cam - ZVE10 - BTS/PRIVATE/M4ROOT/CLIP/Zweitkamera20230421_0730.MP4,0.19,0.2,3840,2160,2
01_Projekt-TikTok-Ads_April_2023,01_Projekt-TikTok-Ads_April_2023/03_Medien/01_Footage/03 Cam - ZVE10 - BTS/PRIVATE/M4ROOT/CLIP/Zweitkamera20230421_0763.MP4,0.18,0.2,3840,2160,2
01_Projekt-TikTok-Ads_April_2023,01_Projekt-TikTok-Ads_April_2023/03_Medien/01_Footage/03 Cam - ZVE10 - BTS/PRIVATE/M4ROOT/CLIP/Zweitkamera20230421_0752.MP4,0.18,0.2,3840,2160,2
01_Projekt-TikTok-Ads_April_2023,01_Projekt-TikTok-Ads_April_2023/03_Medien/01_Footage/03 Cam - ZVE10 - BTS/PRIVATE/M4ROOT/CLIP/Zweitkamera20230421_0753.MP4,0.18,0.2,3840,2160,2
01_Projekt-TikTok-Ads_April_2023,01_Projekt-TikTok-Ads_April_2023/03_Medien/01_Footage/01 Cam - A7iv - Jan/Hauptkamera20230421_0911.MP4,0.17,0.1,3840,2160,2
01_Projekt-TikTok-Ads_April_2023,01_Projekt-TikTok-Ads_April_2023/03_Medien/01_Footage/01 Cam - A7iv - Jan/Hauptkamera20230421_0901.MP4,0.17,0.1,3840,2160,2
01_Projekt-TikTok-Ads_April_2023,01_Projekt-TikTok-Ads_April_2023/03_Medien/01_Footage/01 Cam - A7iv - Jan/Hauptkamera20230421_0903.MP4,0.17,0.1,3840,2160,2
01_Projekt-TikTok-Ads_April_2023,01_Projekt-TikTok-Ads_April_2023/03_Medien/01_Footage/01 Cam - A7iv - Jan/Hauptkamera20230421_0805.MP4,0.17,0.2,3840,2160,2
01_Projekt-TikTok-Ads_April_2023,01_Projekt-TikTok-Ads_April_2023/03_Medien/01_Footage/01 Cam - A7iv - Jan/Hauptkamera20230421_0839.MP4,0.17,0.1,3840,2160,2
01_Projekt-TikTok-Ads_April_2023,01_Projekt-TikTok-Ads_April_2023/03_Medien/01_Footage/01 Cam - A7iv - Jan/Hauptkamera20230421_0796.MP4,0.17,0.1,3840,2160,2
01_Projekt-TikTok-Ads_April_2023,01_Projekt-TikTok-Ads_April_2023/03_Medien/01_Footage/01 Cam - A7iv - Jan/Hauptkamera20230421_0779.MP4,0.17,0.1,3840,2160,2
01_Projekt-TikTok-Ads_April_2023,01_Projekt-TikTok-Ads_April_2023/03_Medien/01_Footage/01 Cam - A7iv - Jan/Hauptkamera20230421_0801.MP4,0.17,0.1,3840,2160,2
01_Projekt-TikTok-Ads_April_2023,01_Projekt-TikTok-Ads_April_2023/03_Medien/01_Footage/01 Cam - A7iv - Jan/Hauptkamera20230421_0819.MP4,0.17,0.1,3840,2160,2
01_Projekt-TikTok-Ads_April_2023,01_Projekt-TikTok-Ads_April_2023/03_Medien/01_Footage/01 Cam - A7iv - Jan/Hauptkamera20230421_0826.MP4,0.17,0.1,3840,2160,2
01_Projekt-TikTok-Ads_April_2023,01_Projekt-TikTok-Ads_April_2023/03_Medien/01_Footage/01 Cam - A7iv - Jan/Hauptkamera20230421_0823.MP4,0.17,0.2,3840,2160,2
01_Projekt-TikTok-Ads_April_2023,01_Projekt-TikTok-Ads_April_2023/03_Medien/01_Footage/01 Cam - A7iv - Jan/Hauptkamera20230421_0798.MP4,0.17,0.1,3840,2160,2
01_Projekt-TikTok-Ads_April_2023,01_Projekt-TikTok-Ads_April_2023/03_Medien/01_Footage/01 Cam - A7iv - Jan/Hauptkamera20230421_0808.MP4,0.17,0.2,3840,2160,2
01_Projekt-TikTok-Ads_April_2023,01_Projekt-TikTok-Ads_April_2023/03_Medien/01_Footage/01 Cam - A7iv - Jan/Hauptkamera20230421_0844.MP4,0.17,0.1,3840,2160,2
01_Projekt-TikTok-Ads_April_2023,01_Projekt-TikTok-Ads_April_2023/03_Medien/01_Footage/01 Cam - A7iv - Jan/Hauptkamera20230421_0841.MP4,0.17,0.1,3840,2160,2
01_Projekt-TikTok-Ads_April_2023,01_Projekt-TikTok-Ads_April_2023/03_Medien/01_Footage/01 Cam - A7iv - Jan/Hauptkamera20230421_0840.MP4,0.17,0.1,3840,2160,2
01_Projekt-TikTok-Ads_April_2023,01_Projekt-TikTok-Ads_April_2023/03_Medien/01_Footage/01 Cam - A7iv - Jan/Hauptkamera20230421_0842.MP4,0.17,0.1,3840,2160,2
01_Projekt-TikTok-Ads_April_2023,01_Projekt-TikTok-Ads_April_2023/03_Medien/01_Footage/05 Drohne - DJI Mavic 3/DJI_0067.MOV,0.17,0.2,3840,2160,0
01_Projekt-TikTok-Ads_April_2023,01_Projekt-TikTok-Ads_April_2023/03_Medien/01_Footage/03 Cam - ZVE10 - BTS/PRIVATE/M4ROOT/CLIP/Zweitkamera20230421_0748.MP4,0.17,0.2,3840,2160,2
01_Projekt-TikTok-Ads_April_2023,01_Projekt-TikTok-Ads_April_2023/03_Medien/01_Footage/03 Cam - ZVE10 - BTS/PRIVATE/M4ROOT/CLIP/Zweitkamera20230421_0719.MP4,0.17,0.2,3840,2160,2
01_Projekt-TikTok-Ads_April_2023,01_Projekt-TikTok-Ads_April_2023/03_Medien/01_Footage/03 Cam - ZVE10 - BTS/PRIVATE/M4ROOT/CLIP/Zweitkamera20230421_0720.MP4,0.17,0.2,3840,2160,2
01_Projekt-TikTok-Ads_April_2023,01_Projekt-TikTok-Ads_April_2023/03_Medien/01_Footage/03 Cam - ZVE10 - BTS/PRIVATE/M4ROOT/CLIP/Zweitkamera20230421_0722.MP4,0.16,0.2,3840,2160,2
01_Projekt-TikTok-Ads_April_2023,01_Projekt-TikTok-Ads_April_2023/03_Medien/01_Footage/05 Drohne - DJI Mavic 3/DJI_0064.MOV,0.15,0.1,3840,2160,0
01_Projekt-TikTok-Ads_April_2023,01_Projekt-TikTok-Ads_April_2023/03_Medien/01_Footage/03 Cam - ZVE10 - BTS/PRIVATE/M4ROOT/CLIP/Zweitkamera20230421_0766.MP4,0.15,0.2,3840,2160,2
01_Projekt-TikTok-Ads_April_2023,01_Projekt-TikTok-Ads_April_2023/03_Medien/01_Footage/03 Cam - ZVE10 - BTS/PRIVATE/M4ROOT/CLIP/Zweitkamera20230421_0750.MP4,0.15,0.2,3840,2160,2
01_Projekt-TikTok-Ads_April_2023,01_Projekt-TikTok-Ads_April_2023/03_Medien/01_Footage/03 Cam - ZVE10 - BTS/PRIVATE/M4ROOT/CLIP/Zweitkamera20230421_0743.MP4,0.15,0.2,3840,2160,2
01_Projekt-TikTok-Ads_April_2023,01_Projekt-TikTok-Ads_April_2023/03_Medien/01_Footage/03 Cam - ZVE10 - BTS/PRIVATE/M4ROOT/CLIP/Zweitkamera20230421_0724.MP4,0.15,0.2,3840,2160,2
01_Projekt-TikTok-Ads_April_2023,01_Projekt-TikTok-Ads_April_2023/03_Medien/01_Footage/01 Cam - A7iv - Jan/Hauptkamera20230421_0795.MP4,0.13,0.1,3840,2160,2
01_Projekt-TikTok-Ads_April_2023,01_Projekt-TikTok-Ads_April_2023/03_Medien/01_Footage/01 Cam - A7iv - Jan/Hauptkamera20230421_0812.MP4,0.13,0.1,3840,2160,2
01_Projekt-TikTok-Ads_April_2023,01_Projekt-TikTok-Ads_April_2023/03_Medien/01_Footage/01 Cam - A7iv - Jan/Hauptkamera20230421_0887.MP4,0.13,0.1,3840,2160,2
01_Projekt-TikTok-Ads_April_2023,01_Projekt-TikTok-Ads_April_2023/03_Medien/01_Footage/05 Drohne - DJI Mavic 3/DJI_0058.MOV,0.13,0.1,3840,2160,0
01_Projekt-TikTok-Ads_April_2023,01_Projekt-TikTok-Ads_April_2023/03_Medien/01_Footage/03 Cam - ZVE10 - BTS/PRIVATE/M4ROOT/CLIP/Zweitkamera20230421_0749.MP4,0.13,0.2,3840,2160,2
01_Projekt-TikTok-Ads_April_2023,01_Projekt-TikTok-Ads_April_2023/03_Medien/01_Footage/03 Cam - ZVE10 - BTS/PRIVATE/M4ROOT/CLIP/Zweitkamera20230421_0746.MP4,0.13,0.2,3840,2160,2
01_Projekt-TikTok-Ads_April_2023,01_Projekt-TikTok-Ads_April_2023/03_Medien/01_Footage/03 Cam - ZVE10 - BTS/PRIVATE/M4ROOT/CLIP/Zweitkamera20230421_0739.MP4,0.12,0.2,3840,2160,2
01_Projekt-TikTok-Ads_April_2023,01_Projekt-TikTok-Ads_April_2023/03_Medien/01_Footage/03 Cam - ZVE10 - BTS/PRIVATE/M4ROOT/CLIP/Zweitkamera20230421_0765.MP4,0.12,0.2,3840,2160,2
01_Projekt-TikTok-Ads_April_2023,01_Projekt-TikTok-Ads_April_2023/03_Medien/01_Footage/03 Cam - ZVE10 - BTS/PRIVATE/M4ROOT/CLIP/Zweitkamera20230421_0767.MP4,0.12,0.2,3840,2160,2
01_Projekt-TikTok-Ads_April_2023,01_Projekt-TikTok-Ads_April_2023/03_Medien/01_Footage/03 Cam - ZVE10 - BTS/PRIVATE/M4ROOT/CLIP/Zweitkamera20230421_0754.MP4,0.12,0.2,3840,2160,2
01_Projekt-TikTok-Ads_April_2023,01_Projekt-TikTok-Ads_April_2023/03_Medien/01_Footage/03 Cam - ZVE10 - BTS/PRIVATE/M4ROOT/CLIP/Zweitkamera20230421_0721.MP4,0.11,0.1,3840,2160,2
01_Projekt-TikTok-Ads_April_2023,01_Projekt-TikTok-Ads_April_2023/03_Medien/01_Footage/03 Cam - ZVE10 - BTS/PRIVATE/M4ROOT/CLIP/Zweitkamera20230421_0709.MP4,0.11,0.1,3840,2160,2
01_Projekt-TikTok-Ads_April_2023,01_Projekt-TikTok-Ads_April_2023/03_Medien/01_Footage/01 Cam - A7iv - Jan/Hauptkamera20230421_0905.MP4,0.1,0.1,3840,2160,2
01_Projekt-TikTok-Ads_April_2023,01_Projekt-TikTok-Ads_April_2023/03_Medien/01_Footage/01 Cam - A7iv - Jan/Hauptkamera20230421_0904.MP4,0.1,0.1,3840,2160,2
01_Projekt-TikTok-Ads_April_2023,01_Projekt-TikTok-Ads_April_2023/03_Medien/01_Footage/01 Cam - A7iv - Jan/Hauptkamera20230421_0910.MP4,0.1,0.1,3840,2160,2
01_Projekt-TikTok-Ads_April_2023,01_Projekt-TikTok-Ads_April_2023/03_Medien/01_Footage/01 Cam - A7iv - Jan/Hauptkamera20230421_0900.MP4,0.1,0.1,3840,2160,2
01_Projekt-TikTok-Ads_April_2023,01_Projekt-TikTok-Ads_April_2023/03_Medien/01_Footage/01 Cam - A7iv - Jan/Hauptkamera20230421_0915.MP4,0.1,0.1,3840,2160,2
01_Projekt-TikTok-Ads_April_2023,01_Projekt-TikTok-Ads_April_2023/03_Medien/01_Footage/03 Cam - ZVE10 - BTS/PRIVATE/M4ROOT/CLIP/Zweitkamera20230421_0713.MP4,0.1,0.1,3840,2160,2
01_Projekt-TikTok-Ads_April_2023,01_Projekt-TikTok-Ads_April_2023/03_Medien/01_Footage/03 Cam - ZVE10 - BTS/PRIVATE/M4ROOT/CLIP/Zweitkamera20230421_0738.MP4,0.1,0.1,3840,2160,2
01_Projekt-TikTok-Ads_April_2023,01_Projekt-TikTok-Ads_April_2023/03_Medien/01_Footage/03 Cam - ZVE10 - BTS/PRIVATE/M4ROOT/CLIP/Zweitkamera20230421_0770.MP4,0.09,0.1,3840,2160,2
01_Projekt-TikTok-Ads_April_2023,01_Projekt-TikTok-Ads_April_2023/03_Medien/01_Footage/03 Cam - ZVE10 - BTS/PRIVATE/M4ROOT/CLIP/Zweitkamera20230421_0727.MP4,0.09,0.1,3840,2160,2
01_Projekt-TikTok-Ads_April_2023,01_Projekt-TikTok-Ads_April_2023/03_Medien/01_Footage/03 Cam - ZVE10 - BTS/PRIVATE/M4ROOT/CLIP/Zweitkamera20230421_0710.MP4,0.08,0.1,3840,2160,2
01_Projekt-TikTok-Ads_April_2023,01_Projekt-TikTok-Ads_April_2023/03_Medien/01_Footage/03 Cam - ZVE10 - BTS/PRIVATE/M4ROOT/CLIP/Zweitkamera20230421_0711.MP4,0.08,0.1,3840,2160,2
01_Projekt-TikTok-Ads_April_2023,01_Projekt-TikTok-Ads_April_2023/03_Medien/01_Footage/03 Cam - ZVE10 - BTS/PRIVATE/M4ROOT/CLIP/Zweitkamera20230421_0747.MP4,0.08,0.1,3840,2160,2
01_Projekt-TikTok-Ads_April_2023,01_Projekt-TikTok-Ads_April_2023/03_Medien/01_Footage/03 Cam - ZVE10 - BTS/PRIVATE/M4ROOT/CLIP/Zweitkamera20230421_0733.MP4,0.08,0.1,3840,2160,2
01_Projekt-TikTok-Ads_April_2023,01_Projekt-TikTok-Ads_April_2023/03_Medien/01_Footage/03 Cam - ZVE10 - BTS/PRIVATE/M4ROOT/CLIP/Zweitkamera20230421_0708.MP4,0.08,0.1,3840,2160,2
01_Projekt-TikTok-Ads_April_2023,01_Projekt-TikTok-Ads_April_2023/03_Medien/01_Footage/03 Cam - ZVE10 - BTS/PRIVATE/M4ROOT/CLIP/Zweitkamera20230421_0734.MP4,0.08,0.1,3840,2160,2
01_Projekt-TikTok-Ads_April_2023,01_Projekt-TikTok-Ads_April_2023/03_Medien/01_Footage/01 Cam - A7iv - Jan/Hauptkamera20230421_0907.MP4,0.07,0.1,3840,2160,2
01_Projekt-TikTok-Ads_April_2023,01_Projekt-TikTok-Ads_April_2023/03_Medien/01_Footage/01 Cam - A7iv - Jan/Hauptkamera20230421_0783.MP4,0.07,0.0,3840,2160,2
01_Projekt-TikTok-Ads_April_2023,01_Projekt-TikTok-Ads_April_2023/03_Medien/01_Footage/01 Cam - A7iv - Jan/Hauptkamera20230421_0799.MP4,0.07,0.1,3840,2160,2
01_Projekt-TikTok-Ads_April_2023,01_Projekt-TikTok-Ads_April_2023/03_Medien/01_Footage/01 Cam - A7iv - Jan/Hauptkamera20230421_0869.MP4,0.07,0.0,3840,2160,2
01_Projekt-TikTok-Ads_April_2023,01_Projekt-TikTok-Ads_April_2023/03_Medien/01_Footage/03 Cam - ZVE10 - BTS/PRIVATE/M4ROOT/CLIP/Zweitkamera20230421_0729.MP4,0.06,0.1,3840,2160,2
01_Projekt-TikTok-Ads_April_2023,01_Projekt-TikTok-Ads_April_2023/03_Medien/01_Footage/03 Cam - ZVE10 - BTS/PRIVATE/M4ROOT/CLIP/Zweitkamera20230421_0712.MP4,0.05,0.1,3840,2160,2
01_Projekt-TikTok-Ads_April_2023,01_Projekt-TikTok-Ads_April_2023/03_Medien/01_Footage/03 Cam - ZVE10 - BTS/PRIVATE/M4ROOT/CLIP/Zweitkamera20230421_0728.MP4,0.05,0.1,3840,2160,2
01_Projekt-TikTok-Ads_April_2023,01_Projekt-TikTok-Ads_April_2023/03_Medien/01_Footage/01 Cam - A7iv - Jan/Hauptkamera20230421_0874.MP4,0.03,0.0,3840,2160,2
01_Projekt-TikTok-Ads_April_2023,01_Projekt-TikTok-Ads_April_2023/03_Medien/01_Footage/01 Cam - A7iv - Jan/Hauptkamera20230421_0811.MP4,0.03,0.0,3840,2160,2
01_Projekt-TikTok-Ads_April_2023,01_Projekt-TikTok-Ads_April_2023/03_Medien/01_Footage/01 Cam - A7iv - Jan/Hauptkamera20230421_0774.MP4,0.03,0.0,3840,2160,2
01_Projekt-TikTok-Ads_April_2023,01_Projekt-TikTok-Ads_April_2023/03_Medien/01_Footage/01 Cam - A7iv - Jan/Hauptkamera20230421_0771.MP4,0.03,0.0,3840,2160,2
01_Projekt-TikTok-Ads_April_2023,01_Projekt-TikTok-Ads_April_2023/03_Medien/01_Footage/01 Cam - A7iv - Jan/Hauptkamera20230421_0918.MP4,0.03,0.0,3840,2160,2
01_Projekt-TikTok-Ads_April_2023,01_Projekt-TikTok-Ads_April_2023/03_Medien/01_Footage/01 Cam - A7iv - Jan/Hauptkamera20230421_0896.MP4,0.03,0.0,3840,2160,2
01_Projekt-TikTok-Ads_April_2023,01_Projekt-TikTok-Ads_April_2023/03_Medien/01_Footage/01 Cam - A7iv - Jan/Hauptkamera20230421_0883.MP4,0.03,0.0,3840,2160,2
01_Projekt-TikTok-Ads_April_2023,01_Projekt-TikTok-Ads_April_2023/03_Medien/01_Footage/01 Cam - A7iv - Jan/Hauptkamera20230421_0894.MP4,0.03,0.0,3840,2160,2
01_Projekt-TikTok-Ads_April_2023,01_Projekt-TikTok-Ads_April_2023/03_Medien/01_Footage/03 Cam - ZVE10 - BTS/PRIVATE/M4ROOT/CLIP/Zweitkamera20230421_0761.MP4,0.03,0.0,3840,2160,2
01_Projekt-TikTok-Ads_April_2023,01_Projekt-TikTok-Ads_April_2023/03_Medien/01_Footage/03 Cam - ZVE10 - BTS/PRIVATE/M4ROOT/CLIP/Zweitkamera20230421_0735.MP4,0.03,0.0,3840,2160,2
01_Projekt-TikTok-Ads_April_2023,01_Projekt-TikTok-Ads_April_2023/03_Medien/01_Footage/02 Cam - A7c - Bennet/Video/C3670.MP4,0.03,0.0,3840,2160,2
01_Projekt-TikTok-Ads_April_2023,01_Projekt-TikTok-Ads_April_2023/03_Medien/01_Footage/03 Cam - ZVE10 - BTS/PRIVATE/M4ROOT/CLIP/Zweitkamera20230421_0707.MP4,0.02,0.0,3840,2160,2
01_Projekt-TikTok-Ads_April_2023,01_Projekt-TikTok-Ads_April_2023/03_Medien/01_Footage/02 Cam - A7c - Bennet/Video/C3666.MP4,0.02,0.0,3840,2160,2
01_Projekt-TikTok-Ads_April_2023,01_Projekt-TikTok-Ads_April_2023/03_Medien/01_Footage/02 Cam - A7c - Bennet/Video/C3673.MP4,0.01,0.0,3840,2160,2
02_Projekt-Ad Dreh (2025 Retainer 1:3),02_Projekt-Ad Dreh (2025 Retainer 1:3)/03_Medien/01_Footage/Mavic/DJI_0794.MOV,25.83,1.6,5120,2700,0
02_Projekt-Ad Dreh (2025 Retainer 1:3),02_Projekt-Ad Dreh (2025 Retainer 1:3)/03_Medien/01_Footage/Einzelne Videos/1.5 und 1.6 - Quiz /FX3_0345.MP4,12.82,11.9,3840,2160,2
02_Projekt-Ad Dreh (2025 Retainer 1:3),02_Projekt-Ad Dreh (2025 Retainer 1:3)/03_Medien/01_Footage/Einzelne Videos/1.5 und 1.6 - Quiz /C0248.MP4,12.55,11.5,3840,2160,2
02_Projekt-Ad Dreh (2025 Retainer 1:3),02_Projekt-Ad Dreh (2025 Retainer 1:3)/03_Medien/01_Footage/Einzelne Videos/2.1 und 2.2 - Interviews/C0252.MP4,12.08,11.0,3840,2160,2
02_Projekt-Ad Dreh (2025 Retainer 1:3),02_Projekt-Ad Dreh (2025 Retainer 1:3)/03_Medien/01_Footage/Einzelne Videos/2.1 und 2.2 - Interviews/FX3_0349.MP4,11.21,10.3,3840,2160,2
02_Projekt-Ad Dreh (2025 Retainer 1:3),02_Projekt-Ad Dreh (2025 Retainer 1:3)/03_Medien/01_Footage/Einzelne Videos/1.5 und 1.6 - Quiz /a7MK4_20250624_4814.MP4,10.34,9.5,3840,2160,2
02_Projekt-Ad Dreh (2025 Retainer 1:3),02_Projekt-Ad Dreh (2025 Retainer 1:3)/03_Medien/01_Footage/Einzelne Videos/2.1 und 2.2 - Interviews/C0250.MP4,9.26,8.5,3840,2160,2
02_Projekt-Ad Dreh (2025 Retainer 1:3),02_Projekt-Ad Dreh (2025 Retainer 1:3)/03_Medien/01_Footage/Einzelne Videos/2.1 und 2.2 - Interviews/FX3_0347.MP4,9.19,8.4,3840,2160,2
02_Projekt-Ad Dreh (2025 Retainer 1:3),02_Projekt-Ad Dreh (2025 Retainer 1:3)/03_Medien/01_Footage/Einzelne Videos/2.1 und 2.2 - Interviews/FX3_0348.MP4,8.39,7.6,3840,2160,2
02_Projekt-Ad Dreh (2025 Retainer 1:3),02_Projekt-Ad Dreh (2025 Retainer 1:3)/03_Medien/01_Footage/Einzelne Videos/2.1 und 2.2 - Interviews/C0251.MP4,8.32,7.6,3840,2160,2
02_Projekt-Ad Dreh (2025 Retainer 1:3),02_Projekt-Ad Dreh (2025 Retainer 1:3)/03_Medien/01_Footage/Mavic/DJI_0791.MOV,6.99,0.4,5120,2700,0
02_Projekt-Ad Dreh (2025 Retainer 1:3),02_Projekt-Ad Dreh (2025 Retainer 1:3)/03_Medien/01_Footage/Mavic/DJI_0792.MOV,6.78,0.4,5120,2700,0
02_Projekt-Ad Dreh (2025 Retainer 1:3),02_Projekt-Ad Dreh (2025 Retainer 1:3)/03_Medien/01_Footage/Mavic/DJI_0793.MOV,6.17,0.4,5120,2700,0
02_Projekt-Ad Dreh (2025 Retainer 1:3),02_Projekt-Ad Dreh (2025 Retainer 1:3)/03_Medien/01_Footage/Einzelne Videos/1.5 und 1.6 - Quiz /FX3_0346.MP4,5.7,5.3,3840,2160,2
02_Projekt-Ad Dreh (2025 Retainer 1:3),02_Projekt-Ad Dreh (2025 Retainer 1:3)/03_Medien/01_Footage/Einzelne Videos/1.5 und 1.6 - Quiz /C0249.MP4,4.97,4.5,3840,2160,2
02_Projekt-Ad Dreh (2025 Retainer 1:3),02_Projekt-Ad Dreh (2025 Retainer 1:3)/03_Medien/01_Footage/Einzelne Videos/1.5 und 1.6 - Quiz /a7MK4_20250624_4815.MP4,4.9,4.5,3840,2160,2
02_Projekt-Ad Dreh (2025 Retainer 1:3),02_Projekt-Ad Dreh (2025 Retainer 1:3)/03_Medien/01_Footage/Avata/DJI_20250624150951_0003_D.MP4,3.27,3.5,3840,2880,0
02_Projekt-Ad Dreh (2025 Retainer 1:3),"02_Projekt-Ad Dreh (2025 Retainer 1:3)/03_Medien/01_Footage/Einzelne Videos/1.2 - ""E-POWER"" Ein Tag als Azubi bei MAN/C0245.MP4",2.48,1.6,3840,2160,2
02_Projekt-Ad Dreh (2025 Retainer 1:3),02_Projekt-Ad Dreh (2025 Retainer 1:3)/03_Medien/01_Footage/Einzelne Videos/3.1 - Bernd (Hook-Hund)/FX3_4714.MP4,2.22,1.4,3840,2160,2
02_Projekt-Ad Dreh (2025 Retainer 1:3),02_Projekt-Ad Dreh (2025 Retainer 1:3)/03_Medien/01_Footage/Einzelne Videos/1.5 und 1.6 - Quiz /a7MK4_20250624_4813.MP4,2.01,1.8,3840,2160,2
02_Projekt-Ad Dreh (2025 Retainer 1:3),02_Projekt-Ad Dreh (2025 Retainer 1:3)/03_Medien/01_Footage/Einzelne Videos/Allgemeine B-Roll/Schweißen und Flexxen/C0279.MP4,1.81,1.1,3840,2160,2
02_Projekt-Ad Dreh (2025 Retainer 1:3),"02_Projekt-Ad Dreh (2025 Retainer 1:3)/03_Medien/01_Footage/Einzelne Videos/1.2 - ""E-POWER"" Ein Tag als Azubi bei MAN/FX3_0333.MP4",1.75,1.1,3840,2160,2
02_Projekt-Ad Dreh (2025 Retainer 1:3),"02_Projekt-Ad Dreh (2025 Retainer 1:3)/03_Medien/01_Footage/Einzelne Videos/1.1 - ""HEAVY LIFTING"" Ein Tag als Azubi bei MAN/FX3_0253.MP4",1.68,1.5,3840,2160,2
02_Projekt-Ad Dreh (2025 Retainer 1:3),02_Projekt-Ad Dreh (2025 Retainer 1:3)/03_Medien/01_Footage/Einzelne Videos/Allgemeine B-Roll/LKW Fahren + anheben/C0226.MP4,1.68,1.0,3840,2160,2
02_Projekt-Ad Dreh (2025 Retainer 1:3),02_Projekt-Ad Dreh (2025 Retainer 1:3)/03_Medien/01_Footage/Einzelne Videos/Allgemeine B-Roll/LKW Fahren + anheben/FX3_0323.MP4,1.54,1.0,3840,2160,2
02_Projekt-Ad Dreh (2025 Retainer 1:3),02_Projekt-Ad Dreh (2025 Retainer 1:3)/03_Medien/01_Footage/Einzelne Videos/Allgemeine B-Roll/LKW Fahren + anheben/C0230.MP4,1.54,0.9,3840,2160,2
02_Projekt-Ad Dreh (2025 Retainer 1:3),02_Projekt-Ad Dreh (2025 Retainer 1:3)/03_Medien/01_Footage/Einzelne Videos/Allgemeine B-Roll/LKW Fahren + anheben/FX3_0313.MP4,1.48,1.3,3840,2160,2
02_Projekt-Ad Dreh (2025 Retainer 1:3),02_Projekt-Ad Dreh (2025 Retainer 1:3)/03_Medien/01_Footage/Einzelne Videos/Allgemeine B-Roll/LKW Fahren + anheben/FX3_0315.MP4,1.41,1.2,3840,2160,2
02_Projekt-Ad Dreh (2025 Retainer 1:3),02_Projekt-Ad Dreh (2025 Retainer 1:3)/03_Medien/01_Footage/Einzelne Videos/Allgemeine B-Roll/LKW Fahren + anheben/FX3_0322.MP4,1.41,0.9,3840,2160,2
02_Projekt-Ad Dreh (2025 Retainer 1:3),02_Projekt-Ad Dreh (2025 Retainer 1:3)/03_Medien/01_Footage/Einzelne Videos/Allgemeine B-Roll/Werkstatt B-Roll/C0212.MP4,1.41,0.9,3840,2160,2
02_Projekt-Ad Dreh (2025 Retainer 1:3),02_Projekt-Ad Dreh (2025 Retainer 1:3)/03_Medien/02_Assets/05_Sonstiges/Quiz2Overlay_V1.mov,1.37,0.9,2160,3840,0
02_Projekt-Ad Dreh (2025 Retainer 1:3),02_Projekt-Ad Dreh (2025 Retainer 1:3)/03_Medien/02_Assets/05_Sonstiges/2282f522-5f58-4a5a-b8af-f0e1497ea7c7.mov,1.35,0.9,2160,3840,0
02_Projekt-Ad Dreh (2025 Retainer 1:3),02_Projekt-Ad Dreh (2025 Retainer 1:3)/03_Medien/01_Footage/Einzelne Videos/2.3 - Verschiedene Kleidung/C0288.MP4,1.34,0.8,3840,2160,2
02_Projekt-Ad Dreh (2025 Retainer 1:3),02_Projekt-Ad Dreh (2025 Retainer 1:3)/03_Medien/01_Footage/Einzelne Videos/Allgemeine B-Roll/Werkstatt B-Roll/C0196.MP4,1.34,0.8,3840,2160,2
02_Projekt-Ad Dreh (2025 Retainer 1:3),"02_Projekt-Ad Dreh (2025 Retainer 1:3)/03_Medien/01_Footage/Einzelne Videos/1.2 - ""E-POWER"" Ein Tag als Azubi bei MAN/FX3_0339.MP4",1.28,0.8,3840,2160,2
02_Projekt-Ad Dreh (2025 Retainer 1:3),02_Projekt-Ad Dreh (2025 Retainer 1:3)/03_Medien/01_Footage/Einzelne Videos/1.3 - Chiropraktiker bei MAN/FX3_0295.MP4,1.28,1.2,3840,2160,2
02_Projekt-Ad Dreh (2025 Retainer 1:3),02_Projekt-Ad Dreh (2025 Retainer 1:3)/03_Medien/01_Footage/Einzelne Videos/Allgemeine B-Roll/Werkstatt B-Roll/C0211.MP4,1.28,0.8,3840,2160,2
02_Projekt-Ad Dreh (2025 Retainer 1:3),02_Projekt-Ad Dreh (2025 Retainer 1:3)/03_Medien/01_Footage/Einzelne Videos/2.3 - Verschiedene Kleidung/C0287.MP4,1.21,0.7,3840,2160,2
02_Projekt-Ad Dreh (2025 Retainer 1:3),02_Projekt-Ad Dreh (2025 Retainer 1:3)/03_Medien/01_Footage/Einzelne Videos/Allgemeine B-Roll/LKW Fahren + anheben/FX3_0324.MP4,1.21,0.8,3840,2160,2
02_Projekt-Ad Dreh (2025 Retainer 1:3),02_Projekt-Ad Dreh (2025 Retainer 1:3)/03_Medien/01_Footage/Einzelne Videos/Allgemeine B-Roll/Werkstatt B-Roll/C0291.MP4,1.21,0.8,3840,2160,2
02_Projekt-Ad Dreh (2025 Retainer 1:3),"02_Projekt-Ad Dreh (2025 Retainer 1:3)/03_Medien/01_Footage/Einzelne Videos/1.2 - ""E-POWER"" Ein Tag als Azubi bei MAN/C0124.MP4",1.14,0.7,3840,2160,2
02_Projekt-Ad Dreh (2025 Retainer 1:3),"02_Projekt-Ad Dreh (2025 Retainer 1:3)/03_Medien/01_Footage/Einzelne Videos/1.2 - ""E-POWER"" Ein Tag als Azubi bei MAN/C0240.MP4",1.07,0.7,3840,2160,2
02_Projekt-Ad Dreh (2025 Retainer 1:3),02_Projekt-Ad Dreh (2025 Retainer 1:3)/03_Medien/01_Footage/Einzelne Videos/2.3 - Verschiedene Kleidung/FX3_4686.MP4,1.07,0.7,3840,2160,2
02_Projekt-Ad Dreh (2025 Retainer 1:3),02_Projekt-Ad Dreh (2025 Retainer 1:3)/03_Medien/01_Footage/Einzelne Videos/2.3 - Verschiedene Kleidung/FX3_4687.MP4,1.07,0.7,3840,2160,2
02_Projekt-Ad Dreh (2025 Retainer 1:3),02_Projekt-Ad Dreh (2025 Retainer 1:3)/03_Medien/01_Footage/Einzelne Videos/1.3 - Chiropraktiker bei MAN/FX3_0268.MP4,1.01,0.6,3840,2160,2
02_Projekt-Ad Dreh (2025 Retainer 1:3),02_Projekt-Ad Dreh (2025 Retainer 1:3)/03_Medien/01_Footage/Einzelne Videos/1.3 - Chiropraktiker bei MAN/C0169.MP4,1.01,0.6,3840,2160,2
02_Projekt-Ad Dreh (2025 Retainer 1:3),02_Projekt-Ad Dreh (2025 Retainer 1:3)/03_Medien/01_Footage/Einzelne Videos/Allgemeine B-Roll/Schweißen und Flexxen/C0286.MP4,1.01,0.6,3840,2160,2
02_Projekt-Ad Dreh (2025 Retainer 1:3),"02_Projekt-Ad Dreh (2025 Retainer 1:3)/03_Medien/01_Footage/Einzelne Videos/1.1 - ""HEAVY LIFTING"" Ein Tag als Azubi bei MAN/C0153.MP4",0.94,0.6,3840,2160,2
02_Projekt-Ad Dreh (2025 Retainer 1:3),02_Projekt-Ad Dreh (2025 Retainer 1:3)/03_Medien/01_Footage/Einzelne Videos/1.3 - Chiropraktiker bei MAN/FX3_0267.MP4,0.94,0.6,3840,2160,2
02_Projekt-Ad Dreh (2025 Retainer 1:3),02_Projekt-Ad Dreh (2025 Retainer 1:3)/03_Medien/01_Footage/Einzelne Videos/1.3 - Chiropraktiker bei MAN/FX3_0303.MP4,0.94,0.8,3840,2160,2
02_Projekt-Ad Dreh (2025 Retainer 1:3),02_Projekt-Ad Dreh (2025 Retainer 1:3)/03_Medien/01_Footage/Einzelne Videos/1.3 - Chiropraktiker bei MAN/FX3_0304.MP4,0.94,0.8,3840,2160,2
02_Projekt-Ad Dreh (2025 Retainer 1:3),02_Projekt-Ad Dreh (2025 Retainer 1:3)/03_Medien/01_Footage/Einzelne Videos/2.3 - Verschiedene Kleidung/C0289.MP4,0.94,0.6,3840,2160,2
02_Projekt-Ad Dreh (2025 Retainer 1:3),02_Projekt-Ad Dreh (2025 Retainer 1:3)/03_Medien/01_Footage/Einzelne Videos/Allgemeine B-Roll/Werkstatt B-Roll/FX3_4657.MP4,0.94,0.8,3840,2160,2
02_Projekt-Ad Dreh (2025 Retainer 1:3),02_Projekt-Ad Dreh (2025 Retainer 1:3)/03_Medien/02_Assets/05_Sonstiges/Quiz 1.5 Overlay.mov,0.89,1.2,2160,3840,0
02_Projekt-Ad Dreh (2025 Retainer 1:3),02_Projekt-Ad Dreh (2025 Retainer 1:3)/03_Medien/01_Footage/Einzelne Videos/Allgemeine B-Roll/LKW Fahren + anheben/FX3_0319.MP4,0.87,0.5,3840,2160,2
02_Projekt-Ad Dreh (2025 Retainer 1:3),02_Projekt-Ad Dreh (2025 Retainer 1:3)/03_Medien/01_Footage/Einzelne Videos/Allgemeine B-Roll/Werkstatt B-Roll/C0185.MP4,0.87,0.5,3840,2160,2
02_Projekt-Ad Dreh (2025 Retainer 1:3),02_Projekt-Ad Dreh (2025 Retainer 1:3)/03_Medien/01_Footage/Einzelne Videos/Allgemeine B-Roll/Werkstatt B-Roll/C0213.MP4,0.87,0.5,3840,2160,2
02_Projekt-Ad Dreh (2025 Retainer 1:3),02_Projekt-Ad Dreh (2025 Retainer 1:3)/03_Medien/01_Footage/Einzelne Videos/Allgemeine B-Roll/Exo Skelett und Bühne heben/C0141.MP4,0.87,0.5,3840,2160,2
02_Projekt-Ad Dreh (2025 Retainer 1:3),"02_Projekt-Ad Dreh (2025 Retainer 1:3)/03_Medien/01_Footage/Einzelne Videos/1.2 - ""E-POWER"" Ein Tag als Azubi bei MAN/C0122.MP4",0.81,0.5,3840,2160,2
02_Projekt-Ad Dreh (2025 Retainer 1:3),"02_Projekt-Ad Dreh (2025 Retainer 1:3)/03_Medien/01_Footage/Einzelne Videos/1.2 - ""E-POWER"" Ein Tag als Azubi bei MAN/C0254.MP4",0.81,0.7,3840,2160,2
02_Projekt-Ad Dreh (2025 Retainer 1:3),"02_Projekt-Ad Dreh (2025 Retainer 1:3)/03_Medien/01_Footage/Einzelne Videos/1.2 - ""E-POWER"" Ein Tag als Azubi bei MAN/C0244.MP4",0.81,0.5,3840,2160,2
02_Projekt-Ad Dreh (2025 Retainer 1:3),02_Projekt-Ad Dreh (2025 Retainer 1:3)/03_Medien/01_Footage/Einzelne Videos/1.3 - Chiropraktiker bei MAN/FX3_0269.MP4,0.81,0.5,3840,2160,2
02_Projekt-Ad Dreh (2025 Retainer 1:3),"02_Projekt-Ad Dreh (2025 Retainer 1:3)/03_Medien/01_Footage/Einzelne Videos/1.1 - ""HEAVY LIFTING"" Ein Tag als Azubi bei MAN/FX3_0255.MP4",0.74,0.4,3840,2160,2
02_Projekt-Ad Dreh (2025 Retainer 1:3),02_Projekt-Ad Dreh (2025 Retainer 1:3)/03_Medien/01_Footage/Einzelne Videos/2.3 - Verschiedene Kleidung/FX3_4719.MP4,0.74,0.5,3840,2160,2
02_Projekt-Ad Dreh (2025 Retainer 1:3),02_Projekt-Ad Dreh (2025 Retainer 1:3)/03_Medien/01_Footage/Einzelne Videos/3.3 - Bernd (Handstand)/FX3_4718.MP4,0.74,0.6,3840,2160,2
02_Projekt-Ad Dreh (2025 Retainer 1:3),02_Projekt-Ad Dreh (2025 Retainer 1:3)/03_Medien/01_Footage/Avata/DJI_20250624150813_0001_D.MP4,0.68,0.7,3840,2880,0
02_Projekt-Ad Dreh (2025 Retainer 1:3),"02_Projekt-Ad Dreh (2025 Retainer 1:3)/03_Medien/01_Footage/Einzelne Videos/1.1 - ""HEAVY LIFTING"" Ein Tag als Azubi bei MAN/FX3_0252.MP4",0.67,0.4,3840,2160,2
02_Projekt-Ad Dreh (2025 Retainer 1:3),"02_Projekt-Ad Dreh (2025 Retainer 1:3)/03_Medien/01_Footage/Einzelne Videos/1.2 - ""E-POWER"" Ein Tag als Azubi bei MAN/C0260.MP4",0.67,0.4,3840,2160,2
02_Projekt-Ad Dreh (2025 Retainer 1:3),"02_Projekt-Ad Dreh (2025 Retainer 1:3)/03_Medien/01_Footage/Einzelne Videos/1.2 - ""E-POWER"" Ein Tag als Azubi bei MAN/C0241.MP4",0.67,0.4,3840,2160,2
02_Projekt-Ad Dreh (2025 Retainer 1:3),02_Projekt-Ad Dreh (2025 Retainer 1:3)/03_Medien/01_Footage/Einzelne Videos/1.4 - Kamera weitergeben/FX3_4682.MP4,0.67,0.6,3840,2160,2
02_Projekt-Ad Dreh (2025 Retainer 1:3),02_Projekt-Ad Dreh (2025 Retainer 1:3)/03_Medien/01_Footage/Einzelne Videos/2.3 - Verschiedene Kleidung/FX3_4853.MP4,0.67,0.4,3840,2160,2
02_Projekt-Ad Dreh (2025 Retainer 1:3),02_Projekt-Ad Dreh (2025 Retainer 1:3)/03_Medien/01_Footage/Einzelne Videos/Allgemeine B-Roll/Werkstatt B-Roll/FX3_4666.MP4,0.67,0.4,3840,2160,2
02_Projekt-Ad Dreh (2025 Retainer 1:3),02_Projekt-Ad Dreh (2025 Retainer 1:3)/03_Medien/01_Footage/Einzelne Videos/Allgemeine B-Roll/Werkstatt B-Roll/FX3_4875.MP4,0.67,0.6,3840,2160,2
02_Projekt-Ad Dreh (2025 Retainer 1:3),02_Projekt-Ad Dreh (2025 Retainer 1:3)/03_Medien/02_Assets/06_CTA/CTA_V3.mov,0.66,0.2,2160,3840,0
02_Projekt-Ad Dreh (2025 Retainer 1:3),"02_Projekt-Ad Dreh (2025 Retainer 1:3)/03_Medien/01_Footage/Einzelne Videos/1.1 - ""HEAVY LIFTING"" Ein Tag als Azubi bei MAN/FX3_0248.MP4",0.6,0.4,3840,2160,2
02_Projekt-Ad Dreh (2025 Retainer 1:3),"02_Projekt-Ad Dreh (2025 Retainer 1:3)/03_Medien/01_Footage/Einzelne Videos/1.1 - ""HEAVY LIFTING"" Ein Tag als Azubi bei MAN/C0151.MP4",0.6,0.4,3840,2160,2
02_Projekt-Ad Dreh (2025 Retainer 1:3),"02_Projekt-Ad Dreh (2025 Retainer 1:3)/03_Medien/01_Footage/Einzelne Videos/1.2 - ""E-POWER"" Ein Tag als Azubi bei MAN/FX3_4661.MP4",0.6,0.4,3840,2160,2
02_Projekt-Ad Dreh (2025 Retainer 1:3),"02_Projekt-Ad Dreh (2025 Retainer 1:3)/03_Medien/01_Footage/Einzelne Videos/1.2 - ""E-POWER"" Ein Tag als Azubi bei MAN/FX3_4662.MP4",0.6,0.4,3840,2160,2
02_Projekt-Ad Dreh (2025 Retainer 1:3),"02_Projekt-Ad Dreh (2025 Retainer 1:3)/03_Medien/01_Footage/Einzelne Videos/1.2 - ""E-POWER"" Ein Tag als Azubi bei MAN/C0239.MP4",0.6,0.4,3840,2160,2
02_Projekt-Ad Dreh (2025 Retainer 1:3),02_Projekt-Ad Dreh (2025 Retainer 1:3)/03_Medien/01_Footage/Einzelne Videos/1.3 - Chiropraktiker bei MAN/FX3_0266.MP4,0.6,0.4,3840,2160,2
02_Projekt-Ad Dreh (2025 Retainer 1:3),02_Projekt-Ad Dreh (2025 Retainer 1:3)/03_Medien/01_Footage/Einzelne Videos/3.2 - Bernd (Hook-Hose)/FX3_4716.MP4,0.6,0.5,3840,2160,2
02_Projekt-Ad Dreh (2025 Retainer 1:3),02_Projekt-Ad Dreh (2025 Retainer 1:3)/03_Medien/01_Footage/Einzelne Videos/Allgemeine B-Roll/Schweißen und Flexxen/C0283.MP4,0.6,0.4,3840,2160,2
02_Projekt-Ad Dreh (2025 Retainer 1:3),02_Projekt-Ad Dreh (2025 Retainer 1:3)/03_Medien/01_Footage/Einzelne Videos/Allgemeine B-Roll/Werkstatt B-Roll/FX3_4861.MP4,0.6,0.4,3840,2160,2
02_Projekt-Ad Dreh (2025 Retainer 1:3),02_Projekt-Ad Dreh (2025 Retainer 1:3)/03_Medien/01_Footage/Einzelne Videos/Allgemeine B-Roll/Werkstatt B-Roll/C0315.MP4,0.6,0.4,3840,2160,2
02_Projekt-Ad Dreh (2025 Retainer 1:3),02_Projekt-Ad Dreh (2025 Retainer 1:3)/03_Medien/02_Assets/05_Sonstiges/69f47f90-42aa-4ea5-aace-360c1bfae4bd.mov,0.57,0.9,2160,3840,0
02_Projekt-Ad Dreh (2025 Retainer 1:3),02_Projekt-Ad Dreh (2025 Retainer 1:3)/03_Medien/02_Assets/05_Sonstiges/Interview2.mov,0.56,0.9,2160,3840,0
02_Projekt-Ad Dreh (2025 Retainer 1:3),02_Projekt-Ad Dreh (2025 Retainer 1:3)/03_Medien/01_Footage/Einzelne Videos/1.5 und 1.6 - Quiz /Proxy/FX3_0345.mov,0.56,11.9,1080,1920,2
02_Projekt-Ad Dreh (2025 Retainer 1:3),"02_Projekt-Ad Dreh (2025 Retainer 1:3)/03_Medien/01_Footage/Einzelne Videos/1.1 - ""HEAVY LIFTING"" Ein Tag als Azubi bei MAN/FX3_0257.MP4",0.54,0.3,3840,2160,2
02_Projekt-Ad Dreh (2025 Retainer 1:3),"02_Projekt-Ad Dreh (2025 Retainer 1:3)/03_Medien/01_Footage/Einzelne Videos/1.1 - ""HEAVY LIFTING"" Ein Tag als Azubi bei MAN/C0148.MP4",0.54,0.3,3840,2160,2
02_Projekt-Ad Dreh (2025 Retainer 1:3),"02_Projekt-Ad Dreh (2025 Retainer 1:3)/03_Medien/01_Footage/Einzelne Videos/1.2 - ""E-POWER"" Ein Tag als Azubi bei MAN/FX3_0330.MP4",0.54,0.3,3840,2160,2
02_Projekt-Ad Dreh (2025 Retainer 1:3),02_Projekt-Ad Dreh (2025 Retainer 1:3)/03_Medien/01_Footage/Einzelne Videos/1.3 - Chiropraktiker bei MAN/FX3_0300.MP4,0.54,0.5,3840,2160,2
02_Projekt-Ad Dreh (2025 Retainer 1:3),02_Projekt-Ad Dreh (2025 Retainer 1:3)/03_Medien/01_Footage/Einzelne Videos/1.3 - Chiropraktiker bei MAN/C0156.MP4,0.54,0.3,3840,2160,2
02_Projekt-Ad Dreh (2025 Retainer 1:3),02_Projekt-Ad Dreh (2025 Retainer 1:3)/03_Medien/01_Footage/Einzelne Videos/3.2 - Bernd (Hook-Hose)/FX3_4715.MP4,0.54,0.5,3840,2160,2
02_Projekt-Ad Dreh (2025 Retainer 1:3),02_Projekt-Ad Dreh (2025 Retainer 1:3)/03_Medien/01_Footage/Einzelne Videos/Allgemeine B-Roll/LKW Fahren + anheben/C0234.MP4,0.54,0.3,3840,2160,2
02_Projekt-Ad Dreh (2025 Retainer 1:3),02_Projekt-Ad Dreh (2025 Retainer 1:3)/03_Medien/01_Footage/Einzelne Videos/Allgemeine B-Roll/Schweißen und Flexxen/FX3_4693.MP4,0.54,0.3,3840,2160,2
02_Projekt-Ad Dreh (2025 Retainer 1:3),02_Projekt-Ad Dreh (2025 Retainer 1:3)/03_Medien/01_Footage/Einzelne Videos/Allgemeine B-Roll/Schweißen und Flexxen/FX3_4696.MP4,0.54,0.3,3840,2160,2
02_Projekt-Ad Dreh (2025 Retainer 1:3),02_Projekt-Ad Dreh (2025 Retainer 1:3)/03_Medien/01_Footage/Einzelne Videos/Allgemeine B-Roll/Schweißen und Flexxen/C0276.MP4,0.54,0.3,3840,2160,2
02_Projekt-Ad Dreh (2025 Retainer 1:3),02_Projekt-Ad Dreh (2025 Retainer 1:3)/03_Medien/01_Footage/Einzelne Videos/Allgemeine B-Roll/Schweißen und Flexxen/C0277.MP4,0.54,0.3,3840,2160,2
02_Projekt-Ad Dreh (2025 Retainer 1:3),02_Projekt-Ad Dreh (2025 Retainer 1:3)/03_Medien/01_Footage/Einzelne Videos/Allgemeine B-Roll/Werkstatt B-Roll/FX3_4860.MP4,0.54,0.3,3840,2160,2
02_Projekt-Ad Dreh (2025 Retainer 1:3),02_Projekt-Ad Dreh (2025 Retainer 1:3)/03_Medien/01_Footage/Einzelne Videos/Allgemeine B-Roll/Werkstatt B-Roll/FX3_4864.MP4,0.54,0.3,3840,2160,2
02_Projekt-Ad Dreh (2025 Retainer 1:3),02_Projekt-Ad Dreh (2025 Retainer 1:3)/03_Medien/01_Footage/Einzelne Videos/Allgemeine B-Roll/Werkstatt B-Roll/FX3_4877.MP4,0.54,0.4,3840,2160,2
02_Projekt-Ad Dreh (2025 Retainer 1:3),02_Projekt-Ad Dreh (2025 Retainer 1:3)/03_Medien/01_Footage/Einzelne Videos/Allgemeine B-Roll/Exo Skelett und Bühne heben/C0138.MP4,0.54,0.3,3840,2160,2
02_Projekt-Ad Dreh (2025 Retainer 1:3),02_Projekt-Ad Dreh (2025 Retainer 1:3)/03_Medien/01_Footage/Einzelne Videos/1.5 und 1.6 - Quiz /Proxy/C0248.mov,0.54,11.5,1080,1920,2
02_Projekt-Ad Dreh (2025 Retainer 1:3),02_Projekt-Ad Dreh (2025 Retainer 1:3)/03_Medien/01_Footage/Einzelne Videos/2.1 und 2.2 - Interviews/Proxy/C0252.mov,0.52,11.0,1080,1920,2
02_Projekt-Ad Dreh (2025 Retainer 1:3),02_Projekt-Ad Dreh (2025 Retainer 1:3)/03_Medien/01_Footage/Einzelne Videos/2.1 und 2.2 - Interviews/Proxy/FX3_0349.mov,0.49,10.3,1080,1920,2
02_Projekt-Ad Dreh (2025 Retainer 1:3),"02_Projekt-Ad Dreh (2025 Retainer 1:3)/03_Medien/01_Footage/Einzelne Videos/1.2 - ""E-POWER"" Ein Tag als Azubi bei MAN/FX3_4658.MP4",0.47,0.3,3840,2160,2
02_Projekt-Ad Dreh (2025 Retainer 1:3),"02_Projekt-Ad Dreh (2025 Retainer 1:3)/03_Medien/01_Footage/Einzelne Videos/1.2 - ""E-POWER"" Ein Tag als Azubi bei MAN/FX3_0327.MP4",0.47,0.3,3840,2160,2
02_Projekt-Ad Dreh (2025 Retainer 1:3),"02_Projekt-Ad Dreh (2025 Retainer 1:3)/03_Medien/01_Footage/Einzelne Videos/1.2 - ""E-POWER"" Ein Tag als Azubi bei MAN/FX3_0328.MP4",0.47,0.3,3840,2160,2
02_Projekt-Ad Dreh (2025 Retainer 1:3),"02_Projekt-Ad Dreh (2025 Retainer 1:3)/03_Medien/01_Footage/Einzelne Videos/1.2 - ""E-POWER"" Ein Tag als Azubi bei MAN/C0261.MP4",0.47,0.3,3840,2160,2
02_Projekt-Ad Dreh (2025 Retainer 1:3),"02_Projekt-Ad Dreh (2025 Retainer 1:3)/03_Medien/01_Footage/Einzelne Videos/1.2 - ""E-POWER"" Ein Tag als Azubi bei MAN/C0258.MP4",0.47,0.3,3840,2160,2
02_Projekt-Ad Dreh (2025 Retainer 1:3),02_Projekt-Ad Dreh (2025 Retainer 1:3)/03_Medien/01_Footage/Einzelne Videos/1.3 - Chiropraktiker bei MAN/C0158.MP4,0.47,0.3,3840,2160,2
02_Projekt-Ad Dreh (2025 Retainer 1:3),02_Projekt-Ad Dreh (2025 Retainer 1:3)/03_Medien/01_Footage/Einzelne Videos/1.3 - Chiropraktiker bei MAN/C0163.MP4,0.47,0.3,3840,2160,2
02_Projekt-Ad Dreh (2025 Retainer 1:3),02_Projekt-Ad Dreh (2025 Retainer 1:3)/03_Medien/01_Footage/Einzelne Videos/3.3 - Bernd (Handstand)/FX3_4717.MP4,0.47,0.4,3840,2160,2
02_Projekt-Ad Dreh (2025 Retainer 1:3),02_Projekt-Ad Dreh (2025 Retainer 1:3)/03_Medien/01_Footage/Einzelne Videos/Allgemeine B-Roll/LKW Fahren + anheben/C0227.MP4,0.47,0.3,3840,2160,2
02_Projekt-Ad Dreh (2025 Retainer 1:3),02_Projekt-Ad Dreh (2025 Retainer 1:3)/03_Medien/01_Footage/Einzelne Videos/Allgemeine B-Roll/LKW Fahren + anheben/C0216.MP4,0.47,0.3,3840,2160,2
02_Projekt-Ad Dreh (2025 Retainer 1:3),02_Projekt-Ad Dreh (2025 Retainer 1:3)/03_Medien/01_Footage/Einzelne Videos/Allgemeine B-Roll/Werkstatt B-Roll/FX3_4863.MP4,0.47,0.3,3840,2160,2
02_Projekt-Ad Dreh (2025 Retainer 1:3),02_Projekt-Ad Dreh (2025 Retainer 1:3)/03_Medien/01_Footage/Einzelne Videos/Allgemeine B-Roll/Werkstatt B-Roll/C0186.MP4,0.47,0.3,3840,2160,2
02_Projekt-Ad Dreh (2025 Retainer 1:3),02_Projekt-Ad Dreh (2025 Retainer 1:3)/03_Medien/01_Footage/Einzelne Videos/1.5 und 1.6 - Quiz /Proxy/a7MK4_20250624_4814.mov,0.45,9.5,1080,1920,2
02_Projekt-Ad Dreh (2025 Retainer 1:3),02_Projekt-Ad Dreh (2025 Retainer 1:3)/04_Exportiert/1.5 - Quiz Teil 1/1.5 - Quiz_V1.mp4,0.43,1.2,2160,3840,2
02_Projekt-Ad Dreh (2025 Retainer 1:3),"02_Projekt-Ad Dreh (2025 Retainer 1:3)/03_Medien/01_Footage/Einzelne Videos/1.1 - ""HEAVY LIFTING"" Ein Tag als Azubi bei MAN/FX3_0249.MP4",0.4,0.2,3840,2160,2
02_Projekt-Ad Dreh (2025 Retainer 1:3),"02_Projekt-Ad Dreh (2025 Retainer 1:3)/03_Medien/01_Footage/Einzelne Videos/1.1 - ""HEAVY LIFTING"" Ein Tag als Azubi bei MAN/FX3_0260.MP4",0.4,0.2,3840,2160,2
02_Projekt-Ad Dreh (2025 Retainer 1:3),"02_Projekt-Ad Dreh (2025 Retainer 1:3)/03_Medien/01_Footage/Einzelne Videos/1.2 - ""E-POWER"" Ein Tag als Azubi bei MAN/FX3_4663.MP4",0.4,0.2,3840,2160,2
02_Projekt-Ad Dreh (2025 Retainer 1:3),"02_Projekt-Ad Dreh (2025 Retainer 1:3)/03_Medien/01_Footage/Einzelne Videos/1.2 - ""E-POWER"" Ein Tag als Azubi bei MAN/FX3_4664.MP4",0.4,0.2,3840,2160,2
02_Projekt-Ad Dreh (2025 Retainer 1:3),"02_Projekt-Ad Dreh (2025 Retainer 1:3)/03_Medien/01_Footage/Einzelne Videos/1.2 - ""E-POWER"" Ein Tag als Azubi bei MAN/FX3_0332.MP4",0.4,0.2,3840,2160,2
02_Projekt-Ad Dreh (2025 Retainer 1:3),"02_Projekt-Ad Dreh (2025 Retainer 1:3)/03_Medien/01_Footage/Einzelne Videos/1.2 - ""E-POWER"" Ein Tag als Azubi bei MAN/FX3_0338.MP4",0.4,0.2,3840,2160,2
02_Projekt-Ad Dreh (2025 Retainer 1:3),"02_Projekt-Ad Dreh (2025 Retainer 1:3)/03_Medien/01_Footage/Einzelne Videos/1.2 - ""E-POWER"" Ein Tag als Azubi bei MAN/C0116.MP4",0.4,0.2,3840,2160,2
02_Projekt-Ad Dreh (2025 Retainer 1:3),02_Projekt-Ad Dreh (2025 Retainer 1:3)/03_Medien/01_Footage/Einzelne Videos/1.3 - Chiropraktiker bei MAN/C0154.MP4,0.4,0.2,3840,2160,2
02_Projekt-Ad Dreh (2025 Retainer 1:3),02_Projekt-Ad Dreh (2025 Retainer 1:3)/03_Medien/01_Footage/Einzelne Videos/1.4 - Kamera weitergeben/FX3_4668.MP4,0.4,0.3,3840,2160,2
02_Projekt-Ad Dreh (2025 Retainer 1:3),02_Projekt-Ad Dreh (2025 Retainer 1:3)/03_Medien/01_Footage/Einzelne Videos/1.4 - Kamera weitergeben/FX3_4671.MP4,0.4,0.3,3840,2160,2
02_Projekt-Ad Dreh (2025 Retainer 1:3),02_Projekt-Ad Dreh (2025 Retainer 1:3)/03_Medien/01_Footage/Einzelne Videos/1.4 - Kamera weitergeben/FX3_4678.MP4,0.4,0.3,3840,2160,2
02_Projekt-Ad Dreh (2025 Retainer 1:3),02_Projekt-Ad Dreh (2025 Retainer 1:3)/03_Medien/01_Footage/Einzelne Videos/Allgemeine B-Roll/LKW Fahren + anheben/FX3_0321.MP4,0.4,0.2,3840,2160,2
02_Projekt-Ad Dreh (2025 Retainer 1:3),02_Projekt-Ad Dreh (2025 Retainer 1:3)/03_Medien/01_Footage/Einzelne Videos/Allgemeine B-Roll/LKW Fahren + anheben/FX3_0325.MP4,0.4,0.2,3840,2160,2
02_Projekt-Ad Dreh (2025 Retainer 1:3),02_Projekt-Ad Dreh (2025 Retainer 1:3)/03_Medien/01_Footage/Einzelne Videos/Allgemeine B-Roll/Schweißen und Flexxen/FX3_4694.MP4,0.4,0.2,3840,2160,2
02_Projekt-Ad Dreh (2025 Retainer 1:3),02_Projekt-Ad Dreh (2025 Retainer 1:3)/03_Medien/01_Footage/Einzelne Videos/Allgemeine B-Roll/Schweißen und Flexxen/FX3_4712.MP4,0.4,0.3,3840,2160,2
02_Projekt-Ad Dreh (2025 Retainer 1:3),02_Projekt-Ad Dreh (2025 Retainer 1:3)/03_Medien/01_Footage/Einzelne Videos/Allgemeine B-Roll/Werkstatt B-Roll/FX3_4858.MP4,0.4,0.2,3840,2160,2
02_Projekt-Ad Dreh (2025 Retainer 1:3),02_Projekt-Ad Dreh (2025 Retainer 1:3)/03_Medien/01_Footage/Einzelne Videos/Allgemeine B-Roll/Werkstatt B-Roll/FX3_4876.MP4,0.4,0.3,3840,2160,2
02_Projekt-Ad Dreh (2025 Retainer 1:3),02_Projekt-Ad Dreh (2025 Retainer 1:3)/03_Medien/01_Footage/Einzelne Videos/Allgemeine B-Roll/Exo Skelett und Bühne heben/C0129.MP4,0.4,0.2,3840,2160,2
02_Projekt-Ad Dreh (2025 Retainer 1:3),02_Projekt-Ad Dreh (2025 Retainer 1:3)/03_Medien/01_Footage/Einzelne Videos/2.1 und 2.2 - Interviews/Proxy/C0250.mov,0.4,8.5,1080,1920,2
02_Projekt-Ad Dreh (2025 Retainer 1:3),02_Projekt-Ad Dreh (2025 Retainer 1:3)/03_Medien/01_Footage/Einzelne Videos/2.1 und 2.2 - Interviews/Proxy/FX3_0347.mov,0.4,8.4,1080,1920,2
02_Projekt-Ad Dreh (2025 Retainer 1:3),02_Projekt-Ad Dreh (2025 Retainer 1:3)/03_Medien/01_Footage/Avata/DJI_20250624150904_0002_D.MP4,0.38,0.4,3840,2880,0
02_Projekt-Ad Dreh (2025 Retainer 1:3),02_Projekt-Ad Dreh (2025 Retainer 1:3)/03_Medien/01_Footage/Einzelne Videos/2.1 und 2.2 - Interviews/Proxy/C0251.mov,0.36,7.6,1080,1920,2
02_Projekt-Ad Dreh (2025 Retainer 1:3),02_Projekt-Ad Dreh (2025 Retainer 1:3)/03_Medien/01_Footage/Einzelne Videos/2.1 und 2.2 - Interviews/Proxy/FX3_0348.mov,0.36,7.6,1080,1920,2
02_Projekt-Ad Dreh (2025 Retainer 1:3),"02_Projekt-Ad Dreh (2025 Retainer 1:3)/03_Medien/01_Footage/Einzelne Videos/1.1 - ""HEAVY LIFTING"" Ein Tag als Azubi bei MAN/FX3_0244.MP4",0.34,0.2,3840,2160,2
02_Projekt-Ad Dreh (2025 Retainer 1:3),"02_Projekt-Ad Dreh (2025 Retainer 1:3)/03_Medien/01_Footage/Einzelne Videos/1.1 - ""HEAVY LIFTING"" Ein Tag als Azubi bei MAN/FX3_0250.MP4",0.34,0.2,3840,2160,2
02_Projekt-Ad Dreh (2025 Retainer 1:3),"02_Projekt-Ad Dreh (2025 Retainer 1:3)/03_Medien/01_Footage/Einzelne Videos/1.2 - ""E-POWER"" Ein Tag als Azubi bei MAN/FX3_0326.MP4",0.34,0.2,3840,2160,2
02_Projekt-Ad Dreh (2025 Retainer 1:3),"02_Projekt-Ad Dreh (2025 Retainer 1:3)/03_Medien/01_Footage/Einzelne Videos/1.2 - ""E-POWER"" Ein Tag als Azubi bei MAN/FX3_0342.MP4",0.34,0.2,3840,2160,2
02_Projekt-Ad Dreh (2025 Retainer 1:3),"02_Projekt-Ad Dreh (2025 Retainer 1:3)/03_Medien/01_Footage/Einzelne Videos/1.2 - ""E-POWER"" Ein Tag als Azubi bei MAN/FX3_0343.MP4",0.34,0.2,3840,2160,2
02_Projekt-Ad Dreh (2025 Retainer 1:3),"02_Projekt-Ad Dreh (2025 Retainer 1:3)/03_Medien/01_Footage/Einzelne Videos/1.2 - ""E-POWER"" Ein Tag als Azubi bei MAN/C0259.MP4",0.34,0.2,3840,2160,2
02_Projekt-Ad Dreh (2025 Retainer 1:3),"02_Projekt-Ad Dreh (2025 Retainer 1:3)/03_Medien/01_Footage/Einzelne Videos/1.2 - ""E-POWER"" Ein Tag als Azubi bei MAN/C0243.MP4",0.34,0.2,3840,2160,2
02_Projekt-Ad Dreh (2025 Retainer 1:3),02_Projekt-Ad Dreh (2025 Retainer 1:3)/03_Medien/01_Footage/Einzelne Videos/1.3 - Chiropraktiker bei MAN/FX3_0292.MP4,0.34,0.3,3840,2160,2
02_Projekt-Ad Dreh (2025 Retainer 1:3),02_Projekt-Ad Dreh (2025 Retainer 1:3)/03_Medien/01_Footage/Einzelne Videos/1.3 - Chiropraktiker bei MAN/FX3_0293.MP4,0.34,0.3,3840,2160,2
02_Projekt-Ad Dreh (2025 Retainer 1:3),02_Projekt-Ad Dreh (2025 Retainer 1:3)/03_Medien/01_Footage/Einzelne Videos/1.3 - Chiropraktiker bei MAN/FX3_0294.MP4,0.34,0.2,3840,2160,2
02_Projekt-Ad Dreh (2025 Retainer 1:3),02_Projekt-Ad Dreh (2025 Retainer 1:3)/03_Medien/01_Footage/Einzelne Videos/1.3 - Chiropraktiker bei MAN/FX3_0302.MP4,0.34,0.3,3840,2160,2
02_Projekt-Ad Dreh (2025 Retainer 1:3),02_Projekt-Ad Dreh (2025 Retainer 1:3)/03_Medien/01_Footage/Einzelne Videos/1.3 - Chiropraktiker bei MAN/C0160.MP4,0.34,0.2,3840,2160,2
02_Projekt-Ad Dreh (2025 Retainer 1:3),02_Projekt-Ad Dreh (2025 Retainer 1:3)/03_Medien/01_Footage/Einzelne Videos/1.3 - Chiropraktiker bei MAN/C0161.MP4,0.34,0.2,3840,2160,2
02_Projekt-Ad Dreh (2025 Retainer 1:3),02_Projekt-Ad Dreh (2025 Retainer 1:3)/03_Medien/01_Footage/Einzelne Videos/1.3 - Chiropraktiker bei MAN/C0164.MP4,0.34,0.2,3840,2160,2
02_Projekt-Ad Dreh (2025 Retainer 1:3),02_Projekt-Ad Dreh (2025 Retainer 1:3)/03_Medien/01_Footage/Einzelne Videos/1.4 - Kamera weitergeben/FX3_4674.MP4,0.34,0.3,3840,2160,2
02_Projekt-Ad Dreh (2025 Retainer 1:3),02_Projekt-Ad Dreh (2025 Retainer 1:3)/03_Medien/01_Footage/Einzelne Videos/1.4 - Kamera weitergeben/FX3_4685.MP4,0.34,0.2,3840,2160,2
02_Projekt-Ad Dreh (2025 Retainer 1:3),02_Projekt-Ad Dreh (2025 Retainer 1:3)/03_Medien/01_Footage/Einzelne Videos/2.3 - Verschiedene Kleidung/FX3_4688.MP4,0.34,0.2,3840,2160,2
02_Projekt-Ad Dreh (2025 Retainer 1:3),02_Projekt-Ad Dreh (2025 Retainer 1:3)/03_Medien/01_Footage/Einzelne Videos/2.3 - Verschiedene Kleidung/FX3_4720.MP4,0.34,0.2,3840,2160,2
02_Projekt-Ad Dreh (2025 Retainer 1:3),02_Projekt-Ad Dreh (2025 Retainer 1:3)/03_Medien/01_Footage/Einzelne Videos/2.3 - Verschiedene Kleidung/FX3_4851.MP4,0.34,0.2,3840,2160,2
02_Projekt-Ad Dreh (2025 Retainer 1:3),02_Projekt-Ad Dreh (2025 Retainer 1:3)/03_Medien/01_Footage/Einzelne Videos/2.3 - Verschiedene Kleidung/FX3_4854.MP4,0.34,0.2,3840,2160,2
02_Projekt-Ad Dreh (2025 Retainer 1:3),02_Projekt-Ad Dreh (2025 Retainer 1:3)/03_Medien/01_Footage/Einzelne Videos/Allgemeine B-Roll/LKW Fahren + anheben/C0224.MP4,0.34,0.2,3840,2160,2
02_Projekt-Ad Dreh (2025 Retainer 1:3),02_Projekt-Ad Dreh (2025 Retainer 1:3)/03_Medien/01_Footage/Einzelne Videos/Allgemeine B-Roll/LKW Fahren + anheben/C0222.MP4,0.34,0.2,3840,2160,2
02_Projekt-Ad Dreh (2025 Retainer 1:3),02_Projekt-Ad Dreh (2025 Retainer 1:3)/03_Medien/01_Footage/Einzelne Videos/Allgemeine B-Roll/Schweißen und Flexxen/FX3_4691.MP4,0.34,0.2,3840,2160,2
02_Projekt-Ad Dreh (2025 Retainer 1:3),02_Projekt-Ad Dreh (2025 Retainer 1:3)/03_Medien/01_Footage/Einzelne Videos/Allgemeine B-Roll/Schweißen und Flexxen/FX3_4695.MP4,0.34,0.3,3840,2160,2
02_Projekt-Ad Dreh (2025 Retainer 1:3),02_Projekt-Ad Dreh (2025 Retainer 1:3)/03_Medien/01_Footage/Einzelne Videos/Allgemeine B-Roll/Schweißen und Flexxen/FX3_4708.MP4,0.34,0.2,3840,2160,2
02_Projekt-Ad Dreh (2025 Retainer 1:3),02_Projekt-Ad Dreh (2025 Retainer 1:3)/03_Medien/01_Footage/Einzelne Videos/Allgemeine B-Roll/Schweißen und Flexxen/FX3_4713.MP4,0.34,0.2,3840,2160,2
02_Projekt-Ad Dreh (2025 Retainer 1:3),02_Projekt-Ad Dreh (2025 Retainer 1:3)/03_Medien/01_Footage/Einzelne Videos/Allgemeine B-Roll/Schweißen und Flexxen/C0278.MP4,0.34,0.2,3840,2160,2
02_Projekt-Ad Dreh (2025 Retainer 1:3),02_Projekt-Ad Dreh (2025 Retainer 1:3)/03_Medien/01_Footage/Einzelne Videos/Allgemeine B-Roll/Werkstatt B-Roll/FX3_4859.MP4,0.34,0.2,3840,2160,2
02_Projekt-Ad Dreh (2025 Retainer 1:3),02_Projekt-Ad Dreh (2025 Retainer 1:3)/03_Medien/01_Footage/Einzelne Videos/Allgemeine B-Roll/Werkstatt B-Roll/FX3_4868.MP4,0.34,0.3,3840,2160,2
02_Projekt-Ad Dreh (2025 Retainer 1:3),02_Projekt-Ad Dreh (2025 Retainer 1:3)/03_Medien/01_Footage/Einzelne Videos/Allgemeine B-Roll/Werkstatt B-Roll/FX3_4878.MP4,0.34,0.3,3840,2160,2
02_Projekt-Ad Dreh (2025 Retainer 1:3),02_Projekt-Ad Dreh (2025 Retainer 1:3)/03_Medien/01_Footage/Einzelne Videos/Allgemeine B-Roll/Werkstatt B-Roll/C0194.MP4,0.34,0.2,3840,2160,2
02_Projekt-Ad Dreh (2025 Retainer 1:3),02_Projekt-Ad Dreh (2025 Retainer 1:3)/03_Medien/01_Footage/Einzelne Videos/Allgemeine B-Roll/Werkstatt B-Roll/C0316.MP4,0.34,0.2,3840,2160,2
02_Projekt-Ad Dreh (2025 Retainer 1:3),02_Projekt-Ad Dreh (2025 Retainer 1:3)/03_Medien/01_Footage/Einzelne Videos/Allgemeine B-Roll/B-Roll Truck /C0127.MP4,0.34,0.2,3840,2160,2
02_Projekt-Ad Dreh (2025 Retainer 1:3),02_Projekt-Ad Dreh (2025 Retainer 1:3)/03_Medien/01_Footage/Einzelne Videos/Allgemeine B-Roll/Exo Skelett und Bühne heben/C0136.MP4,0.34,0.2,3840,2160,2
02_Projekt-Ad Dreh (2025 Retainer 1:3),02_Projekt-Ad Dreh (2025 Retainer 1:3)/03_Medien/01_Footage/Einzelne Videos/Allgemeine B-Roll/Exo Skelett und Bühne heben/C0137.MP4,0.34,0.2,3840,2160,2
02_Projekt-Ad Dreh (2025 Retainer 1:3),02_Projekt-Ad Dreh (2025 Retainer 1:3)/03_Medien/01_Footage/Einzelne Videos/Allgemeine B-Roll/Exo Skelett und Bühne heben/C0139.MP4,0.34,0.2,3840,2160,2
02_Projekt-Ad Dreh (2025 Retainer 1:3),02_Projekt-Ad Dreh (2025 Retainer 1:3)/03_Medien/01_Footage/Einzelne Videos/Allgemeine B-Roll/Exo Skelett und Bühne heben/C0140.MP4,0.34,0.2,3840,2160,2
02_Projekt-Ad Dreh (2025 Retainer 1:3),"02_Projekt-Ad Dreh (2025 Retainer 1:3)/03_Medien/01_Footage/Einzelne Videos/1.1 - ""HEAVY LIFTING"" Ein Tag als Azubi bei MAN/FX3_0242.MP4",0.27,0.1,3840,2160,2
02_Projekt-Ad Dreh (2025 Retainer 1:3),"02_Projekt-Ad Dreh (2025 Retainer 1:3)/03_Medien/01_Footage/Einzelne Videos/1.1 - ""HEAVY LIFTING"" Ein Tag als Azubi bei MAN/FX3_0243.MP4",0.27,0.1,3840,2160,2
02_Projekt-Ad Dreh (2025 Retainer 1:3),"02_Projekt-Ad Dreh (2025 Retainer 1:3)/03_Medien/01_Footage/Einzelne Videos/1.1 - ""HEAVY LIFTING"" Ein Tag als Azubi bei MAN/FX3_0245.MP4",0.27,0.2,3840,2160,2
02_Projekt-Ad Dreh (2025 Retainer 1:3),"02_Projekt-Ad Dreh (2025 Retainer 1:3)/03_Medien/01_Footage/Einzelne Videos/1.1 - ""HEAVY LIFTING"" Ein Tag als Azubi bei MAN/FX3_0247.MP4",0.27,0.2,3840,2160,2
02_Projekt-Ad Dreh (2025 Retainer 1:3),"02_Projekt-Ad Dreh (2025 Retainer 1:3)/03_Medien/01_Footage/Einzelne Videos/1.1 - ""HEAVY LIFTING"" Ein Tag als Azubi bei MAN/C0147.MP4",0.27,0.1,3840,2160,2
02_Projekt-Ad Dreh (2025 Retainer 1:3),"02_Projekt-Ad Dreh (2025 Retainer 1:3)/03_Medien/01_Footage/Einzelne Videos/1.1 - ""HEAVY LIFTING"" Ein Tag als Azubi bei MAN/C0152.MP4",0.27,0.1,3840,2160,2
02_Projekt-Ad Dreh (2025 Retainer 1:3),"02_Projekt-Ad Dreh (2025 Retainer 1:3)/03_Medien/01_Footage/Einzelne Videos/1.2 - ""E-POWER"" Ein Tag als Azubi bei MAN/C0123.MP4",0.27,0.2,3840,2160,2
02_Projekt-Ad Dreh (2025 Retainer 1:3),"02_Projekt-Ad Dreh (2025 Retainer 1:3)/03_Medien/01_Footage/Einzelne Videos/1.2 - ""E-POWER"" Ein Tag als Azubi bei MAN/C0125.MP4",0.27,0.1,3840,2160,2
02_Projekt-Ad Dreh (2025 Retainer 1:3),"02_Projekt-Ad Dreh (2025 Retainer 1:3)/03_Medien/01_Footage/Einzelne Videos/1.2 - ""E-POWER"" Ein Tag als Azubi bei MAN/C0263.MP4",0.27,0.1,3840,2160,2
02_Projekt-Ad Dreh (2025 Retainer 1:3),"02_Projekt-Ad Dreh (2025 Retainer 1:3)/03_Medien/01_Footage/Einzelne Videos/1.2 - ""E-POWER"" Ein Tag als Azubi bei MAN/C0262.MP4",0.27,0.1,3840,2160,2
02_Projekt-Ad Dreh (2025 Retainer 1:3),"02_Projekt-Ad Dreh (2025 Retainer 1:3)/03_Medien/01_Footage/Einzelne Videos/1.2 - ""E-POWER"" Ein Tag als Azubi bei MAN/C0257.MP4",0.27,0.2,3840,2160,2
02_Projekt-Ad Dreh (2025 Retainer 1:3),"02_Projekt-Ad Dreh (2025 Retainer 1:3)/03_Medien/01_Footage/Einzelne Videos/1.2 - ""E-POWER"" Ein Tag als Azubi bei MAN/C0255.MP4",0.27,0.2,3840,2160,2
02_Projekt-Ad Dreh (2025 Retainer 1:3),"02_Projekt-Ad Dreh (2025 Retainer 1:3)/03_Medien/01_Footage/Einzelne Videos/1.2 - ""E-POWER"" Ein Tag als Azubi bei MAN/C0247.MP4",0.27,0.1,3840,2160,2
02_Projekt-Ad Dreh (2025 Retainer 1:3),"02_Projekt-Ad Dreh (2025 Retainer 1:3)/03_Medien/01_Footage/Einzelne Videos/1.2 - ""E-POWER"" Ein Tag als Azubi bei MAN/C0237.MP4",0.27,0.2,3840,2160,2
02_Projekt-Ad Dreh (2025 Retainer 1:3),02_Projekt-Ad Dreh (2025 Retainer 1:3)/03_Medien/01_Footage/Einzelne Videos/1.3 - Chiropraktiker bei MAN/FX3_0270.MP4,0.27,0.2,3840,2160,2
02_Projekt-Ad Dreh (2025 Retainer 1:3),02_Projekt-Ad Dreh (2025 Retainer 1:3)/03_Medien/01_Footage/Einzelne Videos/1.3 - Chiropraktiker bei MAN/FX3_0281.MP4,0.27,0.2,3840,2160,2
02_Projekt-Ad Dreh (2025 Retainer 1:3),02_Projekt-Ad Dreh (2025 Retainer 1:3)/03_Medien/01_Footage/Einzelne Videos/1.3 - Chiropraktiker bei MAN/FX3_0296.MP4,0.27,0.2,3840,2160,2
02_Projekt-Ad Dreh (2025 Retainer 1:3),02_Projekt-Ad Dreh (2025 Retainer 1:3)/03_Medien/01_Footage/Einzelne Videos/1.3 - Chiropraktiker bei MAN/FX3_0310.MP4,0.27,0.2,3840,2160,2
02_Projekt-Ad Dreh (2025 Retainer 1:3),02_Projekt-Ad Dreh (2025 Retainer 1:3)/03_Medien/01_Footage/Einzelne Videos/1.3 - Chiropraktiker bei MAN/C0166.MP4,0.27,0.2,3840,2160,2
02_Projekt-Ad Dreh (2025 Retainer 1:3),02_Projekt-Ad Dreh (2025 Retainer 1:3)/03_Medien/01_Footage/Einzelne Videos/1.4 - Kamera weitergeben/FX3_4669.MP4,0.27,0.2,3840,2160,2
02_Projekt-Ad Dreh (2025 Retainer 1:3),02_Projekt-Ad Dreh (2025 Retainer 1:3)/03_Medien/01_Footage/Einzelne Videos/1.4 - Kamera weitergeben/FX3_4670.MP4,0.27,0.2,3840,2160,2
02_Projekt-Ad Dreh (2025 Retainer 1:3),02_Projekt-Ad Dreh (2025 Retainer 1:3)/03_Medien/01_Footage/Einzelne Videos/1.4 - Kamera weitergeben/FX3_4673.MP4,0.27,0.2,3840,2160,2
02_Projekt-Ad Dreh (2025 Retainer 1:3),02_Projekt-Ad Dreh (2025 Retainer 1:3)/03_Medien/01_Footage/Einzelne Videos/1.4 - Kamera weitergeben/FX3_4684.MP4,0.27,0.2,3840,2160,2
02_Projekt-Ad Dreh (2025 Retainer 1:3),02_Projekt-Ad Dreh (2025 Retainer 1:3)/03_Medien/01_Footage/Einzelne Videos/2.3 - Verschiedene Kleidung/FX3_4721.MP4,0.27,0.2,3840,2160,2
02_Projekt-Ad Dreh (2025 Retainer 1:3),02_Projekt-Ad Dreh (2025 Retainer 1:3)/03_Medien/01_Footage/Einzelne Videos/2.3 - Verschiedene Kleidung/FX3_4850.MP4,0.27,0.2,3840,2160,2
02_Projekt-Ad Dreh (2025 Retainer 1:3),02_Projekt-Ad Dreh (2025 Retainer 1:3)/03_Medien/01_Footage/Einzelne Videos/2.3 - Verschiedene Kleidung/FX3_4852.MP4,0.27,0.2,3840,2160,2
02_Projekt-Ad Dreh (2025 Retainer 1:3),02_Projekt-Ad Dreh (2025 Retainer 1:3)/03_Medien/01_Footage/Einzelne Videos/Allgemeine B-Roll/LKW Fahren + anheben/FX3_0314.MP4,0.27,0.2,3840,2160,2
02_Projekt-Ad Dreh (2025 Retainer 1:3),02_Projekt-Ad Dreh (2025 Retainer 1:3)/03_Medien/01_Footage/Einzelne Videos/Allgemeine B-Roll/LKW Fahren + anheben/FX3_0317.MP4,0.27,0.2,3840,2160,2
02_Projekt-Ad Dreh (2025 Retainer 1:3),02_Projekt-Ad Dreh (2025 Retainer 1:3)/03_Medien/01_Footage/Einzelne Videos/Allgemeine B-Roll/LKW Fahren + anheben/FX3_0318.MP4,0.27,0.2,3840,2160,2
02_Projekt-Ad Dreh (2025 Retainer 1:3),02_Projekt-Ad Dreh (2025 Retainer 1:3)/03_Medien/01_Footage/Einzelne Videos/Allgemeine B-Roll/LKW Fahren + anheben/C0223.MP4,0.27,0.1,3840,2160,2
02_Projekt-Ad Dreh (2025 Retainer 1:3),02_Projekt-Ad Dreh (2025 Retainer 1:3)/03_Medien/01_Footage/Einzelne Videos/Allgemeine B-Roll/LKW Fahren + anheben/C0218.MP4,0.27,0.1,3840,2160,2
02_Projekt-Ad Dreh (2025 Retainer 1:3),02_Projekt-Ad Dreh (2025 Retainer 1:3)/03_Medien/01_Footage/Einzelne Videos/Allgemeine B-Roll/Schweißen und Flexxen/FX3_4701.MP4,0.27,0.1,3840,2160,2
02_Projekt-Ad Dreh (2025 Retainer 1:3),02_Projekt-Ad Dreh (2025 Retainer 1:3)/03_Medien/01_Footage/Einzelne Videos/Allgemeine B-Roll/Schweißen und Flexxen/C0275.MP4,0.27,0.2,3840,2160,2
02_Projekt-Ad Dreh (2025 Retainer 1:3),02_Projekt-Ad Dreh (2025 Retainer 1:3)/03_Medien/01_Footage/Einzelne Videos/Allgemeine B-Roll/Schweißen und Flexxen/C0284.MP4,0.27,0.1,3840,2160,2
02_Projekt-Ad Dreh (2025 Retainer 1:3),02_Projekt-Ad Dreh (2025 Retainer 1:3)/03_Medien/01_Footage/Einzelne Videos/Allgemeine B-Roll/Schweißen und Flexxen/C0285.MP4,0.27,0.2,3840,2160,2
02_Projekt-Ad Dreh (2025 Retainer 1:3),02_Projekt-Ad Dreh (2025 Retainer 1:3)/03_Medien/01_Footage/Einzelne Videos/Allgemeine B-Roll/Werkstatt B-Roll/FX3_4856.MP4,0.27,0.2,3840,2160,2
02_Projekt-Ad Dreh (2025 Retainer 1:3),02_Projekt-Ad Dreh (2025 Retainer 1:3)/03_Medien/01_Footage/Einzelne Videos/Allgemeine B-Roll/Werkstatt B-Roll/FX3_4862.MP4,0.27,0.2,3840,2160,2
02_Projekt-Ad Dreh (2025 Retainer 1:3),02_Projekt-Ad Dreh (2025 Retainer 1:3)/03_Medien/01_Footage/Einzelne Videos/Allgemeine B-Roll/Werkstatt B-Roll/FX3_4865.MP4,0.27,0.2,3840,2160,2
02_Projekt-Ad Dreh (2025 Retainer 1:3),02_Projekt-Ad Dreh (2025 Retainer 1:3)/03_Medien/01_Footage/Einzelne Videos/Allgemeine B-Roll/Werkstatt B-Roll/FX3_4866.MP4,0.27,0.2,3840,2160,2
02_Projekt-Ad Dreh (2025 Retainer 1:3),02_Projekt-Ad Dreh (2025 Retainer 1:3)/03_Medien/01_Footage/Einzelne Videos/Allgemeine B-Roll/Werkstatt B-Roll/FX3_4870.MP4,0.27,0.2,3840,2160,2
02_Projekt-Ad Dreh (2025 Retainer 1:3),02_Projekt-Ad Dreh (2025 Retainer 1:3)/03_Medien/01_Footage/Einzelne Videos/Allgemeine B-Roll/Werkstatt B-Roll/C0184.MP4,0.27,0.1,3840,2160,2
02_Projekt-Ad Dreh (2025 Retainer 1:3),02_Projekt-Ad Dreh (2025 Retainer 1:3)/03_Medien/01_Footage/Einzelne Videos/Allgemeine B-Roll/Werkstatt B-Roll/C0193.MP4,0.27,0.1,3840,2160,2
02_Projekt-Ad Dreh (2025 Retainer 1:3),02_Projekt-Ad Dreh (2025 Retainer 1:3)/03_Medien/01_Footage/Einzelne Videos/Allgemeine B-Roll/Werkstatt B-Roll/C0198.MP4,0.27,0.2,3840,2160,2
02_Projekt-Ad Dreh (2025 Retainer 1:3),02_Projekt-Ad Dreh (2025 Retainer 1:3)/03_Medien/01_Footage/Einzelne Videos/Allgemeine B-Roll/Werkstatt B-Roll/C0208.MP4,0.27,0.1,3840,2160,2
02_Projekt-Ad Dreh (2025 Retainer 1:3),02_Projekt-Ad Dreh (2025 Retainer 1:3)/03_Medien/01_Footage/Einzelne Videos/Allgemeine B-Roll/Werkstatt B-Roll/C0209.MP4,0.27,0.1,3840,2160,2
02_Projekt-Ad Dreh (2025 Retainer 1:3),02_Projekt-Ad Dreh (2025 Retainer 1:3)/03_Medien/01_Footage/Einzelne Videos/Allgemeine B-Roll/Werkstatt B-Roll/C0265.MP4,0.27,0.1,3840,2160,2
02_Projekt-Ad Dreh (2025 Retainer 1:3),02_Projekt-Ad Dreh (2025 Retainer 1:3)/03_Medien/01_Footage/Einzelne Videos/Allgemeine B-Roll/Werkstatt B-Roll/C0301.MP4,0.27,0.2,3840,2160,2
02_Projekt-Ad Dreh (2025 Retainer 1:3),02_Projekt-Ad Dreh (2025 Retainer 1:3)/03_Medien/01_Footage/Einzelne Videos/Allgemeine B-Roll/Werkstatt B-Roll/C0308.MP4,0.27,0.1,3840,2160,2
02_Projekt-Ad Dreh (2025 Retainer 1:3),02_Projekt-Ad Dreh (2025 Retainer 1:3)/03_Medien/01_Footage/Einzelne Videos/Allgemeine B-Roll/Werkstatt B-Roll/C0319.MP4,0.27,0.2,3840,2160,2
02_Projekt-Ad Dreh (2025 Retainer 1:3),02_Projekt-Ad Dreh (2025 Retainer 1:3)/03_Medien/01_Footage/Einzelne Videos/Allgemeine B-Roll/B-Roll Hebebüne/C0179.MP4,0.27,0.2,3840,2160,2
02_Projekt-Ad Dreh (2025 Retainer 1:3),02_Projekt-Ad Dreh (2025 Retainer 1:3)/03_Medien/01_Footage/Einzelne Videos/Allgemeine B-Roll/B-Roll ketten/C0170.MP4,0.27,0.1,3840,2160,2
02_Projekt-Ad Dreh (2025 Retainer 1:3),02_Projekt-Ad Dreh (2025 Retainer 1:3)/03_Medien/01_Footage/Einzelne Videos/Allgemeine B-Roll/B-Roll Truck /C0128.MP4,0.27,0.1,3840,2160,2
02_Projekt-Ad Dreh (2025 Retainer 1:3),02_Projekt-Ad Dreh (2025 Retainer 1:3)/03_Medien/01_Footage/Einzelne Videos/Allgemeine B-Roll/B-Roll Truck /C0178.MP4,0.27,0.1,3840,2160,2
02_Projekt-Ad Dreh (2025 Retainer 1:3),02_Projekt-Ad Dreh (2025 Retainer 1:3)/03_Medien/01_Footage/Einzelne Videos/Allgemeine B-Roll/Exo Skelett und Bühne heben/C0143.MP4,0.27,0.1,3840,2160,2
02_Projekt-Ad Dreh (2025 Retainer 1:3),02_Projekt-Ad Dreh (2025 Retainer 1:3)/03_Medien/01_Footage/Einzelne Videos/1.5 und 1.6 - Quiz /Proxy/FX3_0346.mov,0.25,5.3,1080,1920,2
02_Projekt-Ad Dreh (2025 Retainer 1:3),02_Projekt-Ad Dreh (2025 Retainer 1:3)/05_Finale Videos/1.5 - Quiz.mp4,0.21,1.4,2160,3840,2
02_Projekt-Ad Dreh (2025 Retainer 1:3),02_Projekt-Ad Dreh (2025 Retainer 1:3)/05_Finale Videos/Alt/1.5 - Quiz.mp4,0.21,1.4,2160,3840,2
02_Projekt-Ad Dreh (2025 Retainer 1:3),02_Projekt-Ad Dreh (2025 Retainer 1:3)/05_Finale Videos/UT/1.5 - Quiz_UT.mp4,0.21,1.4,2160,3840,2
02_Projekt-Ad Dreh (2025 Retainer 1:3),02_Projekt-Ad Dreh (2025 Retainer 1:3)/04_Exportiert/1.5 - Quiz Teil 1/1.5 - Quiz_V2.mp4,0.21,1.4,2160,3840,2
02_Projekt-Ad Dreh (2025 Retainer 1:3),02_Projekt-Ad Dreh (2025 Retainer 1:3)/04_Exportiert/1.5 - Quiz Teil 1/1.5 - Quiz_V3.mp4,0.21,1.4,2160,3840,2
02_Projekt-Ad Dreh (2025 Retainer 1:3),02_Projekt-Ad Dreh (2025 Retainer 1:3)/04_Exportiert/1.5 - Quiz Teil 1/1.5 - Quiz.mp4,0.21,1.4,2160,3840,2
02_Projekt-Ad Dreh (2025 Retainer 1:3),02_Projekt-Ad Dreh (2025 Retainer 1:3)/03_Medien/01_Footage/Einzelne Videos/1.5 und 1.6 - Quiz /Proxy/C0249.mov,0.21,4.5,1080,1920,2
02_Projekt-Ad Dreh (2025 Retainer 1:3),02_Projekt-Ad Dreh (2025 Retainer 1:3)/03_Medien/01_Footage/Einzelne Videos/1.5 und 1.6 - Quiz /Proxy/a7MK4_20250624_4815.mov,0.21,4.5,1080,1920,2
02_Projekt-Ad Dreh (2025 Retainer 1:3),"02_Projekt-Ad Dreh (2025 Retainer 1:3)/03_Medien/01_Footage/Einzelne Videos/1.1 - ""HEAVY LIFTING"" Ein Tag als Azubi bei MAN/FX3_0251.MP4",0.2,0.1,3840,2160,2
02_Projekt-Ad Dreh (2025 Retainer 1:3),"02_Projekt-Ad Dreh (2025 Retainer 1:3)/03_Medien/01_Footage/Einzelne Videos/1.1 - ""HEAVY LIFTING"" Ein Tag als Azubi bei MAN/FX3_0254.MP4",0.2,0.1,3840,2160,2
02_Projekt-Ad Dreh (2025 Retainer 1:3),"02_Projekt-Ad Dreh (2025 Retainer 1:3)/03_Medien/01_Footage/Einzelne Videos/1.1 - ""HEAVY LIFTING"" Ein Tag als Azubi bei MAN/FX3_0261.MP4",0.2,0.1,3840,2160,2
02_Projekt-Ad Dreh (2025 Retainer 1:3),"02_Projekt-Ad Dreh (2025 Retainer 1:3)/03_Medien/01_Footage/Einzelne Videos/1.1 - ""HEAVY LIFTING"" Ein Tag als Azubi bei MAN/FX3_0262.MP4",0.2,0.1,3840,2160,2
02_Projekt-Ad Dreh (2025 Retainer 1:3),"02_Projekt-Ad Dreh (2025 Retainer 1:3)/03_Medien/01_Footage/Einzelne Videos/1.1 - ""HEAVY LIFTING"" Ein Tag als Azubi bei MAN/FX3_0264.MP4",0.2,0.1,3840,2160,2
02_Projekt-Ad Dreh (2025 Retainer 1:3),"02_Projekt-Ad Dreh (2025 Retainer 1:3)/03_Medien/01_Footage/Einzelne Videos/1.1 - ""HEAVY LIFTING"" Ein Tag als Azubi bei MAN/FX3_0265.MP4",0.2,0.1,3840,2160,2
02_Projekt-Ad Dreh (2025 Retainer 1:3),"02_Projekt-Ad Dreh (2025 Retainer 1:3)/03_Medien/01_Footage/Einzelne Videos/1.1 - ""HEAVY LIFTING"" Ein Tag als Azubi bei MAN/C0149.MP4",0.2,0.1,3840,2160,2
02_Projekt-Ad Dreh (2025 Retainer 1:3),"02_Projekt-Ad Dreh (2025 Retainer 1:3)/03_Medien/01_Footage/Einzelne Videos/1.2 - ""E-POWER"" Ein Tag als Azubi bei MAN/FX3_4665.MP4",0.2,0.1,3840,2160,2
02_Projekt-Ad Dreh (2025 Retainer 1:3),"02_Projekt-Ad Dreh (2025 Retainer 1:3)/03_Medien/01_Footage/Einzelne Videos/1.2 - ""E-POWER"" Ein Tag als Azubi bei MAN/FX3_4659.MP4",0.2,0.1,3840,2160,2
02_Projekt-Ad Dreh (2025 Retainer 1:3),"02_Projekt-Ad Dreh (2025 Retainer 1:3)/03_Medien/01_Footage/Einzelne Videos/1.2 - ""E-POWER"" Ein Tag als Azubi bei MAN/FX3_4660.MP4",0.2,0.1,3840,2160,2
02_Projekt-Ad Dreh (2025 Retainer 1:3),"02_Projekt-Ad Dreh (2025 Retainer 1:3)/03_Medien/01_Footage/Einzelne Videos/1.2 - ""E-POWER"" Ein Tag als Azubi bei MAN/FX3_0334.MP4",0.2,0.1,3840,2160,2
02_Projekt-Ad Dreh (2025 Retainer 1:3),"02_Projekt-Ad Dreh (2025 Retainer 1:3)/03_Medien/01_Footage/Einzelne Videos/1.2 - ""E-POWER"" Ein Tag als Azubi bei MAN/FX3_0335.MP4",0.2,0.1,3840,2160,2
02_Projekt-Ad Dreh (2025 Retainer 1:3),"02_Projekt-Ad Dreh (2025 Retainer 1:3)/03_Medien/01_Footage/Einzelne Videos/1.2 - ""E-POWER"" Ein Tag als Azubi bei MAN/FX3_0341.MP4",0.2,0.1,3840,2160,2
02_Projekt-Ad Dreh (2025 Retainer 1:3),"02_Projekt-Ad Dreh (2025 Retainer 1:3)/03_Medien/01_Footage/Einzelne Videos/1.2 - ""E-POWER"" Ein Tag als Azubi bei MAN/C0118.MP4",0.2,0.1,3840,2160,2
02_Projekt-Ad Dreh (2025 Retainer 1:3),"02_Projekt-Ad Dreh (2025 Retainer 1:3)/03_Medien/01_Footage/Einzelne Videos/1.2 - ""E-POWER"" Ein Tag als Azubi bei MAN/C0120.MP4",0.2,0.1,3840,2160,2
02_Projekt-Ad Dreh (2025 Retainer 1:3),"02_Projekt-Ad Dreh (2025 Retainer 1:3)/03_Medien/01_Footage/Einzelne Videos/1.2 - ""E-POWER"" Ein Tag als Azubi bei MAN/C0121.MP4",0.2,0.1,3840,2160,2
02_Projekt-Ad Dreh (2025 Retainer 1:3),"02_Projekt-Ad Dreh (2025 Retainer 1:3)/03_Medien/01_Footage/Einzelne Videos/1.2 - ""E-POWER"" Ein Tag als Azubi bei MAN/C0126.MP4",0.2,0.1,3840,2160,2
02_Projekt-Ad Dreh (2025 Retainer 1:3),"02_Projekt-Ad Dreh (2025 Retainer 1:3)/03_Medien/01_Footage/Einzelne Videos/1.2 - ""E-POWER"" Ein Tag als Azubi bei MAN/C0236.MP4",0.2,0.1,3840,2160,2
02_Projekt-Ad Dreh (2025 Retainer 1:3),02_Projekt-Ad Dreh (2025 Retainer 1:3)/03_Medien/01_Footage/Einzelne Videos/1.3 - Chiropraktiker bei MAN/FX3_0271.MP4,0.2,0.1,3840,2160,2
02_Projekt-Ad Dreh (2025 Retainer 1:3),02_Projekt-Ad Dreh (2025 Retainer 1:3)/03_Medien/01_Footage/Einzelne Videos/1.3 - Chiropraktiker bei MAN/FX3_0277.MP4,0.2,0.2,3840,2160,2
02_Projekt-Ad Dreh (2025 Retainer 1:3),02_Projekt-Ad Dreh (2025 Retainer 1:3)/03_Medien/01_Footage/Einzelne Videos/1.3 - Chiropraktiker bei MAN/FX3_0280.MP4,0.2,0.2,3840,2160,2
02_Projekt-Ad Dreh (2025 Retainer 1:3),02_Projekt-Ad Dreh (2025 Retainer 1:3)/03_Medien/01_Footage/Einzelne Videos/1.3 - Chiropraktiker bei MAN/FX3_0284.MP4,0.2,0.1,3840,2160,2
02_Projekt-Ad Dreh (2025 Retainer 1:3),02_Projekt-Ad Dreh (2025 Retainer 1:3)/03_Medien/01_Footage/Einzelne Videos/1.3 - Chiropraktiker bei MAN/FX3_0288.MP4,0.2,0.2,3840,2160,2
02_Projekt-Ad Dreh (2025 Retainer 1:3),02_Projekt-Ad Dreh (2025 Retainer 1:3)/03_Medien/01_Footage/Einzelne Videos/1.3 - Chiropraktiker bei MAN/FX3_0291.MP4,0.2,0.1,3840,2160,2
02_Projekt-Ad Dreh (2025 Retainer 1:3),02_Projekt-Ad Dreh (2025 Retainer 1:3)/03_Medien/01_Footage/Einzelne Videos/1.3 - Chiropraktiker bei MAN/FX3_0299.MP4,0.2,0.1,3840,2160,2
02_Projekt-Ad Dreh (2025 Retainer 1:3),02_Projekt-Ad Dreh (2025 Retainer 1:3)/03_Medien/01_Footage/Einzelne Videos/1.3 - Chiropraktiker bei MAN/FX3_0306.MP4,0.2,0.2,3840,2160,2
02_Projekt-Ad Dreh (2025 Retainer 1:3),02_Projekt-Ad Dreh (2025 Retainer 1:3)/03_Medien/01_Footage/Einzelne Videos/1.3 - Chiropraktiker bei MAN/C0165.MP4,0.2,0.1,3840,2160,2
02_Projekt-Ad Dreh (2025 Retainer 1:3),02_Projekt-Ad Dreh (2025 Retainer 1:3)/03_Medien/01_Footage/Einzelne Videos/1.3 - Chiropraktiker bei MAN/C0167.MP4,0.2,0.1,3840,2160,2
02_Projekt-Ad Dreh (2025 Retainer 1:3),02_Projekt-Ad Dreh (2025 Retainer 1:3)/03_Medien/01_Footage/Einzelne Videos/1.3 - Chiropraktiker bei MAN/C0168.MP4,0.2,0.1,3840,2160,2
02_Projekt-Ad Dreh (2025 Retainer 1:3),02_Projekt-Ad Dreh (2025 Retainer 1:3)/03_Medien/01_Footage/Einzelne Videos/1.4 - Kamera weitergeben/FX3_4680.MP4,0.2,0.2,3840,2160,2
02_Projekt-Ad Dreh (2025 Retainer 1:3),02_Projekt-Ad Dreh (2025 Retainer 1:3)/03_Medien/01_Footage/Einzelne Videos/1.4 - Kamera weitergeben/FX3_4672.MP4,0.2,0.1,3840,2160,2
02_Projekt-Ad Dreh (2025 Retainer 1:3),02_Projekt-Ad Dreh (2025 Retainer 1:3)/03_Medien/01_Footage/Einzelne Videos/1.4 - Kamera weitergeben/FX3_4675.MP4,0.2,0.2,3840,2160,2
02_Projekt-Ad Dreh (2025 Retainer 1:3),02_Projekt-Ad Dreh (2025 Retainer 1:3)/03_Medien/01_Footage/Einzelne Videos/1.4 - Kamera weitergeben/FX3_4676.MP4,0.2,0.1,3840,2160,2
02_Projekt-Ad Dreh (2025 Retainer 1:3),02_Projekt-Ad Dreh (2025 Retainer 1:3)/03_Medien/01_Footage/Einzelne Videos/1.4 - Kamera weitergeben/FX3_4681.MP4,0.2,0.2,3840,2160,2
02_Projekt-Ad Dreh (2025 Retainer 1:3),02_Projekt-Ad Dreh (2025 Retainer 1:3)/03_Medien/01_Footage/Einzelne Videos/1.4 - Kamera weitergeben/FX3_4683.MP4,0.2,0.2,3840,2160,2
02_Projekt-Ad Dreh (2025 Retainer 1:3),02_Projekt-Ad Dreh (2025 Retainer 1:3)/03_Medien/01_Footage/Einzelne Videos/2.3 - Verschiedene Kleidung/FX3_4689.MP4,0.2,0.1,3840,2160,2
02_Projekt-Ad Dreh (2025 Retainer 1:3),02_Projekt-Ad Dreh (2025 Retainer 1:3)/03_Medien/01_Footage/Einzelne Videos/2.3 - Verschiedene Kleidung/FX3_4855.MP4,0.2,0.1,3840,2160,2
02_Projekt-Ad Dreh (2025 Retainer 1:3),02_Projekt-Ad Dreh (2025 Retainer 1:3)/03_Medien/01_Footage/Einzelne Videos/2.3 - Verschiedene Kleidung/C0290.MP4,0.2,0.1,3840,2160,2
02_Projekt-Ad Dreh (2025 Retainer 1:3),02_Projekt-Ad Dreh (2025 Retainer 1:3)/03_Medien/01_Footage/Einzelne Videos/Allgemeine B-Roll/LKW Fahren + anheben/FX3_0316.MP4,0.2,0.2,3840,2160,2
02_Projekt-Ad Dreh (2025 Retainer 1:3),02_Projekt-Ad Dreh (2025 Retainer 1:3)/03_Medien/01_Footage/Einzelne Videos/Allgemeine B-Roll/LKW Fahren + anheben/FX3_0320.MP4,0.2,0.1,3840,2160,2
02_Projekt-Ad Dreh (2025 Retainer 1:3),02_Projekt-Ad Dreh (2025 Retainer 1:3)/03_Medien/01_Footage/Einzelne Videos/Allgemeine B-Roll/LKW Fahren + anheben/C0221.MP4,0.2,0.1,3840,2160,2
02_Projekt-Ad Dreh (2025 Retainer 1:3),02_Projekt-Ad Dreh (2025 Retainer 1:3)/03_Medien/01_Footage/Einzelne Videos/Allgemeine B-Roll/LKW Fahren + anheben/C0219.MP4,0.2,0.1,3840,2160,2
02_Projekt-Ad Dreh (2025 Retainer 1:3),02_Projekt-Ad Dreh (2025 Retainer 1:3)/03_Medien/01_Footage/Einzelne Videos/Allgemeine B-Roll/LKW Fahren + anheben/C0217.MP4,0.2,0.1,3840,2160,2
02_Projekt-Ad Dreh (2025 Retainer 1:3),02_Projekt-Ad Dreh (2025 Retainer 1:3)/03_Medien/01_Footage/Einzelne Videos/Allgemeine B-Roll/Schweißen und Flexxen/FX3_4698.MP4,0.2,0.1,3840,2160,2
02_Projekt-Ad Dreh (2025 Retainer 1:3),02_Projekt-Ad Dreh (2025 Retainer 1:3)/03_Medien/01_Footage/Einzelne Videos/Allgemeine B-Roll/Schweißen und Flexxen/FX3_4700.MP4,0.2,0.1,3840,2160,2
02_Projekt-Ad Dreh (2025 Retainer 1:3),02_Projekt-Ad Dreh (2025 Retainer 1:3)/03_Medien/01_Footage/Einzelne Videos/Allgemeine B-Roll/Schweißen und Flexxen/FX3_4703.MP4,0.2,0.1,3840,2160,2
02_Projekt-Ad Dreh (2025 Retainer 1:3),02_Projekt-Ad Dreh (2025 Retainer 1:3)/03_Medien/01_Footage/Einzelne Videos/Allgemeine B-Roll/Schweißen und Flexxen/FX3_4705.MP4,0.2,0.1,3840,2160,2
02_Projekt-Ad Dreh (2025 Retainer 1:3),02_Projekt-Ad Dreh (2025 Retainer 1:3)/03_Medien/01_Footage/Einzelne Videos/Allgemeine B-Roll/Schweißen und Flexxen/FX3_4707.MP4,0.2,0.1,3840,2160,2
02_Projekt-Ad Dreh (2025 Retainer 1:3),02_Projekt-Ad Dreh (2025 Retainer 1:3)/03_Medien/01_Footage/Einzelne Videos/Allgemeine B-Roll/Schweißen und Flexxen/FX3_4709.MP4,0.2,0.1,3840,2160,2
02_Projekt-Ad Dreh (2025 Retainer 1:3),02_Projekt-Ad Dreh (2025 Retainer 1:3)/03_Medien/01_Footage/Einzelne Videos/Allgemeine B-Roll/Schweißen und Flexxen/FX3_4711.MP4,0.2,0.1,3840,2160,2
02_Projekt-Ad Dreh (2025 Retainer 1:3),02_Projekt-Ad Dreh (2025 Retainer 1:3)/03_Medien/01_Footage/Einzelne Videos/Allgemeine B-Roll/Schweißen und Flexxen/C0269.MP4,0.2,0.1,3840,2160,2
02_Projekt-Ad Dreh (2025 Retainer 1:3),02_Projekt-Ad Dreh (2025 Retainer 1:3)/03_Medien/01_Footage/Einzelne Videos/Allgemeine B-Roll/Schweißen und Flexxen/C0270.MP4,0.2,0.1,3840,2160,2
02_Projekt-Ad Dreh (2025 Retainer 1:3),02_Projekt-Ad Dreh (2025 Retainer 1:3)/03_Medien/01_Footage/Einzelne Videos/Allgemeine B-Roll/Werkstatt B-Roll/FX3_4667.MP4,0.2,0.1,3840,2160,2
02_Projekt-Ad Dreh (2025 Retainer 1:3),02_Projekt-Ad Dreh (2025 Retainer 1:3)/03_Medien/01_Footage/Einzelne Videos/Allgemeine B-Roll/Werkstatt B-Roll/FX3_4857.MP4,0.2,0.1,3840,2160,2
02_Projekt-Ad Dreh (2025 Retainer 1:3),02_Projekt-Ad Dreh (2025 Retainer 1:3)/03_Medien/01_Footage/Einzelne Videos/Allgemeine B-Roll/Werkstatt B-Roll/FX3_4871.MP4,0.2,0.1,3840,2160,2
02_Projekt-Ad Dreh (2025 Retainer 1:3),02_Projekt-Ad Dreh (2025 Retainer 1:3)/03_Medien/01_Footage/Einzelne Videos/Allgemeine B-Roll/Werkstatt B-Roll/FX3_4873.MP4,0.2,0.1,3840,2160,2
02_Projekt-Ad Dreh (2025 Retainer 1:3),02_Projekt-Ad Dreh (2025 Retainer 1:3)/03_Medien/01_Footage/Einzelne Videos/Allgemeine B-Roll/Werkstatt B-Roll/C0187.MP4,0.2,0.1,3840,2160,2
02_Projekt-Ad Dreh (2025 Retainer 1:3),02_Projekt-Ad Dreh (2025 Retainer 1:3)/03_Medien/01_Footage/Einzelne Videos/Allgemeine B-Roll/Werkstatt B-Roll/C0190.MP4,0.2,0.1,3840,2160,2
02_Projekt-Ad Dreh (2025 Retainer 1:3),02_Projekt-Ad Dreh (2025 Retainer 1:3)/03_Medien/01_Footage/Einzelne Videos/Allgemeine B-Roll/Werkstatt B-Roll/C0191.MP4,0.2,0.1,3840,2160,2
02_Projekt-Ad Dreh (2025 Retainer 1:3),02_Projekt-Ad Dreh (2025 Retainer 1:3)/03_Medien/01_Footage/Einzelne Videos/Allgemeine B-Roll/Werkstatt B-Roll/C0192.MP4,0.2,0.1,3840,2160,2
02_Projekt-Ad Dreh (2025 Retainer 1:3),02_Projekt-Ad Dreh (2025 Retainer 1:3)/03_Medien/01_Footage/Einzelne Videos/Allgemeine B-Roll/Werkstatt B-Roll/C0195.MP4,0.2,0.1,3840,2160,2
02_Projekt-Ad Dreh (2025 Retainer 1:3),02_Projekt-Ad Dreh (2025 Retainer 1:3)/03_Medien/01_Footage/Einzelne Videos/Allgemeine B-Roll/Werkstatt B-Roll/C0199.MP4,0.2,0.1,3840,2160,2
02_Projekt-Ad Dreh (2025 Retainer 1:3),02_Projekt-Ad Dreh (2025 Retainer 1:3)/03_Medien/01_Footage/Einzelne Videos/Allgemeine B-Roll/Werkstatt B-Roll/C0202.MP4,0.2,0.1,3840,2160,2
02_Projekt-Ad Dreh (2025 Retainer 1:3),02_Projekt-Ad Dreh (2025 Retainer 1:3)/03_Medien/01_Footage/Einzelne Videos/Allgemeine B-Roll/Werkstatt B-Roll/C0204.MP4,0.2,0.1,3840,2160,2
02_Projekt-Ad Dreh (2025 Retainer 1:3),02_Projekt-Ad Dreh (2025 Retainer 1:3)/03_Medien/01_Footage/Einzelne Videos/Allgemeine B-Roll/Werkstatt B-Roll/C0205.MP4,0.2,0.1,3840,2160,2
02_Projekt-Ad Dreh (2025 Retainer 1:3),02_Projekt-Ad Dreh (2025 Retainer 1:3)/03_Medien/01_Footage/Einzelne Videos/Allgemeine B-Roll/Werkstatt B-Roll/C0206.MP4,0.2,0.1,3840,2160,2
02_Projekt-Ad Dreh (2025 Retainer 1:3),02_Projekt-Ad Dreh (2025 Retainer 1:3)/03_Medien/01_Footage/Einzelne Videos/Allgemeine B-Roll/Werkstatt B-Roll/C0207.MP4,0.2,0.1,3840,2160,2
02_Projekt-Ad Dreh (2025 Retainer 1:3),02_Projekt-Ad Dreh (2025 Retainer 1:3)/03_Medien/01_Footage/Einzelne Videos/Allgemeine B-Roll/Werkstatt B-Roll/C0214.MP4,0.2,0.1,3840,2160,2
02_Projekt-Ad Dreh (2025 Retainer 1:3),02_Projekt-Ad Dreh (2025 Retainer 1:3)/03_Medien/01_Footage/Einzelne Videos/Allgemeine B-Roll/Werkstatt B-Roll/C0215.MP4,0.2,0.1,3840,2160,2
02_Projekt-Ad Dreh (2025 Retainer 1:3),02_Projekt-Ad Dreh (2025 Retainer 1:3)/03_Medien/01_Footage/Einzelne Videos/Allgemeine B-Roll/Werkstatt B-Roll/C0267.MP4,0.2,0.1,3840,2160,2
02_Projekt-Ad Dreh (2025 Retainer 1:3),02_Projekt-Ad Dreh (2025 Retainer 1:3)/03_Medien/01_Footage/Einzelne Videos/Allgemeine B-Roll/Werkstatt B-Roll/C0294.MP4,0.2,0.1,3840,2160,2
02_Projekt-Ad Dreh (2025 Retainer 1:3),02_Projekt-Ad Dreh (2025 Retainer 1:3)/03_Medien/01_Footage/Einzelne Videos/Allgemeine B-Roll/Werkstatt B-Roll/C0295.MP4,0.2,0.1,3840,2160,2
02_Projekt-Ad Dreh (2025 Retainer 1:3),02_Projekt-Ad Dreh (2025 Retainer 1:3)/03_Medien/01_Footage/Einzelne Videos/Allgemeine B-Roll/Werkstatt B-Roll/C0300.MP4,0.2,0.1,3840,2160,2
02_Projekt-Ad Dreh (2025 Retainer 1:3),02_Projekt-Ad Dreh (2025 Retainer 1:3)/03_Medien/01_Footage/Einzelne Videos/Allgemeine B-Roll/Werkstatt B-Roll/C0307.MP4,0.2,0.1,3840,2160,2
02_Projekt-Ad Dreh (2025 Retainer 1:3),02_Projekt-Ad Dreh (2025 Retainer 1:3)/03_Medien/01_Footage/Einzelne Videos/Allgemeine B-Roll/Werkstatt B-Roll/C0309.MP4,0.2,0.1,3840,2160,2
02_Projekt-Ad Dreh (2025 Retainer 1:3),02_Projekt-Ad Dreh (2025 Retainer 1:3)/03_Medien/01_Footage/Einzelne Videos/Allgemeine B-Roll/Werkstatt B-Roll/C0314.MP4,0.2,0.1,3840,2160,2
02_Projekt-Ad Dreh (2025 Retainer 1:3),02_Projekt-Ad Dreh (2025 Retainer 1:3)/03_Medien/01_Footage/Einzelne Videos/Allgemeine B-Roll/Werkstatt B-Roll/C0321.MP4,0.2,0.1,3840,2160,2
02_Projekt-Ad Dreh (2025 Retainer 1:3),02_Projekt-Ad Dreh (2025 Retainer 1:3)/03_Medien/01_Footage/Einzelne Videos/Allgemeine B-Roll/Werkstatt B-Roll/C0322.MP4,0.2,0.1,3840,2160,2
02_Projekt-Ad Dreh (2025 Retainer 1:3),02_Projekt-Ad Dreh (2025 Retainer 1:3)/03_Medien/01_Footage/Einzelne Videos/Allgemeine B-Roll/B-Roll Hebebüne/C0180.MP4,0.2,0.1,3840,2160,2
02_Projekt-Ad Dreh (2025 Retainer 1:3),02_Projekt-Ad Dreh (2025 Retainer 1:3)/03_Medien/01_Footage/Einzelne Videos/Allgemeine B-Roll/B-Roll Truck /C0173.MP4,0.2,0.1,3840,2160,2
02_Projekt-Ad Dreh (2025 Retainer 1:3),02_Projekt-Ad Dreh (2025 Retainer 1:3)/03_Medien/01_Footage/Einzelne Videos/Allgemeine B-Roll/B-Roll Truck /C0175.MP4,0.2,0.1,3840,2160,2
02_Projekt-Ad Dreh (2025 Retainer 1:3),02_Projekt-Ad Dreh (2025 Retainer 1:3)/03_Medien/01_Footage/Einzelne Videos/Allgemeine B-Roll/B-Roll Truck /C0177.MP4,0.2,0.1,3840,2160,2
02_Projekt-Ad Dreh (2025 Retainer 1:3),02_Projekt-Ad Dreh (2025 Retainer 1:3)/03_Medien/01_Footage/Einzelne Videos/Allgemeine B-Roll/B-Roll Truck /C0183.MP4,0.2,0.1,3840,2160,2
02_Projekt-Ad Dreh (2025 Retainer 1:3),02_Projekt-Ad Dreh (2025 Retainer 1:3)/03_Medien/01_Footage/Einzelne Videos/Allgemeine B-Roll/Exo Skelett und Bühne heben/C0135.MP4,0.2,0.1,3840,2160,2
02_Projekt-Ad Dreh (2025 Retainer 1:3),02_Projekt-Ad Dreh (2025 Retainer 1:3)/03_Medien/01_Footage/Einzelne Videos/Allgemeine B-Roll/Exo Skelett und Bühne heben/C0144.MP4,0.2,0.1,3840,2160,2
02_Projekt-Ad Dreh (2025 Retainer 1:3),02_Projekt-Ad Dreh (2025 Retainer 1:3)/03_Medien/01_Footage/Einzelne Videos/Allgemeine B-Roll/Exo Skelett und Bühne heben/C0145.MP4,0.2,0.1,3840,2160,2
02_Projekt-Ad Dreh (2025 Retainer 1:3),02_Projekt-Ad Dreh (2025 Retainer 1:3)/04_Exportiert/2.2 - Interview Teil 2/2.2 Interview Teil 2_V1.mp4,0.18,1.1,2160,3840,2
02_Projekt-Ad Dreh (2025 Retainer 1:3),02_Projekt-Ad Dreh (2025 Retainer 1:3)/03_Medien/02_Assets/04_Stock Footage/FootageCrate-Explosion_Foreground_Debris_1.mov,0.18,0.2,3840,2160,0
02_Projekt-Ad Dreh (2025 Retainer 1:3),02_Projekt-Ad Dreh (2025 Retainer 1:3)/05_Finale Videos/2.1 - Interview Teil 1.mp4,0.17,1.1,2160,3840,2
02_Projekt-Ad Dreh (2025 Retainer 1:3),02_Projekt-Ad Dreh (2025 Retainer 1:3)/05_Finale Videos/2.2 - Interview Teil 2.mp4,0.17,1.1,2160,3840,2
02_Projekt-Ad Dreh (2025 Retainer 1:3),02_Projekt-Ad Dreh (2025 Retainer 1:3)/05_Finale Videos/Alt/2.1 - Interview Teil 1.mp4,0.17,1.1,2160,3840,2
02_Projekt-Ad Dreh (2025 Retainer 1:3),02_Projekt-Ad Dreh (2025 Retainer 1:3)/05_Finale Videos/Alt/2.2 Interview Teil 2.mp4,0.17,1.1,2160,3840,2
02_Projekt-Ad Dreh (2025 Retainer 1:3),02_Projekt-Ad Dreh (2025 Retainer 1:3)/05_Finale Videos/UT/2.1 - Interview Teil 1_UT.mp4,0.17,1.1,2160,3840,2
02_Projekt-Ad Dreh (2025 Retainer 1:3),02_Projekt-Ad Dreh (2025 Retainer 1:3)/05_Finale Videos/UT/2.2 - Interview Teil 2_UT.mp4,0.17,1.1,2160,3840,2
02_Projekt-Ad Dreh (2025 Retainer 1:3),02_Projekt-Ad Dreh (2025 Retainer 1:3)/04_Exportiert/2.1 - Interview Teil 1/2.1 - Interview Teil 1_V4.mp4,0.17,1.1,2160,3840,2
02_Projekt-Ad Dreh (2025 Retainer 1:3),02_Projekt-Ad Dreh (2025 Retainer 1:3)/04_Exportiert/2.1 - Interview Teil 1/2.1 - Interview Teil 1_V5.mp4,0.17,1.1,2160,3840,2
02_Projekt-Ad Dreh (2025 Retainer 1:3),02_Projekt-Ad Dreh (2025 Retainer 1:3)/04_Exportiert/2.1 - Interview Teil 1/2.1 - Interview Teil 1.mp4,0.17,1.1,2160,3840,2
02_Projekt-Ad Dreh (2025 Retainer 1:3),02_Projekt-Ad Dreh (2025 Retainer 1:3)/04_Exportiert/2.2 - Interview Teil 2/2.2 Interview Teil 2_V4.mp4,0.17,1.1,2160,3840,2
02_Projekt-Ad Dreh (2025 Retainer 1:3),02_Projekt-Ad Dreh (2025 Retainer 1:3)/04_Exportiert/2.2 - Interview Teil 2/2.2 Interview Teil 2_V5.mp4,0.17,1.1,2160,3840,2
02_Projekt-Ad Dreh (2025 Retainer 1:3),02_Projekt-Ad Dreh (2025 Retainer 1:3)/04_Exportiert/2.2 - Interview Teil 2/2.2 Interview Teil 2.mp4,0.17,1.1,2160,3840,2
02_Projekt-Ad Dreh (2025 Retainer 1:3),02_Projekt-Ad Dreh (2025 Retainer 1:3)/03_Medien/02_Assets/05_Sonstiges/FX3_0336.MP4 Render.mov,0.17,0.1,2160,3840,0
02_Projekt-Ad Dreh (2025 Retainer 1:3),02_Projekt-Ad Dreh (2025 Retainer 1:3)/05_Finale Videos/1.6 - Quiz Teil 2.mp4,0.16,1.1,2160,3840,2
02_Projekt-Ad Dreh (2025 Retainer 1:3),02_Projekt-Ad Dreh (2025 Retainer 1:3)/05_Finale Videos/Alt/1.6 - Quiz Teil 2.mp4,0.16,1.1,2160,3840,2
02_Projekt-Ad Dreh (2025 Retainer 1:3),02_Projekt-Ad Dreh (2025 Retainer 1:3)/05_Finale Videos/UT/1.6 - Quiz Teil 2_UT.mp4,0.16,1.1,2160,3840,2
02_Projekt-Ad Dreh (2025 Retainer 1:3),02_Projekt-Ad Dreh (2025 Retainer 1:3)/04_Exportiert/1.6 - Quiz Teil 2/1.6 - Quiz Teil 2_V3.mp4,0.16,1.1,2160,3840,2
02_Projekt-Ad Dreh (2025 Retainer 1:3),02_Projekt-Ad Dreh (2025 Retainer 1:3)/04_Exportiert/1.6 - Quiz Teil 2/1.6 - Quiz Teil 2_V4.mp4,0.16,1.1,2160,3840,2
02_Projekt-Ad Dreh (2025 Retainer 1:3),02_Projekt-Ad Dreh (2025 Retainer 1:3)/04_Exportiert/1.6 - Quiz Teil 2/1.6 - Quiz Teil 2.mp4,0.16,1.1,2160,3840,2
02_Projekt-Ad Dreh (2025 Retainer 1:3),02_Projekt-Ad Dreh (2025 Retainer 1:3)/04_Exportiert/2.1 - Interview Teil 1/2.1 - Interview Teil 1_V1.mp4,0.16,0.9,2160,3840,2
02_Projekt-Ad Dreh (2025 Retainer 1:3),02_Projekt-Ad Dreh (2025 Retainer 1:3)/04_Exportiert/2.1 - Interview Teil 1/2.1 - Interview Teil 1_V2.mp4,0.16,1.0,2160,3840,2
02_Projekt-Ad Dreh (2025 Retainer 1:3),02_Projekt-Ad Dreh (2025 Retainer 1:3)/04_Exportiert/2.1 - Interview Teil 1/2.1 - Interview Teil 1_V3.mp4,0.16,1.0,2160,3840,2
02_Projekt-Ad Dreh (2025 Retainer 1:3),02_Projekt-Ad Dreh (2025 Retainer 1:3)/04_Exportiert/2.2 - Interview Teil 2/2.2 Interview Teil 2 neuer aufbau.mp4,0.16,0.9,2160,3840,2
02_Projekt-Ad Dreh (2025 Retainer 1:3),02_Projekt-Ad Dreh (2025 Retainer 1:3)/04_Exportiert/2.2 - Interview Teil 2/2.2 Interview Teil 2_V2.mp4,0.16,0.9,2160,3840,2
02_Projekt-Ad Dreh (2025 Retainer 1:3),02_Projekt-Ad Dreh (2025 Retainer 1:3)/04_Exportiert/2.2 - Interview Teil 2/2.2 Interview Teil 2_V3.mp4,0.16,0.9,2160,3840,2
02_Projekt-Ad Dreh (2025 Retainer 1:3),02_Projekt-Ad Dreh (2025 Retainer 1:3)/04_Exportiert/1.6 - Quiz Teil 2/1.6 - Quiz Teil 2_V1.mp4,0.15,0.9,2160,3840,2
02_Projekt-Ad Dreh (2025 Retainer 1:3),02_Projekt-Ad Dreh (2025 Retainer 1:3)/04_Exportiert/1.6 - Quiz Teil 2/1.6 - Quiz Teil 2_V2.mp4,0.15,0.9,2160,3840,2
02_Projekt-Ad Dreh (2025 Retainer 1:3),02_Projekt-Ad Dreh (2025 Retainer 1:3)/04_Exportiert/1.6 - Quiz Teil 2/1.6 - Quiz 2.mp4,0.15,0.9,2160,3840,2
02_Projekt-Ad Dreh (2025 Retainer 1:3),02_Projekt-Ad Dreh (2025 Retainer 1:3)/03_Medien/02_Assets/04_Stock Footage/FootageCrate-Aerial_Dust_Burst_1-prores.mov,0.15,0.1,1920,1080,0
02_Projekt-Ad Dreh (2025 Retainer 1:3),"02_Projekt-Ad Dreh (2025 Retainer 1:3)/03_Medien/01_Footage/Einzelne Videos/1.1 - ""HEAVY LIFTING"" Ein Tag als Azubi bei MAN/FX3_0246.MP4",0.13,0.0,3840,2160,2
02_Projekt-Ad Dreh (2025 Retainer 1:3),"02_Projekt-Ad Dreh (2025 Retainer 1:3)/03_Medien/01_Footage/Einzelne Videos/1.1 - ""HEAVY LIFTING"" Ein Tag als Azubi bei MAN/FX3_0256.MP4",0.13,0.0,3840,2160,2
02_Projekt-Ad Dreh (2025 Retainer 1:3),"02_Projekt-Ad Dreh (2025 Retainer 1:3)/03_Medien/01_Footage/Einzelne Videos/1.1 - ""HEAVY LIFTING"" Ein Tag als Azubi bei MAN/FX3_0258.MP4",0.13,0.1,3840,2160,2
02_Projekt-Ad Dreh (2025 Retainer 1:3),"02_Projekt-Ad Dreh (2025 Retainer 1:3)/03_Medien/01_Footage/Einzelne Videos/1.1 - ""HEAVY LIFTING"" Ein Tag als Azubi bei MAN/FX3_0259.MP4",0.13,0.0,3840,2160,2
02_Projekt-Ad Dreh (2025 Retainer 1:3),"02_Projekt-Ad Dreh (2025 Retainer 1:3)/03_Medien/01_Footage/Einzelne Videos/1.1 - ""HEAVY LIFTING"" Ein Tag als Azubi bei MAN/C0150.MP4",0.13,0.1,3840,2160,2
02_Projekt-Ad Dreh (2025 Retainer 1:3),"02_Projekt-Ad Dreh (2025 Retainer 1:3)/03_Medien/01_Footage/Einzelne Videos/1.2 - ""E-POWER"" Ein Tag als Azubi bei MAN/FX3_0331.MP4",0.13,0.1,3840,2160,2
02_Projekt-Ad Dreh (2025 Retainer 1:3),"02_Projekt-Ad Dreh (2025 Retainer 1:3)/03_Medien/01_Footage/Einzelne Videos/1.2 - ""E-POWER"" Ein Tag als Azubi bei MAN/FX3_0336.MP4",0.13,0.1,3840,2160,2
02_Projekt-Ad Dreh (2025 Retainer 1:3),"02_Projekt-Ad Dreh (2025 Retainer 1:3)/03_Medien/01_Footage/Einzelne Videos/1.2 - ""E-POWER"" Ein Tag als Azubi bei MAN/FX3_0337.MP4",0.13,0.1,3840,2160,2
02_Projekt-Ad Dreh (2025 Retainer 1:3),"02_Projekt-Ad Dreh (2025 Retainer 1:3)/03_Medien/01_Footage/Einzelne Videos/1.2 - ""E-POWER"" Ein Tag als Azubi bei MAN/FX3_0340.MP4",0.13,0.1,3840,2160,2
02_Projekt-Ad Dreh (2025 Retainer 1:3),"02_Projekt-Ad Dreh (2025 Retainer 1:3)/03_Medien/01_Footage/Einzelne Videos/1.2 - ""E-POWER"" Ein Tag als Azubi bei MAN/C0119.MP4",0.13,0.1,3840,2160,2
02_Projekt-Ad Dreh (2025 Retainer 1:3),"02_Projekt-Ad Dreh (2025 Retainer 1:3)/03_Medien/01_Footage/Einzelne Videos/1.2 - ""E-POWER"" Ein Tag als Azubi bei MAN/C0256.MP4",0.13,0.1,3840,2160,2
02_Projekt-Ad Dreh (2025 Retainer 1:3),"02_Projekt-Ad Dreh (2025 Retainer 1:3)/03_Medien/01_Footage/Einzelne Videos/1.2 - ""E-POWER"" Ein Tag als Azubi bei MAN/C0253.MP4",0.13,0.1,3840,2160,2
02_Projekt-Ad Dreh (2025 Retainer 1:3),"02_Projekt-Ad Dreh (2025 Retainer 1:3)/03_Medien/01_Footage/Einzelne Videos/1.2 - ""E-POWER"" Ein Tag als Azubi bei MAN/C0246.MP4",0.13,0.0,3840,2160,2
02_Projekt-Ad Dreh (2025 Retainer 1:3),"02_Projekt-Ad Dreh (2025 Retainer 1:3)/03_Medien/01_Footage/Einzelne Videos/1.2 - ""E-POWER"" Ein Tag als Azubi bei MAN/C0242.MP4",0.13,0.1,3840,2160,2
02_Projekt-Ad Dreh (2025 Retainer 1:3),"02_Projekt-Ad Dreh (2025 Retainer 1:3)/03_Medien/01_Footage/Einzelne Videos/1.2 - ""E-POWER"" Ein Tag als Azubi bei MAN/C0238.MP4",0.13,0.1,3840,2160,2
02_Projekt-Ad Dreh (2025 Retainer 1:3),"02_Projekt-Ad Dreh (2025 Retainer 1:3)/03_Medien/01_Footage/Einzelne Videos/1.2 - ""E-POWER"" Ein Tag als Azubi bei MAN/C0235.MP4",0.13,0.1,3840,2160,2
02_Projekt-Ad Dreh (2025 Retainer 1:3),02_Projekt-Ad Dreh (2025 Retainer 1:3)/03_Medien/01_Footage/Einzelne Videos/1.3 - Chiropraktiker bei MAN/FX3_0273.MP4,0.13,0.1,3840,2160,2
02_Projekt-Ad Dreh (2025 Retainer 1:3),02_Projekt-Ad Dreh (2025 Retainer 1:3)/03_Medien/01_Footage/Einzelne Videos/1.3 - Chiropraktiker bei MAN/FX3_0274.MP4,0.13,0.1,3840,2160,2
02_Projekt-Ad Dreh (2025 Retainer 1:3),02_Projekt-Ad Dreh (2025 Retainer 1:3)/03_Medien/01_Footage/Einzelne Videos/1.3 - Chiropraktiker bei MAN/FX3_0275.MP4,0.13,0.1,3840,2160,2
02_Projekt-Ad Dreh (2025 Retainer 1:3),02_Projekt-Ad Dreh (2025 Retainer 1:3)/03_Medien/01_Footage/Einzelne Videos/1.3 - Chiropraktiker bei MAN/FX3_0276.MP4,0.13,0.1,3840,2160,2
02_Projekt-Ad Dreh (2025 Retainer 1:3),02_Projekt-Ad Dreh (2025 Retainer 1:3)/03_Medien/01_Footage/Einzelne Videos/1.3 - Chiropraktiker bei MAN/FX3_0278.MP4,0.13,0.1,3840,2160,2
02_Projekt-Ad Dreh (2025 Retainer 1:3),02_Projekt-Ad Dreh (2025 Retainer 1:3)/03_Medien/01_Footage/Einzelne Videos/1.3 - Chiropraktiker bei MAN/FX3_0279.MP4,0.13,0.1,3840,2160,2
02_Projekt-Ad Dreh (2025 Retainer 1:3),02_Projekt-Ad Dreh (2025 Retainer 1:3)/03_Medien/01_Footage/Einzelne Videos/1.3 - Chiropraktiker bei MAN/FX3_0282.MP4,0.13,0.1,3840,2160,2
02_Projekt-Ad Dreh (2025 Retainer 1:3),02_Projekt-Ad Dreh (2025 Retainer 1:3)/03_Medien/01_Footage/Einzelne Videos/1.3 - Chiropraktiker bei MAN/FX3_0285.MP4,0.13,0.1,3840,2160,2
02_Projekt-Ad Dreh (2025 Retainer 1:3),02_Projekt-Ad Dreh (2025 Retainer 1:3)/03_Medien/01_Footage/Einzelne Videos/1.3 - Chiropraktiker bei MAN/FX3_0298.MP4,0.13,0.1,3840,2160,2
02_Projekt-Ad Dreh (2025 Retainer 1:3),02_Projekt-Ad Dreh (2025 Retainer 1:3)/03_Medien/01_Footage/Einzelne Videos/1.3 - Chiropraktiker bei MAN/FX3_0301.MP4,0.13,0.1,3840,2160,2
02_Projekt-Ad Dreh (2025 Retainer 1:3),02_Projekt-Ad Dreh (2025 Retainer 1:3)/03_Medien/01_Footage/Einzelne Videos/1.3 - Chiropraktiker bei MAN/FX3_0305.MP4,0.13,0.1,3840,2160,2
02_Projekt-Ad Dreh (2025 Retainer 1:3),02_Projekt-Ad Dreh (2025 Retainer 1:3)/03_Medien/01_Footage/Einzelne Videos/1.3 - Chiropraktiker bei MAN/FX3_0307.MP4,0.13,0.1,3840,2160,2
02_Projekt-Ad Dreh (2025 Retainer 1:3),02_Projekt-Ad Dreh (2025 Retainer 1:3)/03_Medien/01_Footage/Einzelne Videos/1.3 - Chiropraktiker bei MAN/FX3_0308.MP4,0.13,0.1,3840,2160,2
02_Projekt-Ad Dreh (2025 Retainer 1:3),02_Projekt-Ad Dreh (2025 Retainer 1:3)/03_Medien/01_Footage/Einzelne Videos/1.3 - Chiropraktiker bei MAN/FX3_0309.MP4,0.13,0.1,3840,2160,2
02_Projekt-Ad Dreh (2025 Retainer 1:3),02_Projekt-Ad Dreh (2025 Retainer 1:3)/03_Medien/01_Footage/Einzelne Videos/1.3 - Chiropraktiker bei MAN/FX3_0312.MP4,0.13,0.1,3840,2160,2
02_Projekt-Ad Dreh (2025 Retainer 1:3),02_Projekt-Ad Dreh (2025 Retainer 1:3)/03_Medien/01_Footage/Einzelne Videos/1.3 - Chiropraktiker bei MAN/C0159.MP4,0.13,0.1,3840,2160,2
02_Projekt-Ad Dreh (2025 Retainer 1:3),02_Projekt-Ad Dreh (2025 Retainer 1:3)/03_Medien/01_Footage/Einzelne Videos/1.3 - Chiropraktiker bei MAN/C0162.MP4,0.13,0.1,3840,2160,2
02_Projekt-Ad Dreh (2025 Retainer 1:3),02_Projekt-Ad Dreh (2025 Retainer 1:3)/03_Medien/01_Footage/Einzelne Videos/1.4 - Kamera weitergeben/FX3_4679.MP4,0.13,0.1,3840,2160,2
02_Projekt-Ad Dreh (2025 Retainer 1:3),02_Projekt-Ad Dreh (2025 Retainer 1:3)/03_Medien/01_Footage/Einzelne Videos/Allgemeine B-Roll/LKW Fahren + anheben/FX3_0344.MP4,0.13,0.0,3840,2160,2
02_Projekt-Ad Dreh (2025 Retainer 1:3),02_Projekt-Ad Dreh (2025 Retainer 1:3)/03_Medien/01_Footage/Einzelne Videos/Allgemeine B-Roll/LKW Fahren + anheben/C0233.MP4,0.13,0.1,3840,2160,2
02_Projekt-Ad Dreh (2025 Retainer 1:3),02_Projekt-Ad Dreh (2025 Retainer 1:3)/03_Medien/01_Footage/Einzelne Videos/Allgemeine B-Roll/LKW Fahren + anheben/C0232.MP4,0.13,0.1,3840,2160,2
02_Projekt-Ad Dreh (2025 Retainer 1:3),02_Projekt-Ad Dreh (2025 Retainer 1:3)/03_Medien/01_Footage/Einzelne Videos/Allgemeine B-Roll/LKW Fahren + anheben/C0228.MP4,0.13,0.1,3840,2160,2
02_Projekt-Ad Dreh (2025 Retainer 1:3),02_Projekt-Ad Dreh (2025 Retainer 1:3)/03_Medien/01_Footage/Einzelne Videos/Allgemeine B-Roll/LKW Fahren + anheben/C0225.MP4,0.13,0.0,3840,2160,2
02_Projekt-Ad Dreh (2025 Retainer 1:3),02_Projekt-Ad Dreh (2025 Retainer 1:3)/03_Medien/01_Footage/Einzelne Videos/Allgemeine B-Roll/LKW Fahren + anheben/C0220.MP4,0.13,0.0,3840,2160,2
02_Projekt-Ad Dreh (2025 Retainer 1:3),02_Projekt-Ad Dreh (2025 Retainer 1:3)/03_Medien/01_Footage/Einzelne Videos/Allgemeine B-Roll/Schweißen und Flexxen/FX3_4692.MP4,0.13,0.0,3840,2160,2
02_Projekt-Ad Dreh (2025 Retainer 1:3),02_Projekt-Ad Dreh (2025 Retainer 1:3)/03_Medien/01_Footage/Einzelne Videos/Allgemeine B-Roll/Schweißen und Flexxen/FX3_4697.MP4,0.13,0.0,3840,2160,2
02_Projekt-Ad Dreh (2025 Retainer 1:3),02_Projekt-Ad Dreh (2025 Retainer 1:3)/03_Medien/01_Footage/Einzelne Videos/Allgemeine B-Roll/Schweißen und Flexxen/FX3_4702.MP4,0.13,0.1,3840,2160,2
02_Projekt-Ad Dreh (2025 Retainer 1:3),02_Projekt-Ad Dreh (2025 Retainer 1:3)/03_Medien/01_Footage/Einzelne Videos/Allgemeine B-Roll/Schweißen und Flexxen/FX3_4704.MP4,0.13,0.1,3840,2160,2
02_Projekt-Ad Dreh (2025 Retainer 1:3),02_Projekt-Ad Dreh (2025 Retainer 1:3)/03_Medien/01_Footage/Einzelne Videos/Allgemeine B-Roll/Schweißen und Flexxen/FX3_4710.MP4,0.13,0.1,3840,2160,2
02_Projekt-Ad Dreh (2025 Retainer 1:3),02_Projekt-Ad Dreh (2025 Retainer 1:3)/03_Medien/01_Footage/Einzelne Videos/Allgemeine B-Roll/Schweißen und Flexxen/C0271.MP4,0.13,0.1,3840,2160,2
02_Projekt-Ad Dreh (2025 Retainer 1:3),02_Projekt-Ad Dreh (2025 Retainer 1:3)/03_Medien/01_Footage/Einzelne Videos/Allgemeine B-Roll/Schweißen und Flexxen/C0273.MP4,0.13,0.0,3840,2160,2
02_Projekt-Ad Dreh (2025 Retainer 1:3),02_Projekt-Ad Dreh (2025 Retainer 1:3)/03_Medien/01_Footage/Einzelne Videos/Allgemeine B-Roll/Schweißen und Flexxen/C0281.MP4,0.13,0.1,3840,2160,2
02_Projekt-Ad Dreh (2025 Retainer 1:3),02_Projekt-Ad Dreh (2025 Retainer 1:3)/03_Medien/01_Footage/Einzelne Videos/Allgemeine B-Roll/Werkstatt B-Roll/FX3_4869.MP4,0.13,0.1,3840,2160,2
02_Projekt-Ad Dreh (2025 Retainer 1:3),02_Projekt-Ad Dreh (2025 Retainer 1:3)/03_Medien/01_Footage/Einzelne Videos/Allgemeine B-Roll/Werkstatt B-Roll/FX3_4872.MP4,0.13,0.1,3840,2160,2
02_Projekt-Ad Dreh (2025 Retainer 1:3),02_Projekt-Ad Dreh (2025 Retainer 1:3)/03_Medien/01_Footage/Einzelne Videos/Allgemeine B-Roll/Werkstatt B-Roll/C0182.MP4,0.13,0.1,3840,2160,2
02_Projekt-Ad Dreh (2025 Retainer 1:3),02_Projekt-Ad Dreh (2025 Retainer 1:3)/03_Medien/01_Footage/Einzelne Videos/Allgemeine B-Roll/Werkstatt B-Roll/C0188.MP4,0.13,0.1,3840,2160,2
02_Projekt-Ad Dreh (2025 Retainer 1:3),02_Projekt-Ad Dreh (2025 Retainer 1:3)/03_Medien/01_Footage/Einzelne Videos/Allgemeine B-Roll/Werkstatt B-Roll/C0200.MP4,0.13,0.1,3840,2160,2
02_Projekt-Ad Dreh (2025 Retainer 1:3),02_Projekt-Ad Dreh (2025 Retainer 1:3)/03_Medien/01_Footage/Einzelne Videos/Allgemeine B-Roll/Werkstatt B-Roll/C0201.MP4,0.13,0.1,3840,2160,2
02_Projekt-Ad Dreh (2025 Retainer 1:3),02_Projekt-Ad Dreh (2025 Retainer 1:3)/03_Medien/01_Footage/Einzelne Videos/Allgemeine B-Roll/Werkstatt B-Roll/C0203.MP4,0.13,0.1,3840,2160,2
02_Projekt-Ad Dreh (2025 Retainer 1:3),02_Projekt-Ad Dreh (2025 Retainer 1:3)/03_Medien/01_Footage/Einzelne Videos/Allgemeine B-Roll/Werkstatt B-Roll/C0264.MP4,0.13,0.1,3840,2160,2
02_Projekt-Ad Dreh (2025 Retainer 1:3),02_Projekt-Ad Dreh (2025 Retainer 1:3)/03_Medien/01_Footage/Einzelne Videos/Allgemeine B-Roll/Werkstatt B-Roll/C0266.MP4,0.13,0.1,3840,2160,2
02_Projekt-Ad Dreh (2025 Retainer 1:3),02_Projekt-Ad Dreh (2025 Retainer 1:3)/03_Medien/01_Footage/Einzelne Videos/Allgemeine B-Roll/Werkstatt B-Roll/C0268.MP4,0.13,0.1,3840,2160,2
02_Projekt-Ad Dreh (2025 Retainer 1:3),02_Projekt-Ad Dreh (2025 Retainer 1:3)/03_Medien/01_Footage/Einzelne Videos/Allgemeine B-Roll/Werkstatt B-Roll/C0293.MP4,0.13,0.1,3840,2160,2
02_Projekt-Ad Dreh (2025 Retainer 1:3),02_Projekt-Ad Dreh (2025 Retainer 1:3)/03_Medien/01_Footage/Einzelne Videos/Allgemeine B-Roll/Werkstatt B-Roll/C0297.MP4,0.13,0.1,3840,2160,2
02_Projekt-Ad Dreh (2025 Retainer 1:3),02_Projekt-Ad Dreh (2025 Retainer 1:3)/03_Medien/01_Footage/Einzelne Videos/Allgemeine B-Roll/Werkstatt B-Roll/C0298.MP4,0.13,0.1,3840,2160,2
02_Projekt-Ad Dreh (2025 Retainer 1:3),02_Projekt-Ad Dreh (2025 Retainer 1:3)/03_Medien/01_Footage/Einzelne Videos/Allgemeine B-Roll/Werkstatt B-Roll/C0299.MP4,0.13,0.1,3840,2160,2
02_Projekt-Ad Dreh (2025 Retainer 1:3),02_Projekt-Ad Dreh (2025 Retainer 1:3)/03_Medien/01_Footage/Einzelne Videos/Allgemeine B-Roll/Werkstatt B-Roll/C0302.MP4,0.13,0.1,3840,2160,2
02_Projekt-Ad Dreh (2025 Retainer 1:3),02_Projekt-Ad Dreh (2025 Retainer 1:3)/03_Medien/01_Footage/Einzelne Videos/Allgemeine B-Roll/Werkstatt B-Roll/C0303.MP4,0.13,0.1,3840,2160,2
02_Projekt-Ad Dreh (2025 Retainer 1:3),02_Projekt-Ad Dreh (2025 Retainer 1:3)/03_Medien/01_Footage/Einzelne Videos/Allgemeine B-Roll/Werkstatt B-Roll/C0304.MP4,0.13,0.0,3840,2160,2
02_Projekt-Ad Dreh (2025 Retainer 1:3),02_Projekt-Ad Dreh (2025 Retainer 1:3)/03_Medien/01_Footage/Einzelne Videos/Allgemeine B-Roll/Werkstatt B-Roll/C0305.MP4,0.13,0.1,3840,2160,2
02_Projekt-Ad Dreh (2025 Retainer 1:3),02_Projekt-Ad Dreh (2025 Retainer 1:3)/03_Medien/01_Footage/Einzelne Videos/Allgemeine B-Roll/Werkstatt B-Roll/C0306.MP4,0.13,0.1,3840,2160,2
02_Projekt-Ad Dreh (2025 Retainer 1:3),02_Projekt-Ad Dreh (2025 Retainer 1:3)/03_Medien/01_Footage/Einzelne Videos/Allgemeine B-Roll/Werkstatt B-Roll/C0311.MP4,0.13,0.1,3840,2160,2
02_Projekt-Ad Dreh (2025 Retainer 1:3),02_Projekt-Ad Dreh (2025 Retainer 1:3)/03_Medien/01_Footage/Einzelne Videos/Allgemeine B-Roll/Werkstatt B-Roll/C0312.MP4,0.13,0.1,3840,2160,2
02_Projekt-Ad Dreh (2025 Retainer 1:3),02_Projekt-Ad Dreh (2025 Retainer 1:3)/03_Medien/01_Footage/Einzelne Videos/Allgemeine B-Roll/Werkstatt B-Roll/C0313.MP4,0.13,0.1,3840,2160,2
02_Projekt-Ad Dreh (2025 Retainer 1:3),02_Projekt-Ad Dreh (2025 Retainer 1:3)/03_Medien/01_Footage/Einzelne Videos/Allgemeine B-Roll/Werkstatt B-Roll/C0317.MP4,0.13,0.1,3840,2160,2
02_Projekt-Ad Dreh (2025 Retainer 1:3),02_Projekt-Ad Dreh (2025 Retainer 1:3)/03_Medien/01_Footage/Einzelne Videos/Allgemeine B-Roll/Werkstatt B-Roll/C0318.MP4,0.13,0.1,3840,2160,2
02_Projekt-Ad Dreh (2025 Retainer 1:3),02_Projekt-Ad Dreh (2025 Retainer 1:3)/03_Medien/01_Footage/Einzelne Videos/Allgemeine B-Roll/Werkstatt B-Roll/C0320.MP4,0.13,0.0,3840,2160,2
02_Projekt-Ad Dreh (2025 Retainer 1:3),02_Projekt-Ad Dreh (2025 Retainer 1:3)/03_Medien/01_Footage/Einzelne Videos/Allgemeine B-Roll/B-Roll Hebebüne/C0181.MP4,0.13,0.1,3840,2160,2
02_Projekt-Ad Dreh (2025 Retainer 1:3),02_Projekt-Ad Dreh (2025 Retainer 1:3)/03_Medien/01_Footage/Einzelne Videos/Allgemeine B-Roll/B-Roll ketten/C0171.MP4,0.13,0.1,3840,2160,2
02_Projekt-Ad Dreh (2025 Retainer 1:3),02_Projekt-Ad Dreh (2025 Retainer 1:3)/03_Medien/01_Footage/Einzelne Videos/Allgemeine B-Roll/B-Roll ketten/C0172.MP4,0.13,0.1,3840,2160,2
02_Projekt-Ad Dreh (2025 Retainer 1:3),02_Projekt-Ad Dreh (2025 Retainer 1:3)/03_Medien/01_Footage/Einzelne Videos/Allgemeine B-Roll/B-Roll Truck /C0176.MP4,0.13,0.1,3840,2160,2
02_Projekt-Ad Dreh (2025 Retainer 1:3),02_Projekt-Ad Dreh (2025 Retainer 1:3)/03_Medien/01_Footage/Einzelne Videos/Allgemeine B-Roll/Exo Skelett und Bühne heben/C0130.MP4,0.13,0.1,3840,2160,2
02_Projekt-Ad Dreh (2025 Retainer 1:3),02_Projekt-Ad Dreh (2025 Retainer 1:3)/03_Medien/01_Footage/Einzelne Videos/Allgemeine B-Roll/Exo Skelett und Bühne heben/C0131.MP4,0.13,0.1,3840,2160,2
02_Projekt-Ad Dreh (2025 Retainer 1:3),02_Projekt-Ad Dreh (2025 Retainer 1:3)/03_Medien/01_Footage/Einzelne Videos/Allgemeine B-Roll/Exo Skelett und Bühne heben/C0132.MP4,0.13,0.1,3840,2160,2
02_Projekt-Ad Dreh (2025 Retainer 1:3),02_Projekt-Ad Dreh (2025 Retainer 1:3)/03_Medien/01_Footage/Einzelne Videos/Allgemeine B-Roll/Exo Skelett und Bühne heben/C0134.MP4,0.13,0.1,3840,2160,2
02_Projekt-Ad Dreh (2025 Retainer 1:3),02_Projekt-Ad Dreh (2025 Retainer 1:3)/03_Medien/01_Footage/Einzelne Videos/Allgemeine B-Roll/Exo Skelett und Bühne heben/C0142.MP4,0.13,0.0,3840,2160,2
02_Projekt-Ad Dreh (2025 Retainer 1:3),02_Projekt-Ad Dreh (2025 Retainer 1:3)/03_Medien/01_Footage/Einzelne Videos/Allgemeine B-Roll/Exo Skelett und Bühne heben/C0146.MP4,0.13,0.1,3840,2160,2
02_Projekt-Ad Dreh (2025 Retainer 1:3),02_Projekt-Ad Dreh (2025 Retainer 1:3)/05_Finale Videos/1.4 - Kamera weitergeben.mp4,0.12,0.9,2160,3840,2
02_Projekt-Ad Dreh (2025 Retainer 1:3),02_Projekt-Ad Dreh (2025 Retainer 1:3)/05_Finale Videos/Alt/1.4 - Kamera weitergeben.mp4,0.12,0.9,2160,3840,2
02_Projekt-Ad Dreh (2025 Retainer 1:3),02_Projekt-Ad Dreh (2025 Retainer 1:3)/05_Finale Videos/UT/1.4 - Kamera weitergeben_UT.mp4,0.12,0.9,2160,3840,2
02_Projekt-Ad Dreh (2025 Retainer 1:3),02_Projekt-Ad Dreh (2025 Retainer 1:3)/04_Exportiert/1.4 - Kamera weitergeben/1.4 - Kamera weitergeben_V2.mp4,0.12,0.9,2160,3840,2
02_Projekt-Ad Dreh (2025 Retainer 1:3),02_Projekt-Ad Dreh (2025 Retainer 1:3)/04_Exportiert/1.4 - Kamera weitergeben/1.4 - Kamera weitergeben_V3.mp4,0.12,0.9,2160,3840,2
02_Projekt-Ad Dreh (2025 Retainer 1:3),02_Projekt-Ad Dreh (2025 Retainer 1:3)/04_Exportiert/1.4 - Kamera weitergeben/1.4 - Kamera weitergeben_V4.mp4,0.12,0.9,2160,3840,2
02_Projekt-Ad Dreh (2025 Retainer 1:3),02_Projekt-Ad Dreh (2025 Retainer 1:3)/04_Exportiert/1.4 - Kamera weitergeben/1.4 - Kamera weitergeben.mp4,0.12,0.9,2160,3840,2
02_Projekt-Ad Dreh (2025 Retainer 1:3),02_Projekt-Ad Dreh (2025 Retainer 1:3)/05_Finale Videos/3.1 - Bernd (Hook-Hund).mp4,0.11,0.8,2160,3840,2
02_Projekt-Ad Dreh (2025 Retainer 1:3),02_Projekt-Ad Dreh (2025 Retainer 1:3)/05_Finale Videos/Videonummer_Videoname (_Final hinter den Videos)/3.1 - Bernd (Hook-Hund)_V5.mp4,0.11,0.8,2160,3840,2
02_Projekt-Ad Dreh (2025 Retainer 1:3),02_Projekt-Ad Dreh (2025 Retainer 1:3)/05_Finale Videos/Alt/2.3 - Verschiedene Kleidung.mp4,0.11,0.8,2160,3840,2
02_Projekt-Ad Dreh (2025 Retainer 1:3),02_Projekt-Ad Dreh (2025 Retainer 1:3)/05_Finale Videos/Alt/3.1 - Bernd (Hook-Hund).mp4,0.11,0.8,2160,3840,2
02_Projekt-Ad Dreh (2025 Retainer 1:3),02_Projekt-Ad Dreh (2025 Retainer 1:3)/05_Finale Videos/UT/3.1 - Bernd (Hook-Hund)_UT.mp4,0.11,0.8,2160,3840,2
02_Projekt-Ad Dreh (2025 Retainer 1:3),02_Projekt-Ad Dreh (2025 Retainer 1:3)/04_Exportiert/1.4 - Kamera weitergeben/1.4 - Kamera weitergeben_V1.mp4,0.11,1.0,2160,3840,2
02_Projekt-Ad Dreh (2025 Retainer 1:3),02_Projekt-Ad Dreh (2025 Retainer 1:3)/04_Exportiert/2.3 - Verschiedene Kleidung/2.3 - Verschiedene Kleidung_V4.mp4,0.11,0.8,2160,3840,2
02_Projekt-Ad Dreh (2025 Retainer 1:3),02_Projekt-Ad Dreh (2025 Retainer 1:3)/04_Exportiert/3.1 - Bernd (Hook-Hund)/3.1 - Bernd (Hook-Hund)_V1.mp4,0.11,0.8,2160,3840,2
02_Projekt-Ad Dreh (2025 Retainer 1:3),02_Projekt-Ad Dreh (2025 Retainer 1:3)/04_Exportiert/3.1 - Bernd (Hook-Hund)/3.1 - Bernd (Hook-Hund)_V2.mp4,0.11,0.8,2160,3840,2
02_Projekt-Ad Dreh (2025 Retainer 1:3),02_Projekt-Ad Dreh (2025 Retainer 1:3)/04_Exportiert/3.1 - Bernd (Hook-Hund)/3.1 - Bernd (Hook-Hund_V3.mp4,0.11,0.8,2160,3840,2
02_Projekt-Ad Dreh (2025 Retainer 1:3),02_Projekt-Ad Dreh (2025 Retainer 1:3)/04_Exportiert/3.1 - Bernd (Hook-Hund)/3.1 - Bernd (Hook-Hund)_V4.mp4,0.11,0.8,2160,3840,2
02_Projekt-Ad Dreh (2025 Retainer 1:3),02_Projekt-Ad Dreh (2025 Retainer 1:3)/04_Exportiert/3.1 - Bernd (Hook-Hund)/3.1 - Bernd (Hook-Hund)_V5.mp4,0.11,0.8,2160,3840,2
02_Projekt-Ad Dreh (2025 Retainer 1:3),02_Projekt-Ad Dreh (2025 Retainer 1:3)/04_Exportiert/3.1 - Bernd (Hook-Hund)/3.1 - Bernd (Hook-Hund)_V6.mp4,0.11,0.8,2160,3840,2
02_Projekt-Ad Dreh (2025 Retainer 1:3),02_Projekt-Ad Dreh (2025 Retainer 1:3)/03_Medien/01_Footage/Mavic/Proxy/DJI_0794.mov,0.11,1.6,1920,1080,0
02_Projekt-Ad Dreh (2025 Retainer 1:3),"02_Projekt-Ad Dreh (2025 Retainer 1:3)/03_Medien/01_Footage/Einzelne Videos/1.2 - ""E-POWER"" Ein Tag als Azubi bei MAN/Proxy/C0245.mov",0.11,1.6,1080,1920,2
02_Projekt-Ad Dreh (2025 Retainer 1:3),02_Projekt-Ad Dreh (2025 Retainer 1:3)/05_Finale Videos/1.2 - E-POWER Ein Tag als Azubi bei MAN.mp4,0.1,0.8,2160,3840,2
02_Projekt-Ad Dreh (2025 Retainer 1:3),02_Projekt-Ad Dreh (2025 Retainer 1:3)/05_Finale Videos/2.3 - Verschiedene Kleidung.mp4,0.1,0.8,2160,3840,2
02_Projekt-Ad Dreh (2025 Retainer 1:3),02_Projekt-Ad Dreh (2025 Retainer 1:3)/05_Finale Videos/3.2 - Bernd (Hook-Hose).mp4,0.1,0.7,2160,3840,2
02_Projekt-Ad Dreh (2025 Retainer 1:3),02_Projekt-Ad Dreh (2025 Retainer 1:3)/05_Finale Videos/Alt/3.2 - Bernd (Hook-Hose).mp4,0.1,0.7,2160,3840,2
02_Projekt-Ad Dreh (2025 Retainer 1:3),02_Projekt-Ad Dreh (2025 Retainer 1:3)/05_Finale Videos/Alt/1.2 - E-POWER Ein Tag als Azubi bei MAN.mp4,0.1,0.8,2160,3840,2
02_Projekt-Ad Dreh (2025 Retainer 1:3),"02_Projekt-Ad Dreh (2025 Retainer 1:3)/05_Finale Videos/UT/1.2 - ""E-POWER"" Ein Tag als Azubi bei MAN_UT.mp4",0.1,0.8,2160,3840,2
02_Projekt-Ad Dreh (2025 Retainer 1:3),02_Projekt-Ad Dreh (2025 Retainer 1:3)/05_Finale Videos/UT/3.2 - Bernd (Hook-Hose)_UT.mp4,0.1,0.7,2160,3840,2
02_Projekt-Ad Dreh (2025 Retainer 1:3),02_Projekt-Ad Dreh (2025 Retainer 1:3)/05_Finale Videos/UT/2.3 - Verschiedene Kleidung_V5.mp4,0.1,0.8,2160,3840,2
02_Projekt-Ad Dreh (2025 Retainer 1:3),"02_Projekt-Ad Dreh (2025 Retainer 1:3)/04_Exportiert/1.2 - ""E-POWER"" Ein Tag als Azubi bei MAN/1.2 - E-POWER Ein Tag als Azubi bei MAN_V2.mp4",0.1,0.8,2160,3840,2
02_Projekt-Ad Dreh (2025 Retainer 1:3),"02_Projekt-Ad Dreh (2025 Retainer 1:3)/04_Exportiert/1.2 - ""E-POWER"" Ein Tag als Azubi bei MAN/1.2 - E-POWER Ein Tag als Azubi bei MAN_V3.mp4",0.1,0.8,2160,3840,2
02_Projekt-Ad Dreh (2025 Retainer 1:3),"02_Projekt-Ad Dreh (2025 Retainer 1:3)/04_Exportiert/1.2 - ""E-POWER"" Ein Tag als Azubi bei MAN/1.2 - E-POWER Ein Tag als Azubi bei MAN_V4.mp4",0.1,0.8,2160,3840,2
02_Projekt-Ad Dreh (2025 Retainer 1:3),02_Projekt-Ad Dreh (2025 Retainer 1:3)/04_Exportiert/2.3 - Verschiedene Kleidung/2.3 - Verschiedene Kleidung_V1.mp4,0.1,0.6,2160,3840,2
02_Projekt-Ad Dreh (2025 Retainer 1:3),02_Projekt-Ad Dreh (2025 Retainer 1:3)/04_Exportiert/2.3 - Verschiedene Kleidung/2.3 - Verschiedene Kleidung_V2.mp4,0.1,0.6,2160,3840,2
02_Projekt-Ad Dreh (2025 Retainer 1:3),02_Projekt-Ad Dreh (2025 Retainer 1:3)/04_Exportiert/2.3 - Verschiedene Kleidung/2.3 - Verschiedene Kleidung_V3.mp4,0.1,0.8,2160,3840,2
02_Projekt-Ad Dreh (2025 Retainer 1:3),02_Projekt-Ad Dreh (2025 Retainer 1:3)/04_Exportiert/2.3 - Verschiedene Kleidung/2.3 - Verschiedene Kleidung_V5.mp4,0.1,0.8,2160,3840,2
02_Projekt-Ad Dreh (2025 Retainer 1:3),02_Projekt-Ad Dreh (2025 Retainer 1:3)/04_Exportiert/3.2 - Bernd (Hook-Hose)/3.2 - Bernd (Hook-Hose)_V2.mp4,0.1,0.7,2160,3840,2
02_Projekt-Ad Dreh (2025 Retainer 1:3),02_Projekt-Ad Dreh (2025 Retainer 1:3)/04_Exportiert/3.2 - Bernd (Hook-Hose)/3.2 - Bernd (Hook-Hose)_V3.mp4,0.1,0.7,2160,3840,2
02_Projekt-Ad Dreh (2025 Retainer 1:3),02_Projekt-Ad Dreh (2025 Retainer 1:3)/04_Exportiert/3.2 - Bernd (Hook-Hose)/3.2 - Bernd (Hook-Hose)_V4.mp4,0.1,0.7,2160,3840,2
02_Projekt-Ad Dreh (2025 Retainer 1:3),02_Projekt-Ad Dreh (2025 Retainer 1:3)/04_Exportiert/3.2 - Bernd (Hook-Hose)/3.2 - Bernd (Hook-Hose)_V5.mp4,0.1,0.7,2160,3840,2
02_Projekt-Ad Dreh (2025 Retainer 1:3),02_Projekt-Ad Dreh (2025 Retainer 1:3)/04_Exportiert/3.3 - Bernd (Handstand)/3.3 - Bernd (Handstand)_V1.mp4,0.1,0.6,2160,3840,2
02_Projekt-Ad Dreh (2025 Retainer 1:3),02_Projekt-Ad Dreh (2025 Retainer 1:3)/04_Exportiert/3.3 - Bernd (Handstand)/3.3 - Bernd (Handstand)_V2.mp4,0.1,0.6,2160,3840,2
02_Projekt-Ad Dreh (2025 Retainer 1:3),02_Projekt-Ad Dreh (2025 Retainer 1:3)/04_Exportiert/3.3 - Bernd (Handstand)/3.3 - Bernd (Handstand)_V3.mp4,0.1,0.7,2160,3840,2
02_Projekt-Ad Dreh (2025 Retainer 1:3),02_Projekt-Ad Dreh (2025 Retainer 1:3)/03_Medien/01_Footage/Einzelne Videos/3.1 - Bernd (Hook-Hund)/Proxy/FX3_4714.mov,0.1,1.4,1080,1920,2
02_Projekt-Ad Dreh (2025 Retainer 1:3),02_Projekt-Ad Dreh (2025 Retainer 1:3)/05_Finale Videos/2.4 - NFZ-Mechatroniker Edit.mp4,0.09,0.7,2160,3840,2
02_Projekt-Ad Dreh (2025 Retainer 1:3),02_Projekt-Ad Dreh (2025 Retainer 1:3)/05_Finale Videos/Alt/2.4 - NFZ-Mechatroniker Edit.mp4,0.09,0.7,2160,3840,2
02_Projekt-Ad Dreh (2025 Retainer 1:3),02_Projekt-Ad Dreh (2025 Retainer 1:3)/05_Finale Videos/UT/2.4 - NFZ-Mechatroniker Edit_UT.mp4,0.09,0.7,2160,3840,2
02_Projekt-Ad Dreh (2025 Retainer 1:3),"02_Projekt-Ad Dreh (2025 Retainer 1:3)/04_Exportiert/1.2 - ""E-POWER"" Ein Tag als Azubi bei MAN/1.2 - E-POWER.mp4",0.09,0.6,2160,3840,2
02_Projekt-Ad Dreh (2025 Retainer 1:3),02_Projekt-Ad Dreh (2025 Retainer 1:3)/04_Exportiert/2.4 - NFZ-Mechatroniker Edit/2.4 - NFZ-Mechatroniker Edit_V2.mp4,0.09,0.7,2160,3840,2
02_Projekt-Ad Dreh (2025 Retainer 1:3),02_Projekt-Ad Dreh (2025 Retainer 1:3)/04_Exportiert/2.4 - NFZ-Mechatroniker Edit/2.4 - NFZ-Mechatroniker Edit_V3.mp4,0.09,0.7,2160,3840,2
02_Projekt-Ad Dreh (2025 Retainer 1:3),02_Projekt-Ad Dreh (2025 Retainer 1:3)/04_Exportiert/2.4 - NFZ-Mechatroniker Edit/2.4 - NFZ-Mechatroniker Edit_V4.mp4,0.09,0.7,2160,3840,2
02_Projekt-Ad Dreh (2025 Retainer 1:3),02_Projekt-Ad Dreh (2025 Retainer 1:3)/04_Exportiert/2.4 - NFZ-Mechatroniker Edit/2.4 - NFZ-Mechatroniker Edit.mp4,0.09,0.7,2160,3840,2
02_Projekt-Ad Dreh (2025 Retainer 1:3),02_Projekt-Ad Dreh (2025 Retainer 1:3)/04_Exportiert/3.2 - Bernd (Hook-Hose)/3.2 - Bernd (Hook-Hose)_V1.mp4,0.09,0.6,2160,3840,2
02_Projekt-Ad Dreh (2025 Retainer 1:3),02_Projekt-Ad Dreh (2025 Retainer 1:3)/03_Medien/01_Footage/Einzelne Videos/1.5 und 1.6 - Quiz /Proxy/a7MK4_20250624_4813.mov,0.09,1.8,1080,1920,2
02_Projekt-Ad Dreh (2025 Retainer 1:3),02_Projekt-Ad Dreh (2025 Retainer 1:3)/05_Finale Videos/1.1 - HEAVY LIFTING Ein Tag als Azubi bei MAN.mp4,0.08,0.6,2160,3840,2
02_Projekt-Ad Dreh (2025 Retainer 1:3),02_Projekt-Ad Dreh (2025 Retainer 1:3)/05_Finale Videos/Alt/1.1 - HEAVY LIFTING Ein Tag als Azubi bei MAN.mp4,0.08,0.6,2160,3840,2
02_Projekt-Ad Dreh (2025 Retainer 1:3),02_Projekt-Ad Dreh (2025 Retainer 1:3)/05_Finale Videos/UT/1.1 - HEAVY LIFTING Ein Tag als Azubi bei MAN_UT.mp4,0.08,0.6,2160,3840,2
02_Projekt-Ad Dreh (2025 Retainer 1:3),"02_Projekt-Ad Dreh (2025 Retainer 1:3)/04_Exportiert/1.1 - ""HEAVY LIFTING"" Ein Tag als Azubi bei MAN/1.1 - HEAVY LIFTING Ein Tag als Azubi bei MAN_V2.mp4",0.08,0.6,2160,3840,2
02_Projekt-Ad Dreh (2025 Retainer 1:3),"02_Projekt-Ad Dreh (2025 Retainer 1:3)/04_Exportiert/1.1 - ""HEAVY LIFTING"" Ein Tag als Azubi bei MAN/1.1 - HEAVY LIFTING Ein Tag als Azubi bei MAN_V3.mp4",0.08,0.6,2160,3840,2
02_Projekt-Ad Dreh (2025 Retainer 1:3),"02_Projekt-Ad Dreh (2025 Retainer 1:3)/04_Exportiert/1.1 - ""HEAVY LIFTING"" Ein Tag als Azubi bei MAN/1.1 - HEAVY LIFTING Ein Tag als Azubi bei MAN.mp4",0.08,0.6,2160,3840,2
02_Projekt-Ad Dreh (2025 Retainer 1:3),"02_Projekt-Ad Dreh (2025 Retainer 1:3)/04_Exportiert/1.1 - ""HEAVY LIFTING"" Ein Tag als Azubi bei MAN/1.1 - HEAVY LIFTING Ein Tag als Azubi bei MAN_V4.mp4",0.08,0.6,2160,3840,2
02_Projekt-Ad Dreh (2025 Retainer 1:3),02_Projekt-Ad Dreh (2025 Retainer 1:3)/03_Medien/02_Assets/04_Stock Footage/stock-market-transitions-2024-01-29-10-33-56-utc/A02.mov,0.08,0.0,3840,2160,2
02_Projekt-Ad Dreh (2025 Retainer 1:3),02_Projekt-Ad Dreh (2025 Retainer 1:3)/03_Medien/02_Assets/04_Stock Footage/stock-market-transitions-2024-01-29-10-33-56-utc/A03.mov,0.08,0.0,3840,2160,2
02_Projekt-Ad Dreh (2025 Retainer 1:3),02_Projekt-Ad Dreh (2025 Retainer 1:3)/03_Medien/02_Assets/04_Stock Footage/stock-market-transitions-2024-01-29-10-33-56-utc/A05.mov,0.08,0.0,3840,2160,2
02_Projekt-Ad Dreh (2025 Retainer 1:3),02_Projekt-Ad Dreh (2025 Retainer 1:3)/03_Medien/01_Footage/Einzelne Videos/Allgemeine B-Roll/Schweißen und Flexxen/Proxy/C0279.mov,0.08,1.1,1080,1920,2
02_Projekt-Ad Dreh (2025 Retainer 1:3),"02_Projekt-Ad Dreh (2025 Retainer 1:3)/03_Medien/01_Footage/Einzelne Videos/1.2 - ""E-POWER"" Ein Tag als Azubi bei MAN/Proxy/FX3_0333.mov",0.08,1.1,1080,1920,2
02_Projekt-Ad Dreh (2025 Retainer 1:3),"02_Projekt-Ad Dreh (2025 Retainer 1:3)/04_Exportiert/1.1 - ""HEAVY LIFTING"" Ein Tag als Azubi bei MAN/1.1 - HEAVY LIFTING.mp4",0.07,0.4,2160,3840,2
02_Projekt-Ad Dreh (2025 Retainer 1:3),02_Projekt-Ad Dreh (2025 Retainer 1:3)/04_Exportiert/2.4 - NFZ-Mechatroniker Edit/2.4 - NFZ-Mechatroniker Edit_V1.mp4,0.07,0.4,2160,3840,2
02_Projekt-Ad Dreh (2025 Retainer 1:3),"02_Projekt-Ad Dreh (2025 Retainer 1:3)/03_Medien/01_Footage/Einzelne Videos/1.1 - ""HEAVY LIFTING"" Ein Tag als Azubi bei MAN/FX3_0263.MP4",0.07,0.0,3840,2160,2
02_Projekt-Ad Dreh (2025 Retainer 1:3),"02_Projekt-Ad Dreh (2025 Retainer 1:3)/03_Medien/01_Footage/Einzelne Videos/1.2 - ""E-POWER"" Ein Tag als Azubi bei MAN/FX3_0329.MP4",0.07,0.0,3840,2160,2
02_Projekt-Ad Dreh (2025 Retainer 1:3),"02_Projekt-Ad Dreh (2025 Retainer 1:3)/03_Medien/01_Footage/Einzelne Videos/1.2 - ""E-POWER"" Ein Tag als Azubi bei MAN/C0117.MP4",0.07,0.0,3840,2160,2
02_Projekt-Ad Dreh (2025 Retainer 1:3),02_Projekt-Ad Dreh (2025 Retainer 1:3)/03_Medien/01_Footage/Einzelne Videos/1.3 - Chiropraktiker bei MAN/FX3_0272.MP4,0.07,0.1,3840,2160,2
02_Projekt-Ad Dreh (2025 Retainer 1:3),02_Projekt-Ad Dreh (2025 Retainer 1:3)/03_Medien/01_Footage/Einzelne Videos/1.3 - Chiropraktiker bei MAN/FX3_0283.MP4,0.07,0.0,3840,2160,2
02_Projekt-Ad Dreh (2025 Retainer 1:3),02_Projekt-Ad Dreh (2025 Retainer 1:3)/03_Medien/01_Footage/Einzelne Videos/1.3 - Chiropraktiker bei MAN/FX3_0286.MP4,0.07,0.0,3840,2160,2
02_Projekt-Ad Dreh (2025 Retainer 1:3),02_Projekt-Ad Dreh (2025 Retainer 1:3)/03_Medien/01_Footage/Einzelne Videos/1.3 - Chiropraktiker bei MAN/FX3_0287.MP4,0.07,0.1,3840,2160,2
02_Projekt-Ad Dreh (2025 Retainer 1:3),02_Projekt-Ad Dreh (2025 Retainer 1:3)/03_Medien/01_Footage/Einzelne Videos/1.3 - Chiropraktiker bei MAN/FX3_0289.MP4,0.07,0.0,3840,2160,2
02_Projekt-Ad Dreh (2025 Retainer 1:3),02_Projekt-Ad Dreh (2025 Retainer 1:3)/03_Medien/01_Footage/Einzelne Videos/1.3 - Chiropraktiker bei MAN/FX3_0290.MP4,0.07,0.0,3840,2160,2
02_Projekt-Ad Dreh (2025 Retainer 1:3),02_Projekt-Ad Dreh (2025 Retainer 1:3)/03_Medien/01_Footage/Einzelne Videos/1.3 - Chiropraktiker bei MAN/FX3_0297.MP4,0.07,0.0,3840,2160,2
02_Projekt-Ad Dreh (2025 Retainer 1:3),02_Projekt-Ad Dreh (2025 Retainer 1:3)/03_Medien/01_Footage/Einzelne Videos/1.3 - Chiropraktiker bei MAN/FX3_0311.MP4,0.07,0.1,3840,2160,2
02_Projekt-Ad Dreh (2025 Retainer 1:3),02_Projekt-Ad Dreh (2025 Retainer 1:3)/03_Medien/01_Footage/Einzelne Videos/1.3 - Chiropraktiker bei MAN/C0155.MP4,0.07,0.0,3840,2160,2
02_Projekt-Ad Dreh (2025 Retainer 1:3),02_Projekt-Ad Dreh (2025 Retainer 1:3)/03_Medien/01_Footage/Einzelne Videos/1.3 - Chiropraktiker bei MAN/C0157.MP4,0.07,0.0,3840,2160,2
02_Projekt-Ad Dreh (2025 Retainer 1:3),02_Projekt-Ad Dreh (2025 Retainer 1:3)/03_Medien/01_Footage/Einzelne Videos/1.4 - Kamera weitergeben/FX3_4677.MP4,0.07,0.0,3840,2160,2
02_Projekt-Ad Dreh (2025 Retainer 1:3),02_Projekt-Ad Dreh (2025 Retainer 1:3)/03_Medien/01_Footage/Einzelne Videos/1.5 und 1.6 - Quiz /a7MK4_20250624_4811.MP4,0.07,0.0,3840,2160,2
02_Projekt-Ad Dreh (2025 Retainer 1:3),02_Projekt-Ad Dreh (2025 Retainer 1:3)/03_Medien/01_Footage/Einzelne Videos/1.5 und 1.6 - Quiz /a7MK4_20250624_4812.MP4,0.07,0.0,3840,2160,2
02_Projekt-Ad Dreh (2025 Retainer 1:3),02_Projekt-Ad Dreh (2025 Retainer 1:3)/03_Medien/01_Footage/Einzelne Videos/Allgemeine B-Roll/LKW Fahren + anheben/C0231.MP4,0.07,0.0,3840,2160,2
02_Projekt-Ad Dreh (2025 Retainer 1:3),02_Projekt-Ad Dreh (2025 Retainer 1:3)/03_Medien/01_Footage/Einzelne Videos/Allgemeine B-Roll/LKW Fahren + anheben/C0229.MP4,0.07,0.0,3840,2160,2
02_Projekt-Ad Dreh (2025 Retainer 1:3),02_Projekt-Ad Dreh (2025 Retainer 1:3)/03_Medien/01_Footage/Einzelne Videos/Allgemeine B-Roll/Schweißen und Flexxen/FX3_4690.MP4,0.07,0.0,3840,2160,2
02_Projekt-Ad Dreh (2025 Retainer 1:3),02_Projekt-Ad Dreh (2025 Retainer 1:3)/03_Medien/01_Footage/Einzelne Videos/Allgemeine B-Roll/Schweißen und Flexxen/FX3_4699.MP4,0.07,0.0,3840,2160,2
02_Projekt-Ad Dreh (2025 Retainer 1:3),02_Projekt-Ad Dreh (2025 Retainer 1:3)/03_Medien/01_Footage/Einzelne Videos/Allgemeine B-Roll/Schweißen und Flexxen/FX3_4706.MP4,0.07,0.0,3840,2160,2
02_Projekt-Ad Dreh (2025 Retainer 1:3),02_Projekt-Ad Dreh (2025 Retainer 1:3)/03_Medien/01_Footage/Einzelne Videos/Allgemeine B-Roll/Schweißen und Flexxen/C0272.MP4,0.07,0.0,3840,2160,2
02_Projekt-Ad Dreh (2025 Retainer 1:3),02_Projekt-Ad Dreh (2025 Retainer 1:3)/03_Medien/01_Footage/Einzelne Videos/Allgemeine B-Roll/Schweißen und Flexxen/C0274.MP4,0.07,0.0,3840,2160,2
02_Projekt-Ad Dreh (2025 Retainer 1:3),02_Projekt-Ad Dreh (2025 Retainer 1:3)/03_Medien/01_Footage/Einzelne Videos/Allgemeine B-Roll/Schweißen und Flexxen/C0280.MP4,0.07,0.0,3840,2160,2
02_Projekt-Ad Dreh (2025 Retainer 1:3),02_Projekt-Ad Dreh (2025 Retainer 1:3)/03_Medien/01_Footage/Einzelne Videos/Allgemeine B-Roll/Schweißen und Flexxen/C0282.MP4,0.07,0.0,3840,2160,2
02_Projekt-Ad Dreh (2025 Retainer 1:3),02_Projekt-Ad Dreh (2025 Retainer 1:3)/03_Medien/01_Footage/Einzelne Videos/Allgemeine B-Roll/Werkstatt B-Roll/FX3_4867.MP4,0.07,0.0,3840,2160,2
02_Projekt-Ad Dreh (2025 Retainer 1:3),02_Projekt-Ad Dreh (2025 Retainer 1:3)/03_Medien/01_Footage/Einzelne Videos/Allgemeine B-Roll/Werkstatt B-Roll/FX3_4874.MP4,0.07,0.0,3840,2160,2
02_Projekt-Ad Dreh (2025 Retainer 1:3),02_Projekt-Ad Dreh (2025 Retainer 1:3)/03_Medien/01_Footage/Einzelne Videos/Allgemeine B-Roll/Werkstatt B-Roll/C0189.MP4,0.07,0.0,3840,2160,2
02_Projekt-Ad Dreh (2025 Retainer 1:3),02_Projekt-Ad Dreh (2025 Retainer 1:3)/03_Medien/01_Footage/Einzelne Videos/Allgemeine B-Roll/Werkstatt B-Roll/C0197.MP4,0.07,0.0,3840,2160,2
02_Projekt-Ad Dreh (2025 Retainer 1:3),02_Projekt-Ad Dreh (2025 Retainer 1:3)/03_Medien/01_Footage/Einzelne Videos/Allgemeine B-Roll/Werkstatt B-Roll/C0210.MP4,0.07,0.0,3840,2160,2
02_Projekt-Ad Dreh (2025 Retainer 1:3),02_Projekt-Ad Dreh (2025 Retainer 1:3)/03_Medien/01_Footage/Einzelne Videos/Allgemeine B-Roll/Werkstatt B-Roll/C0292.MP4,0.07,0.0,3840,2160,2
02_Projekt-Ad Dreh (2025 Retainer 1:3),02_Projekt-Ad Dreh (2025 Retainer 1:3)/03_Medien/01_Footage/Einzelne Videos/Allgemeine B-Roll/Werkstatt B-Roll/C0296.MP4,0.07,0.0,3840,2160,2
02_Projekt-Ad Dreh (2025 Retainer 1:3),02_Projekt-Ad Dreh (2025 Retainer 1:3)/03_Medien/01_Footage/Einzelne Videos/Allgemeine B-Roll/Werkstatt B-Roll/C0310.MP4,0.07,0.0,3840,2160,2
02_Projekt-Ad Dreh (2025 Retainer 1:3),02_Projekt-Ad Dreh (2025 Retainer 1:3)/03_Medien/01_Footage/Einzelne Videos/Allgemeine B-Roll/Werkstatt B-Roll/C0323.MP4,0.07,0.0,3840,2160,2
02_Projekt-Ad Dreh (2025 Retainer 1:3),02_Projekt-Ad Dreh (2025 Retainer 1:3)/03_Medien/01_Footage/Einzelne Videos/Allgemeine B-Roll/B-Roll Truck /C0174.MP4,0.07,0.0,3840,2160,2
02_Projekt-Ad Dreh (2025 Retainer 1:3),02_Projekt-Ad Dreh (2025 Retainer 1:3)/03_Medien/01_Footage/Einzelne Videos/Allgemeine B-Roll/Exo Skelett und Bühne heben/C0133.MP4,0.07,0.0,3840,2160,2
02_Projekt-Ad Dreh (2025 Retainer 1:3),02_Projekt-Ad Dreh (2025 Retainer 1:3)/03_Medien/01_Footage/Einzelne Videos/Allgemeine B-Roll/LKW Fahren + anheben/Proxy/C0226.mov,0.07,1.0,1080,1920,2
02_Projekt-Ad Dreh (2025 Retainer 1:3),02_Projekt-Ad Dreh (2025 Retainer 1:3)/03_Medien/01_Footage/Einzelne Videos/Allgemeine B-Roll/LKW Fahren + anheben/Proxy/FX3_0323.mov,0.07,1.0,1080,1920,2
02_Projekt-Ad Dreh (2025 Retainer 1:3),"02_Projekt-Ad Dreh (2025 Retainer 1:3)/03_Medien/01_Footage/Einzelne Videos/1.1 - ""HEAVY LIFTING"" Ein Tag als Azubi bei MAN/Proxy/FX3_0253.mov",0.07,1.5,1080,1920,2
02_Projekt-Ad Dreh (2025 Retainer 1:3),02_Projekt-Ad Dreh (2025 Retainer 1:3)/03_Medien/02_Assets/04_Stock Footage/stock-market-transitions-2024-01-29-10-33-56-utc/A04.mov,0.06,0.0,3840,2160,2
02_Projekt-Ad Dreh (2025 Retainer 1:3),02_Projekt-Ad Dreh (2025 Retainer 1:3)/03_Medien/02_Assets/04_Stock Footage/stock-market-transitions-2024-01-29-10-33-56-utc/A06.mov,0.06,0.0,3840,2160,2
02_Projekt-Ad Dreh (2025 Retainer 1:3),02_Projekt-Ad Dreh (2025 Retainer 1:3)/03_Medien/02_Assets/04_Stock Footage/stock-market-transitions-2024-01-29-10-33-56-utc/A08.mov,0.06,0.0,3840,2160,2
02_Projekt-Ad Dreh (2025 Retainer 1:3),02_Projekt-Ad Dreh (2025 Retainer 1:3)/03_Medien/02_Assets/04_Stock Footage/stock-market-transitions-2024-01-29-10-33-56-utc/A09.mov,0.06,0.0,3840,2160,2
02_Projekt-Ad Dreh (2025 Retainer 1:3),02_Projekt-Ad Dreh (2025 Retainer 1:3)/03_Medien/02_Assets/04_Stock Footage/stock-market-transitions-2024-01-29-10-33-56-utc/A10.mov,0.06,0.0,3840,2160,2
02_Projekt-Ad Dreh (2025 Retainer 1:3),02_Projekt-Ad Dreh (2025 Retainer 1:3)/03_Medien/01_Footage/Einzelne Videos/Allgemeine B-Roll/Werkstatt B-Roll/Proxy/C0196.mov,0.06,0.8,1080,1920,2
02_Projekt-Ad Dreh (2025 Retainer 1:3),02_Projekt-Ad Dreh (2025 Retainer 1:3)/03_Medien/01_Footage/Einzelne Videos/Allgemeine B-Roll/Werkstatt B-Roll/Proxy/C0212.mov,0.06,0.9,1080,1920,2
02_Projekt-Ad Dreh (2025 Retainer 1:3),02_Projekt-Ad Dreh (2025 Retainer 1:3)/03_Medien/01_Footage/Einzelne Videos/Allgemeine B-Roll/LKW Fahren + anheben/Proxy/C0230.mov,0.06,0.9,1080,1920,2
02_Projekt-Ad Dreh (2025 Retainer 1:3),02_Projekt-Ad Dreh (2025 Retainer 1:3)/03_Medien/01_Footage/Einzelne Videos/Allgemeine B-Roll/LKW Fahren + anheben/Proxy/FX3_0313.mov,0.06,1.3,1080,1920,2
02_Projekt-Ad Dreh (2025 Retainer 1:3),02_Projekt-Ad Dreh (2025 Retainer 1:3)/03_Medien/01_Footage/Einzelne Videos/Allgemeine B-Roll/LKW Fahren + anheben/Proxy/FX3_0315.mov,0.06,1.2,1080,1920,2
02_Projekt-Ad Dreh (2025 Retainer 1:3),02_Projekt-Ad Dreh (2025 Retainer 1:3)/03_Medien/01_Footage/Einzelne Videos/Allgemeine B-Roll/LKW Fahren + anheben/Proxy/FX3_0322.mov,0.06,0.9,1080,1920,2
02_Projekt-Ad Dreh (2025 Retainer 1:3),02_Projekt-Ad Dreh (2025 Retainer 1:3)/03_Medien/01_Footage/Einzelne Videos/2.3 - Verschiedene Kleidung/Proxy/C0288.mov,0.06,0.8,1080,1920,2
02_Projekt-Ad Dreh (2025 Retainer 1:3),02_Projekt-Ad Dreh (2025 Retainer 1:3)/05_Finale Videos/1.3 - Chiropraktiker bei MAN.mp4,0.05,0.4,2160,3840,2
02_Projekt-Ad Dreh (2025 Retainer 1:3),02_Projekt-Ad Dreh (2025 Retainer 1:3)/05_Finale Videos/Alt/1.3 - Chiropraktiker bei MAN.mp4,0.05,0.4,2160,3840,2
02_Projekt-Ad Dreh (2025 Retainer 1:3),02_Projekt-Ad Dreh (2025 Retainer 1:3)/05_Finale Videos/Alt/1.3 - Chiropraktiker bei MAN_V4.mp4,0.05,0.4,2160,3840,2
02_Projekt-Ad Dreh (2025 Retainer 1:3),02_Projekt-Ad Dreh (2025 Retainer 1:3)/05_Finale Videos/UT/1.3 - Chiropraktiker bei MAN_V5.mp4,0.05,0.4,2160,3840,2
02_Projekt-Ad Dreh (2025 Retainer 1:3),02_Projekt-Ad Dreh (2025 Retainer 1:3)/04_Exportiert/1.3 - Chiropraktiker bei MAN/1.3 - Chiropraktiker bei MAN_V3.mp4,0.05,0.4,2160,3840,2
02_Projekt-Ad Dreh (2025 Retainer 1:3),02_Projekt-Ad Dreh (2025 Retainer 1:3)/04_Exportiert/1.3 - Chiropraktiker bei MAN/1.3 - Chiropraktiker bei MAN_V4.mp4,0.05,0.4,2160,3840,2
02_Projekt-Ad Dreh (2025 Retainer 1:3),02_Projekt-Ad Dreh (2025 Retainer 1:3)/04_Exportiert/1.3 - Chiropraktiker bei MAN/1.3 - Chiropraktiker bei MAN_V5.mp4,0.05,0.4,2160,3840,2
02_Projekt-Ad Dreh (2025 Retainer 1:3),02_Projekt-Ad Dreh (2025 Retainer 1:3)/03_Medien/02_Assets/04_Stock Footage/stock-market-transitions-2024-01-29-10-33-56-utc/A01.mov,0.05,0.0,3840,2160,2
02_Projekt-Ad Dreh (2025 Retainer 1:3),02_Projekt-Ad Dreh (2025 Retainer 1:3)/03_Medien/01_Footage/Einzelne Videos/Allgemeine B-Roll/Werkstatt B-Roll/Proxy/C0211.mov,0.05,0.8,1080,1920,2
02_Projekt-Ad Dreh (2025 Retainer 1:3),02_Projekt-Ad Dreh (2025 Retainer 1:3)/03_Medien/01_Footage/Einzelne Videos/Allgemeine B-Roll/Werkstatt B-Roll/Proxy/C0291.mov,0.05,0.8,1080,1920,2
02_Projekt-Ad Dreh (2025 Retainer 1:3),02_Projekt-Ad Dreh (2025 Retainer 1:3)/03_Medien/01_Footage/Einzelne Videos/Allgemeine B-Roll/LKW Fahren + anheben/Proxy/FX3_0324.mov,0.05,0.8,1080,1920,2
02_Projekt-Ad Dreh (2025 Retainer 1:3),02_Projekt-Ad Dreh (2025 Retainer 1:3)/03_Medien/01_Footage/Einzelne Videos/2.3 - Verschiedene Kleidung/Proxy/FX3_4686.mov,0.05,0.7,1080,1920,2
02_Projekt-Ad Dreh (2025 Retainer 1:3),02_Projekt-Ad Dreh (2025 Retainer 1:3)/03_Medien/01_Footage/Einzelne Videos/2.3 - Verschiedene Kleidung/Proxy/FX3_4687.mov,0.05,0.7,1080,1920,2
02_Projekt-Ad Dreh (2025 Retainer 1:3),02_Projekt-Ad Dreh (2025 Retainer 1:3)/03_Medien/01_Footage/Einzelne Videos/2.3 - Verschiedene Kleidung/Proxy/C0287.mov,0.05,0.7,1080,1920,2
02_Projekt-Ad Dreh (2025 Retainer 1:3),02_Projekt-Ad Dreh (2025 Retainer 1:3)/03_Medien/01_Footage/Einzelne Videos/1.3 - Chiropraktiker bei MAN/Proxy/FX3_0295.mov,0.05,1.2,1080,1920,2
02_Projekt-Ad Dreh (2025 Retainer 1:3),"02_Projekt-Ad Dreh (2025 Retainer 1:3)/03_Medien/01_Footage/Einzelne Videos/1.2 - ""E-POWER"" Ein Tag als Azubi bei MAN/Proxy/C0124.mov",0.05,0.7,1080,1920,2
02_Projekt-Ad Dreh (2025 Retainer 1:3),"02_Projekt-Ad Dreh (2025 Retainer 1:3)/03_Medien/01_Footage/Einzelne Videos/1.2 - ""E-POWER"" Ein Tag als Azubi bei MAN/Proxy/C0240.mov",0.05,0.7,1080,1920,2
02_Projekt-Ad Dreh (2025 Retainer 1:3),"02_Projekt-Ad Dreh (2025 Retainer 1:3)/03_Medien/01_Footage/Einzelne Videos/1.2 - ""E-POWER"" Ein Tag als Azubi bei MAN/Proxy/FX3_0339.mov",0.05,0.8,1080,1920,2
02_Projekt-Ad Dreh (2025 Retainer 1:3),02_Projekt-Ad Dreh (2025 Retainer 1:3)/04_Exportiert/1.3 - Chiropraktiker bei MAN/1.3 - Chiropraktiker bei MAN_V1.mp4,0.04,0.3,2160,3840,2
02_Projekt-Ad Dreh (2025 Retainer 1:3),02_Projekt-Ad Dreh (2025 Retainer 1:3)/04_Exportiert/1.3 - Chiropraktiker bei MAN/1.3 - Chiropraktiker bei MAN_V2.mp4,0.04,0.3,2160,3840,2
02_Projekt-Ad Dreh (2025 Retainer 1:3),02_Projekt-Ad Dreh (2025 Retainer 1:3)/03_Medien/02_Assets/04_Stock Footage/stock-market-transitions-2024-01-29-10-33-56-utc/A07.mov,0.04,0.0,3840,2160,2
02_Projekt-Ad Dreh (2025 Retainer 1:3),02_Projekt-Ad Dreh (2025 Retainer 1:3)/03_Medien/01_Footage/Einzelne Videos/Allgemeine B-Roll/Exo Skelett und Bühne heben/Proxy/C0141.mov,0.04,0.5,1080,1920,2
02_Projekt-Ad Dreh (2025 Retainer 1:3),02_Projekt-Ad Dreh (2025 Retainer 1:3)/03_Medien/01_Footage/Einzelne Videos/Allgemeine B-Roll/Werkstatt B-Roll/Proxy/C0185.mov,0.04,0.5,1080,1920,2
02_Projekt-Ad Dreh (2025 Retainer 1:3),02_Projekt-Ad Dreh (2025 Retainer 1:3)/03_Medien/01_Footage/Einzelne Videos/Allgemeine B-Roll/Werkstatt B-Roll/Proxy/C0213.mov,0.04,0.5,1080,1920,2
02_Projekt-Ad Dreh (2025 Retainer 1:3),02_Projekt-Ad Dreh (2025 Retainer 1:3)/03_Medien/01_Footage/Einzelne Videos/Allgemeine B-Roll/Werkstatt B-Roll/Proxy/FX3_4657.mov,0.04,0.8,1080,1920,2
02_Projekt-Ad Dreh (2025 Retainer 1:3),02_Projekt-Ad Dreh (2025 Retainer 1:3)/03_Medien/01_Footage/Einzelne Videos/Allgemeine B-Roll/Schweißen und Flexxen/Proxy/C0286.mov,0.04,0.6,1080,1920,2
02_Projekt-Ad Dreh (2025 Retainer 1:3),02_Projekt-Ad Dreh (2025 Retainer 1:3)/03_Medien/01_Footage/Einzelne Videos/Allgemeine B-Roll/LKW Fahren + anheben/Proxy/FX3_0319.mov,0.04,0.5,1080,1920,2
02_Projekt-Ad Dreh (2025 Retainer 1:3),02_Projekt-Ad Dreh (2025 Retainer 1:3)/03_Medien/01_Footage/Einzelne Videos/2.3 - Verschiedene Kleidung/Proxy/C0289.mov,0.04,0.6,1080,1920,2
02_Projekt-Ad Dreh (2025 Retainer 1:3),02_Projekt-Ad Dreh (2025 Retainer 1:3)/03_Medien/01_Footage/Einzelne Videos/1.3 - Chiropraktiker bei MAN/Proxy/C0169.mov,0.04,0.6,1080,1920,2
02_Projekt-Ad Dreh (2025 Retainer 1:3),02_Projekt-Ad Dreh (2025 Retainer 1:3)/03_Medien/01_Footage/Einzelne Videos/1.3 - Chiropraktiker bei MAN/Proxy/FX3_0269.mov,0.04,0.5,1080,1920,2
02_Projekt-Ad Dreh (2025 Retainer 1:3),02_Projekt-Ad Dreh (2025 Retainer 1:3)/03_Medien/01_Footage/Einzelne Videos/1.3 - Chiropraktiker bei MAN/Proxy/FX3_0267.mov,0.04,0.6,1080,1920,2
02_Projekt-Ad Dreh (2025 Retainer 1:3),02_Projekt-Ad Dreh (2025 Retainer 1:3)/03_Medien/01_Footage/Einzelne Videos/1.3 - Chiropraktiker bei MAN/Proxy/FX3_0268.mov,0.04,0.6,1080,1920,2
02_Projekt-Ad Dreh (2025 Retainer 1:3),02_Projekt-Ad Dreh (2025 Retainer 1:3)/03_Medien/01_Footage/Einzelne Videos/1.3 - Chiropraktiker bei MAN/Proxy/FX3_0303.mov,0.04,0.8,1080,1920,2
02_Projekt-Ad Dreh (2025 Retainer 1:3),02_Projekt-Ad Dreh (2025 Retainer 1:3)/03_Medien/01_Footage/Einzelne Videos/1.3 - Chiropraktiker bei MAN/Proxy/FX3_0304.mov,0.04,0.8,1080,1920,2
02_Projekt-Ad Dreh (2025 Retainer 1:3),"02_Projekt-Ad Dreh (2025 Retainer 1:3)/03_Medien/01_Footage/Einzelne Videos/1.1 - ""HEAVY LIFTING"" Ein Tag als Azubi bei MAN/Proxy/C0153.mov",0.04,0.6,1080,1920,2
02_Projekt-Ad Dreh (2025 Retainer 1:3),02_Projekt-Ad Dreh (2025 Retainer 1:3)/03_Medien/02_Assets/04_Stock Footage/film-transitions-2023-11-27-05-28-21-utc/FILM TRANSITION 20.mp4,0.03,0.0,3840,2160,2
02_Projekt-Ad Dreh (2025 Retainer 1:3),02_Projekt-Ad Dreh (2025 Retainer 1:3)/03_Medien/02_Assets/04_Stock Footage/film-transitions-2023-11-27-05-28-21-utc/FILM TRANSITION 2.mp4,0.03,0.0,3840,2160,2
02_Projekt-Ad Dreh (2025 Retainer 1:3),02_Projekt-Ad Dreh (2025 Retainer 1:3)/03_Medien/02_Assets/04_Stock Footage/film-transitions-2023-11-27-05-28-21-utc/FILM TRANSITION 4.mp4,0.03,0.0,3840,2160,2
02_Projekt-Ad Dreh (2025 Retainer 1:3),02_Projekt-Ad Dreh (2025 Retainer 1:3)/03_Medien/01_Footage/Mavic/Proxy/DJI_0793.mov,0.03,0.4,1920,1080,0
02_Projekt-Ad Dreh (2025 Retainer 1:3),02_Projekt-Ad Dreh (2025 Retainer 1:3)/03_Medien/01_Footage/Mavic/Proxy/DJI_0792.mov,0.03,0.4,1920,1080,0
02_Projekt-Ad Dreh (2025 Retainer 1:3),02_Projekt-Ad Dreh (2025 Retainer 1:3)/03_Medien/01_Footage/Mavic/Proxy/DJI_0791.mov,0.03,0.4,1920,1080,0
02_Projekt-Ad Dreh (2025 Retainer 1:3),02_Projekt-Ad Dreh (2025 Retainer 1:3)/03_Medien/01_Footage/Einzelne Videos/Allgemeine B-Roll/Werkstatt B-Roll/Proxy/C0315.mov,0.03,0.4,1080,1920,2
02_Projekt-Ad Dreh (2025 Retainer 1:3),02_Projekt-Ad Dreh (2025 Retainer 1:3)/03_Medien/01_Footage/Einzelne Videos/Allgemeine B-Roll/Werkstatt B-Roll/Proxy/FX3_4666.mov,0.03,0.4,1080,1920,2
02_Projekt-Ad Dreh (2025 Retainer 1:3),02_Projekt-Ad Dreh (2025 Retainer 1:3)/03_Medien/01_Footage/Einzelne Videos/Allgemeine B-Roll/Werkstatt B-Roll/Proxy/FX3_4861.mov,0.03,0.4,1080,1920,2
02_Projekt-Ad Dreh (2025 Retainer 1:3),02_Projekt-Ad Dreh (2025 Retainer 1:3)/03_Medien/01_Footage/Einzelne Videos/Allgemeine B-Roll/Werkstatt B-Roll/Proxy/FX3_4875.mov,0.03,0.6,1080,1920,2
02_Projekt-Ad Dreh (2025 Retainer 1:3),02_Projekt-Ad Dreh (2025 Retainer 1:3)/03_Medien/01_Footage/Einzelne Videos/Allgemeine B-Roll/Schweißen und Flexxen/Proxy/C0283.mov,0.03,0.4,1080,1920,2
02_Projekt-Ad Dreh (2025 Retainer 1:3),02_Projekt-Ad Dreh (2025 Retainer 1:3)/03_Medien/01_Footage/Einzelne Videos/3.3 - Bernd (Handstand)/Proxy/FX3_4718.mov,0.03,0.6,1080,1920,2
02_Projekt-Ad Dreh (2025 Retainer 1:3),02_Projekt-Ad Dreh (2025 Retainer 1:3)/03_Medien/01_Footage/Einzelne Videos/2.3 - Verschiedene Kleidung/Proxy/FX3_4719.mov,0.03,0.5,1080,1920,2
02_Projekt-Ad Dreh (2025 Retainer 1:3),02_Projekt-Ad Dreh (2025 Retainer 1:3)/03_Medien/01_Footage/Einzelne Videos/2.3 - Verschiedene Kleidung/Proxy/FX3_4853.mov,0.03,0.4,1080,1920,2
02_Projekt-Ad Dreh (2025 Retainer 1:3),02_Projekt-Ad Dreh (2025 Retainer 1:3)/03_Medien/01_Footage/Einzelne Videos/1.4 - Kamera weitergeben/Proxy/FX3_4682.mov,0.03,0.6,1080,1920,2
02_Projekt-Ad Dreh (2025 Retainer 1:3),02_Projekt-Ad Dreh (2025 Retainer 1:3)/03_Medien/01_Footage/Einzelne Videos/1.3 - Chiropraktiker bei MAN/Proxy/FX3_0266.mov,0.03,0.4,1080,1920,2
02_Projekt-Ad Dreh (2025 Retainer 1:3),"02_Projekt-Ad Dreh (2025 Retainer 1:3)/03_Medien/01_Footage/Einzelne Videos/1.2 - ""E-POWER"" Ein Tag als Azubi bei MAN/Proxy/C0122.mov",0.03,0.5,1080,1920,2
02_Projekt-Ad Dreh (2025 Retainer 1:3),"02_Projekt-Ad Dreh (2025 Retainer 1:3)/03_Medien/01_Footage/Einzelne Videos/1.2 - ""E-POWER"" Ein Tag als Azubi bei MAN/Proxy/C0241.mov",0.03,0.4,1080,1920,2
02_Projekt-Ad Dreh (2025 Retainer 1:3),"02_Projekt-Ad Dreh (2025 Retainer 1:3)/03_Medien/01_Footage/Einzelne Videos/1.2 - ""E-POWER"" Ein Tag als Azubi bei MAN/Proxy/C0244.mov",0.03,0.5,1080,1920,2
02_Projekt-Ad Dreh (2025 Retainer 1:3),"02_Projekt-Ad Dreh (2025 Retainer 1:3)/03_Medien/01_Footage/Einzelne Videos/1.2 - ""E-POWER"" Ein Tag als Azubi bei MAN/Proxy/C0254.mov",0.03,0.7,1080,1920,2
02_Projekt-Ad Dreh (2025 Retainer 1:3),"02_Projekt-Ad Dreh (2025 Retainer 1:3)/03_Medien/01_Footage/Einzelne Videos/1.2 - ""E-POWER"" Ein Tag als Azubi bei MAN/Proxy/C0260.mov",0.03,0.4,1080,1920,2
02_Projekt-Ad Dreh (2025 Retainer 1:3),"02_Projekt-Ad Dreh (2025 Retainer 1:3)/03_Medien/01_Footage/Einzelne Videos/1.2 - ""E-POWER"" Ein Tag als Azubi bei MAN/Proxy/FX3_4661.mov",0.03,0.4,1080,1920,2
02_Projekt-Ad Dreh (2025 Retainer 1:3),"02_Projekt-Ad Dreh (2025 Retainer 1:3)/03_Medien/01_Footage/Einzelne Videos/1.1 - ""HEAVY LIFTING"" Ein Tag als Azubi bei MAN/Proxy/FX3_0252.mov",0.03,0.4,1080,1920,2
02_Projekt-Ad Dreh (2025 Retainer 1:3),"02_Projekt-Ad Dreh (2025 Retainer 1:3)/03_Medien/01_Footage/Einzelne Videos/1.1 - ""HEAVY LIFTING"" Ein Tag als Azubi bei MAN/Proxy/FX3_0255.mov",0.03,0.4,1080,1920,2
02_Projekt-Ad Dreh (2025 Retainer 1:3),02_Projekt-Ad Dreh (2025 Retainer 1:3)/03_Medien/02_Assets/04_Stock Footage/film-transitions-2023-11-27-05-28-21-utc/FILM TRANSITION 19.mp4,0.02,0.0,3840,2160,2
02_Projekt-Ad Dreh (2025 Retainer 1:3),02_Projekt-Ad Dreh (2025 Retainer 1:3)/03_Medien/02_Assets/04_Stock Footage/film-transitions-2023-11-27-05-28-21-utc/FILM TRANSITION 1.mp4,0.02,0.0,3840,2160,2
02_Projekt-Ad Dreh (2025 Retainer 1:3),02_Projekt-Ad Dreh (2025 Retainer 1:3)/03_Medien/02_Assets/04_Stock Footage/film-transitions-2023-11-27-05-28-21-utc/FILM TRANSITION 3.mp4,0.02,0.0,3840,2160,2
02_Projekt-Ad Dreh (2025 Retainer 1:3),02_Projekt-Ad Dreh (2025 Retainer 1:3)/03_Medien/02_Assets/04_Stock Footage/film-transitions-2023-11-27-05-28-21-utc/FILM TRANSITION 6.mp4,0.02,0.0,3840,2160,2
02_Projekt-Ad Dreh (2025 Retainer 1:3),02_Projekt-Ad Dreh (2025 Retainer 1:3)/03_Medien/02_Assets/04_Stock Footage/film-transitions-2023-11-27-05-28-21-utc/FILM TRANSITION 8.mp4,0.02,0.0,3840,2160,2
02_Projekt-Ad Dreh (2025 Retainer 1:3),02_Projekt-Ad Dreh (2025 Retainer 1:3)/03_Medien/02_Assets/04_Stock Footage/film-transitions-2023-11-27-05-28-21-utc/FILM TRANSITION 9.mp4,0.02,0.0,3840,2160,2
02_Projekt-Ad Dreh (2025 Retainer 1:3),02_Projekt-Ad Dreh (2025 Retainer 1:3)/03_Medien/02_Assets/04_Stock Footage/film-transitions-2023-11-27-05-28-21-utc/FILM TRANSITION 10.mp4,0.02,0.0,3840,2160,2
02_Projekt-Ad Dreh (2025 Retainer 1:3),02_Projekt-Ad Dreh (2025 Retainer 1:3)/03_Medien/02_Assets/04_Stock Footage/film-transitions-2023-11-27-05-28-21-utc/FILM TRANSITION 11.mp4,0.02,0.0,3840,2160,2
02_Projekt-Ad Dreh (2025 Retainer 1:3),02_Projekt-Ad Dreh (2025 Retainer 1:3)/03_Medien/02_Assets/04_Stock Footage/film-transitions-2023-11-27-05-28-21-utc/FILM TRANSITION 12.mp4,0.02,0.0,3840,2160,2
02_Projekt-Ad Dreh (2025 Retainer 1:3),02_Projekt-Ad Dreh (2025 Retainer 1:3)/03_Medien/02_Assets/04_Stock Footage/film-transitions-2023-11-27-05-28-21-utc/FILM TRANSITION 13.mp4,0.02,0.0,3840,2160,2
02_Projekt-Ad Dreh (2025 Retainer 1:3),02_Projekt-Ad Dreh (2025 Retainer 1:3)/03_Medien/02_Assets/04_Stock Footage/film-transitions-2023-11-27-05-28-21-utc/FILM TRANSITION 14.mp4,0.02,0.0,3840,2160,2
02_Projekt-Ad Dreh (2025 Retainer 1:3),02_Projekt-Ad Dreh (2025 Retainer 1:3)/03_Medien/02_Assets/04_Stock Footage/film-transitions-2023-11-27-05-28-21-utc/FILM TRANSITION 15.mp4,0.02,0.0,3840,2160,2
02_Projekt-Ad Dreh (2025 Retainer 1:3),02_Projekt-Ad Dreh (2025 Retainer 1:3)/03_Medien/02_Assets/04_Stock Footage/film-transitions-2023-11-27-05-28-21-utc/FILM TRANSITION 16.mp4,0.02,0.0,3840,2160,2
02_Projekt-Ad Dreh (2025 Retainer 1:3),02_Projekt-Ad Dreh (2025 Retainer 1:3)/03_Medien/02_Assets/04_Stock Footage/film-transitions-2023-11-27-05-28-21-utc/FILM TRANSITION 17.mp4,0.02,0.0,3840,2160,2
02_Projekt-Ad Dreh (2025 Retainer 1:3),02_Projekt-Ad Dreh (2025 Retainer 1:3)/03_Medien/02_Assets/04_Stock Footage/film-transitions-2023-11-27-05-28-21-utc/FILM TRANSITION 18.mp4,0.02,0.0,3840,2160,2
02_Projekt-Ad Dreh (2025 Retainer 1:3),02_Projekt-Ad Dreh (2025 Retainer 1:3)/03_Medien/01_Footage/Einzelne Videos/Allgemeine B-Roll/Exo Skelett und Bühne heben/Proxy/C0138.mov,0.02,0.3,1080,1920,2
02_Projekt-Ad Dreh (2025 Retainer 1:3),02_Projekt-Ad Dreh (2025 Retainer 1:3)/03_Medien/01_Footage/Einzelne Videos/Allgemeine B-Roll/Werkstatt B-Roll/Proxy/C0186.mov,0.02,0.3,1080,1920,2
02_Projekt-Ad Dreh (2025 Retainer 1:3),02_Projekt-Ad Dreh (2025 Retainer 1:3)/03_Medien/01_Footage/Einzelne Videos/Allgemeine B-Roll/Werkstatt B-Roll/Proxy/FX3_4858.mov,0.02,0.2,1080,1920,2
02_Projekt-Ad Dreh (2025 Retainer 1:3),02_Projekt-Ad Dreh (2025 Retainer 1:3)/03_Medien/01_Footage/Einzelne Videos/Allgemeine B-Roll/Werkstatt B-Roll/Proxy/FX3_4860.mov,0.02,0.3,1080,1920,2
02_Projekt-Ad Dreh (2025 Retainer 1:3),02_Projekt-Ad Dreh (2025 Retainer 1:3)/03_Medien/01_Footage/Einzelne Videos/Allgemeine B-Roll/Werkstatt B-Roll/Proxy/FX3_4863.mov,0.02,0.3,1080,1920,2
02_Projekt-Ad Dreh (2025 Retainer 1:3),02_Projekt-Ad Dreh (2025 Retainer 1:3)/03_Medien/01_Footage/Einzelne Videos/Allgemeine B-Roll/Werkstatt B-Roll/Proxy/FX3_4864.mov,0.02,0.3,1080,1920,2
02_Projekt-Ad Dreh (2025 Retainer 1:3),02_Projekt-Ad Dreh (2025 Retainer 1:3)/03_Medien/01_Footage/Einzelne Videos/Allgemeine B-Roll/Werkstatt B-Roll/Proxy/FX3_4877.mov,0.02,0.4,1080,1920,2
02_Projekt-Ad Dreh (2025 Retainer 1:3),02_Projekt-Ad Dreh (2025 Retainer 1:3)/03_Medien/01_Footage/Einzelne Videos/Allgemeine B-Roll/Schweißen und Flexxen/Proxy/C0276.mov,0.02,0.3,1080,1920,2
02_Projekt-Ad Dreh (2025 Retainer 1:3),02_Projekt-Ad Dreh (2025 Retainer 1:3)/03_Medien/01_Footage/Einzelne Videos/Allgemeine B-Roll/Schweißen und Flexxen/Proxy/C0277.mov,0.02,0.3,1080,1920,2
02_Projekt-Ad Dreh (2025 Retainer 1:3),02_Projekt-Ad Dreh (2025 Retainer 1:3)/03_Medien/01_Footage/Einzelne Videos/Allgemeine B-Roll/Schweißen und Flexxen/Proxy/FX3_4694.mov,0.02,0.2,1080,1920,2
02_Projekt-Ad Dreh (2025 Retainer 1:3),02_Projekt-Ad Dreh (2025 Retainer 1:3)/03_Medien/01_Footage/Einzelne Videos/Allgemeine B-Roll/Schweißen und Flexxen/Proxy/FX3_4693.mov,0.02,0.3,1080,1920,2
02_Projekt-Ad Dreh (2025 Retainer 1:3),02_Projekt-Ad Dreh (2025 Retainer 1:3)/03_Medien/01_Footage/Einzelne Videos/Allgemeine B-Roll/Schweißen und Flexxen/Proxy/FX3_4691.mov,0.02,0.2,1080,1920,2
02_Projekt-Ad Dreh (2025 Retainer 1:3),02_Projekt-Ad Dreh (2025 Retainer 1:3)/03_Medien/01_Footage/Einzelne Videos/Allgemeine B-Roll/Schweißen und Flexxen/Proxy/FX3_4696.mov,0.02,0.3,1920,1080,2
02_Projekt-Ad Dreh (2025 Retainer 1:3),02_Projekt-Ad Dreh (2025 Retainer 1:3)/03_Medien/01_Footage/Einzelne Videos/Allgemeine B-Roll/LKW Fahren + anheben/Proxy/C0216.mov,0.02,0.3,1080,1920,2
02_Projekt-Ad Dreh (2025 Retainer 1:3),02_Projekt-Ad Dreh (2025 Retainer 1:3)/03_Medien/01_Footage/Einzelne Videos/Allgemeine B-Roll/LKW Fahren + anheben/Proxy/C0227.mov,0.02,0.3,1080,1920,2
02_Projekt-Ad Dreh (2025 Retainer 1:3),02_Projekt-Ad Dreh (2025 Retainer 1:3)/03_Medien/01_Footage/Einzelne Videos/Allgemeine B-Roll/LKW Fahren + anheben/Proxy/C0234.mov,0.02,0.3,1080,1920,2
02_Projekt-Ad Dreh (2025 Retainer 1:3),02_Projekt-Ad Dreh (2025 Retainer 1:3)/03_Medien/01_Footage/Einzelne Videos/Allgemeine B-Roll/LKW Fahren + anheben/Proxy/FX3_0321.mov,0.02,0.2,1080,1920,2
02_Projekt-Ad Dreh (2025 Retainer 1:3),02_Projekt-Ad Dreh (2025 Retainer 1:3)/03_Medien/01_Footage/Einzelne Videos/Allgemeine B-Roll/LKW Fahren + anheben/Proxy/FX3_0325.mov,0.02,0.2,1080,1920,2
02_Projekt-Ad Dreh (2025 Retainer 1:3),02_Projekt-Ad Dreh (2025 Retainer 1:3)/03_Medien/01_Footage/Einzelne Videos/3.3 - Bernd (Handstand)/Proxy/FX3_4717.mov,0.02,0.4,1080,1920,2
02_Projekt-Ad Dreh (2025 Retainer 1:3),02_Projekt-Ad Dreh (2025 Retainer 1:3)/03_Medien/01_Footage/Einzelne Videos/3.2 - Bernd (Hook-Hose)/Proxy/FX3_4715.mov,0.02,0.5,1080,1920,2
02_Projekt-Ad Dreh (2025 Retainer 1:3),02_Projekt-Ad Dreh (2025 Retainer 1:3)/03_Medien/01_Footage/Einzelne Videos/3.2 - Bernd (Hook-Hose)/Proxy/FX3_4716.mov,0.02,0.5,1080,1920,2
02_Projekt-Ad Dreh (2025 Retainer 1:3),02_Projekt-Ad Dreh (2025 Retainer 1:3)/03_Medien/01_Footage/Einzelne Videos/1.3 - Chiropraktiker bei MAN/Proxy/C0158.mov,0.02,0.3,1080,1920,2
02_Projekt-Ad Dreh (2025 Retainer 1:3),02_Projekt-Ad Dreh (2025 Retainer 1:3)/03_Medien/01_Footage/Einzelne Videos/1.3 - Chiropraktiker bei MAN/Proxy/C0156.mov,0.02,0.3,1080,1920,2
02_Projekt-Ad Dreh (2025 Retainer 1:3),02_Projekt-Ad Dreh (2025 Retainer 1:3)/03_Medien/01_Footage/Einzelne Videos/1.3 - Chiropraktiker bei MAN/Proxy/C0163.mov,0.02,0.3,1080,1920,2
02_Projekt-Ad Dreh (2025 Retainer 1:3),02_Projekt-Ad Dreh (2025 Retainer 1:3)/03_Medien/01_Footage/Einzelne Videos/1.3 - Chiropraktiker bei MAN/Proxy/FX3_0300.mov,0.02,0.5,1080,1920,2
02_Projekt-Ad Dreh (2025 Retainer 1:3),"02_Projekt-Ad Dreh (2025 Retainer 1:3)/03_Medien/01_Footage/Einzelne Videos/1.2 - ""E-POWER"" Ein Tag als Azubi bei MAN/Proxy/C0116.mov",0.02,0.2,1080,1920,2
02_Projekt-Ad Dreh (2025 Retainer 1:3),"02_Projekt-Ad Dreh (2025 Retainer 1:3)/03_Medien/01_Footage/Einzelne Videos/1.2 - ""E-POWER"" Ein Tag als Azubi bei MAN/Proxy/C0239.mov",0.02,0.4,1080,1920,2
02_Projekt-Ad Dreh (2025 Retainer 1:3),"02_Projekt-Ad Dreh (2025 Retainer 1:3)/03_Medien/01_Footage/Einzelne Videos/1.2 - ""E-POWER"" Ein Tag als Azubi bei MAN/Proxy/C0258.mov",0.02,0.3,1080,1920,2
02_Projekt-Ad Dreh (2025 Retainer 1:3),"02_Projekt-Ad Dreh (2025 Retainer 1:3)/03_Medien/01_Footage/Einzelne Videos/1.2 - ""E-POWER"" Ein Tag als Azubi bei MAN/Proxy/C0261.mov",0.02,0.3,1080,1920,2
02_Projekt-Ad Dreh (2025 Retainer 1:3),"02_Projekt-Ad Dreh (2025 Retainer 1:3)/03_Medien/01_Footage/Einzelne Videos/1.2 - ""E-POWER"" Ein Tag als Azubi bei MAN/Proxy/FX3_0327.mov",0.02,0.3,1080,1920,2
02_Projekt-Ad Dreh (2025 Retainer 1:3),"02_Projekt-Ad Dreh (2025 Retainer 1:3)/03_Medien/01_Footage/Einzelne Videos/1.2 - ""E-POWER"" Ein Tag als Azubi bei MAN/Proxy/FX3_0328.mov",0.02,0.3,1080,1920,2
02_Projekt-Ad Dreh (2025 Retainer 1:3),"02_Projekt-Ad Dreh (2025 Retainer 1:3)/03_Medien/01_Footage/Einzelne Videos/1.2 - ""E-POWER"" Ein Tag als Azubi bei MAN/Proxy/FX3_0330.mov",0.02,0.3,1080,1920,2
02_Projekt-Ad Dreh (2025 Retainer 1:3),"02_Projekt-Ad Dreh (2025 Retainer 1:3)/03_Medien/01_Footage/Einzelne Videos/1.2 - ""E-POWER"" Ein Tag als Azubi bei MAN/Proxy/FX3_0332.mov",0.02,0.2,1080,1920,2
02_Projekt-Ad Dreh (2025 Retainer 1:3),"02_Projekt-Ad Dreh (2025 Retainer 1:3)/03_Medien/01_Footage/Einzelne Videos/1.2 - ""E-POWER"" Ein Tag als Azubi bei MAN/Proxy/FX3_0338.mov",0.02,0.2,1080,1920,2
02_Projekt-Ad Dreh (2025 Retainer 1:3),"02_Projekt-Ad Dreh (2025 Retainer 1:3)/03_Medien/01_Footage/Einzelne Videos/1.2 - ""E-POWER"" Ein Tag als Azubi bei MAN/Proxy/FX3_4658.mov",0.02,0.3,1080,1920,2
02_Projekt-Ad Dreh (2025 Retainer 1:3),"02_Projekt-Ad Dreh (2025 Retainer 1:3)/03_Medien/01_Footage/Einzelne Videos/1.2 - ""E-POWER"" Ein Tag als Azubi bei MAN/Proxy/FX3_4662.mov",0.02,0.4,1080,1920,2
02_Projekt-Ad Dreh (2025 Retainer 1:3),"02_Projekt-Ad Dreh (2025 Retainer 1:3)/03_Medien/01_Footage/Einzelne Videos/1.2 - ""E-POWER"" Ein Tag als Azubi bei MAN/Proxy/FX3_4663.mov",0.02,0.2,1080,1920,2
02_Projekt-Ad Dreh (2025 Retainer 1:3),"02_Projekt-Ad Dreh (2025 Retainer 1:3)/03_Medien/01_Footage/Einzelne Videos/1.2 - ""E-POWER"" Ein Tag als Azubi bei MAN/Proxy/FX3_4664.mov",0.02,0.2,1080,1920,2
02_Projekt-Ad Dreh (2025 Retainer 1:3),"02_Projekt-Ad Dreh (2025 Retainer 1:3)/03_Medien/01_Footage/Einzelne Videos/1.1 - ""HEAVY LIFTING"" Ein Tag als Azubi bei MAN/Proxy/C0148.mov",0.02,0.3,1080,1920,2
02_Projekt-Ad Dreh (2025 Retainer 1:3),"02_Projekt-Ad Dreh (2025 Retainer 1:3)/03_Medien/01_Footage/Einzelne Videos/1.1 - ""HEAVY LIFTING"" Ein Tag als Azubi bei MAN/Proxy/C0151.mov",0.02,0.4,1080,1920,2
02_Projekt-Ad Dreh (2025 Retainer 1:3),"02_Projekt-Ad Dreh (2025 Retainer 1:3)/03_Medien/01_Footage/Einzelne Videos/1.1 - ""HEAVY LIFTING"" Ein Tag als Azubi bei MAN/Proxy/FX3_0248.mov",0.02,0.4,1080,1920,2
02_Projekt-Ad Dreh (2025 Retainer 1:3),"02_Projekt-Ad Dreh (2025 Retainer 1:3)/03_Medien/01_Footage/Einzelne Videos/1.1 - ""HEAVY LIFTING"" Ein Tag als Azubi bei MAN/Proxy/FX3_0249.mov",0.02,0.2,1080,1920,2
02_Projekt-Ad Dreh (2025 Retainer 1:3),"02_Projekt-Ad Dreh (2025 Retainer 1:3)/03_Medien/01_Footage/Einzelne Videos/1.1 - ""HEAVY LIFTING"" Ein Tag als Azubi bei MAN/Proxy/FX3_0257.mov",0.02,0.3,1080,1920,2
02_Projekt-Ad Dreh (2025 Retainer 1:3),"02_Projekt-Ad Dreh (2025 Retainer 1:3)/03_Medien/01_Footage/Einzelne Videos/1.1 - ""HEAVY LIFTING"" Ein Tag als Azubi bei MAN/Proxy/FX3_0260.mov",0.02,0.2,1080,1920,2
02_Projekt-Ad Dreh (2025 Retainer 1:3),02_Projekt-Ad Dreh (2025 Retainer 1:3)/03_Medien/02_Assets/05_Sonstiges/SnapInsta.to_AQOhcB9LwG8eGoJCank0io98cKplFZaZi_McN1-NrU3kbdgEW42O5YyvT2B78Nd--FRZbIDVwcOy2GWNRj2xVksXt2TgabKglQDzbVg.mp4,0.01,0.6,720,1280,2
02_Projekt-Ad Dreh (2025 Retainer 1:3),02_Projekt-Ad Dreh (2025 Retainer 1:3)/03_Medien/02_Assets/05_Sonstiges/SnapInsta.to_AQO4z4jSbYOx8iVtouEhKIERAvox2PJ2ZOK3VK07jU1waBquBeGnrV1I5ciPOF7xnUW4B3-IB_iYburyaRcyY8bHM5hsLGgJGdq85Ck.mp4,0.01,0.5,720,1280,2
02_Projekt-Ad Dreh (2025 Retainer 1:3),02_Projekt-Ad Dreh (2025 Retainer 1:3)/03_Medien/02_Assets/06_CTA/CTA_V1.mp4,0.01,0.2,2160,3840,0
02_Projekt-Ad Dreh (2025 Retainer 1:3),02_Projekt-Ad Dreh (2025 Retainer 1:3)/03_Medien/02_Assets/06_CTA/CTA_V2.mp4,0.01,0.2,2160,3840,0
02_Projekt-Ad Dreh (2025 Retainer 1:3),02_Projekt-Ad Dreh (2025 Retainer 1:3)/03_Medien/02_Assets/06_CTA/MAN CTA KFZ Mechatroniker_V1.mp4,0.01,0.2,2160,3840,0
02_Projekt-Ad Dreh (2025 Retainer 1:3),02_Projekt-Ad Dreh (2025 Retainer 1:3)/03_Medien/02_Assets/06_CTA/MAN CTA NFZ Mechatroniker_V1.mp4,0.01,0.2,2160,3840,0
02_Projekt-Ad Dreh (2025 Retainer 1:3),02_Projekt-Ad Dreh (2025 Retainer 1:3)/03_Medien/02_Assets/06_CTA/Ausbildung KFZler.mp4,0.01,0.2,2160,3840,0
02_Projekt-Ad Dreh (2025 Retainer 1:3),02_Projekt-Ad Dreh (2025 Retainer 1:3)/03_Medien/02_Assets/06_CTA/Werde KFZ Mechatroniker.mp4,0.01,0.2,2160,3840,0
02_Projekt-Ad Dreh (2025 Retainer 1:3),02_Projekt-Ad Dreh (2025 Retainer 1:3)/03_Medien/02_Assets/06_CTA/KFZ Fachkraft+Azubi.mp4,0.01,0.2,2160,3840,0
02_Projekt-Ad Dreh (2025 Retainer 1:3),02_Projekt-Ad Dreh (2025 Retainer 1:3)/03_Medien/02_Assets/04_Stock Footage/film-transitions-2023-11-27-05-28-21-utc/FILM TRANSITION 5.mp4,0.01,0.0,3840,2160,2
02_Projekt-Ad Dreh (2025 Retainer 1:3),02_Projekt-Ad Dreh (2025 Retainer 1:3)/03_Medien/02_Assets/04_Stock Footage/film-transitions-2023-11-27-05-28-21-utc/FILM TRANSITION 7.mp4,0.01,0.0,3840,2160,2
02_Projekt-Ad Dreh (2025 Retainer 1:3),02_Projekt-Ad Dreh (2025 Retainer 1:3)/03_Medien/01_Footage/Einzelne Videos/Allgemeine B-Roll/Exo Skelett und Bühne heben/Proxy/C0132.mov,0.01,0.1,1080,1920,2
02_Projekt-Ad Dreh (2025 Retainer 1:3),02_Projekt-Ad Dreh (2025 Retainer 1:3)/03_Medien/01_Footage/Einzelne Videos/Allgemeine B-Roll/Exo Skelett und Bühne heben/Proxy/C0129.mov,0.01,0.2,1080,1920,2
02_Projekt-Ad Dreh (2025 Retainer 1:3),02_Projekt-Ad Dreh (2025 Retainer 1:3)/03_Medien/01_Footage/Einzelne Videos/Allgemeine B-Roll/Exo Skelett und Bühne heben/Proxy/C0131.mov,0.01,0.1,1080,1920,2
02_Projekt-Ad Dreh (2025 Retainer 1:3),02_Projekt-Ad Dreh (2025 Retainer 1:3)/03_Medien/01_Footage/Einzelne Videos/Allgemeine B-Roll/Exo Skelett und Bühne heben/Proxy/C0135.mov,0.01,0.1,1080,1920,2
02_Projekt-Ad Dreh (2025 Retainer 1:3),02_Projekt-Ad Dreh (2025 Retainer 1:3)/03_Medien/01_Footage/Einzelne Videos/Allgemeine B-Roll/Exo Skelett und Bühne heben/Proxy/C0136.mov,0.01,0.2,1080,1920,2
02_Projekt-Ad Dreh (2025 Retainer 1:3),02_Projekt-Ad Dreh (2025 Retainer 1:3)/03_Medien/01_Footage/Einzelne Videos/Allgemeine B-Roll/Exo Skelett und Bühne heben/Proxy/C0143.mov,0.01,0.1,1080,1920,2
02_Projekt-Ad Dreh (2025 Retainer 1:3),02_Projekt-Ad Dreh (2025 Retainer 1:3)/03_Medien/01_Footage/Einzelne Videos/Allgemeine B-Roll/Exo Skelett und Bühne heben/Proxy/C0139.mov,0.01,0.2,1080,1920,2
02_Projekt-Ad Dreh (2025 Retainer 1:3),02_Projekt-Ad Dreh (2025 Retainer 1:3)/03_Medien/01_Footage/Einzelne Videos/Allgemeine B-Roll/Exo Skelett und Bühne heben/Proxy/C0137.mov,0.01,0.2,1080,1920,2
02_Projekt-Ad Dreh (2025 Retainer 1:3),02_Projekt-Ad Dreh (2025 Retainer 1:3)/03_Medien/01_Footage/Einzelne Videos/Allgemeine B-Roll/Exo Skelett und Bühne heben/Proxy/C0140.mov,0.01,0.2,1080,1920,2
02_Projekt-Ad Dreh (2025 Retainer 1:3),02_Projekt-Ad Dreh (2025 Retainer 1:3)/03_Medien/01_Footage/Einzelne Videos/Allgemeine B-Roll/Exo Skelett und Bühne heben/Proxy/C0144.mov,0.01,0.1,1080,1920,2
02_Projekt-Ad Dreh (2025 Retainer 1:3),02_Projekt-Ad Dreh (2025 Retainer 1:3)/03_Medien/01_Footage/Einzelne Videos/Allgemeine B-Roll/B-Roll Truck /Proxy/C0178.mov,0.01,0.1,1080,1920,2
02_Projekt-Ad Dreh (2025 Retainer 1:3),02_Projekt-Ad Dreh (2025 Retainer 1:3)/03_Medien/01_Footage/Einzelne Videos/Allgemeine B-Roll/B-Roll Truck /Proxy/C0177.mov,0.01,0.1,1080,1920,2
02_Projekt-Ad Dreh (2025 Retainer 1:3),02_Projekt-Ad Dreh (2025 Retainer 1:3)/03_Medien/01_Footage/Einzelne Videos/Allgemeine B-Roll/B-Roll Truck /Proxy/C0176.mov,0.01,0.1,1080,1920,2
02_Projekt-Ad Dreh (2025 Retainer 1:3),02_Projekt-Ad Dreh (2025 Retainer 1:3)/03_Medien/01_Footage/Einzelne Videos/Allgemeine B-Roll/B-Roll Truck /Proxy/C0128.mov,0.01,0.1,1080,1920,2
02_Projekt-Ad Dreh (2025 Retainer 1:3),02_Projekt-Ad Dreh (2025 Retainer 1:3)/03_Medien/01_Footage/Einzelne Videos/Allgemeine B-Roll/B-Roll Truck /Proxy/C0173.mov,0.01,0.1,1080,1920,2
02_Projekt-Ad Dreh (2025 Retainer 1:3),02_Projekt-Ad Dreh (2025 Retainer 1:3)/03_Medien/01_Footage/Einzelne Videos/Allgemeine B-Roll/B-Roll Truck /Proxy/C0175.mov,0.01,0.1,1080,1920,2
02_Projekt-Ad Dreh (2025 Retainer 1:3),02_Projekt-Ad Dreh (2025 Retainer 1:3)/03_Medien/01_Footage/Einzelne Videos/Allgemeine B-Roll/B-Roll Truck /Proxy/C0127.mov,0.01,0.2,1080,1920,2
02_Projekt-Ad Dreh (2025 Retainer 1:3),02_Projekt-Ad Dreh (2025 Retainer 1:3)/03_Medien/01_Footage/Einzelne Videos/Allgemeine B-Roll/B-Roll Truck /Proxy/C0183.mov,0.01,0.1,1080,1920,2
02_Projekt-Ad Dreh (2025 Retainer 1:3),02_Projekt-Ad Dreh (2025 Retainer 1:3)/03_Medien/01_Footage/Einzelne Videos/Allgemeine B-Roll/B-Roll ketten/Proxy/C0172.mov,0.01,0.1,1080,1920,2
02_Projekt-Ad Dreh (2025 Retainer 1:3),02_Projekt-Ad Dreh (2025 Retainer 1:3)/03_Medien/01_Footage/Einzelne Videos/Allgemeine B-Roll/B-Roll ketten/Proxy/C0170.mov,0.01,0.1,1080,1920,2
02_Projekt-Ad Dreh (2025 Retainer 1:3),02_Projekt-Ad Dreh (2025 Retainer 1:3)/03_Medien/01_Footage/Einzelne Videos/Allgemeine B-Roll/B-Roll Hebebüne/Proxy/C0179.mov,0.01,0.2,1080,1920,2
02_Projekt-Ad Dreh (2025 Retainer 1:3),02_Projekt-Ad Dreh (2025 Retainer 1:3)/03_Medien/01_Footage/Einzelne Videos/Allgemeine B-Roll/B-Roll Hebebüne/Proxy/C0180.mov,0.01,0.1,1080,1920,2
02_Projekt-Ad Dreh (2025 Retainer 1:3),02_Projekt-Ad Dreh (2025 Retainer 1:3)/03_Medien/01_Footage/Einzelne Videos/Allgemeine B-Roll/Werkstatt B-Roll/Proxy/C0182.mov,0.01,0.1,1080,1920,2
02_Projekt-Ad Dreh (2025 Retainer 1:3),02_Projekt-Ad Dreh (2025 Retainer 1:3)/03_Medien/01_Footage/Einzelne Videos/Allgemeine B-Roll/Werkstatt B-Roll/Proxy/C0187.mov,0.01,0.1,1080,1920,2
02_Projekt-Ad Dreh (2025 Retainer 1:3),02_Projekt-Ad Dreh (2025 Retainer 1:3)/03_Medien/01_Footage/Einzelne Videos/Allgemeine B-Roll/Werkstatt B-Roll/Proxy/C0188.mov,0.01,0.1,1080,1920,2
02_Projekt-Ad Dreh (2025 Retainer 1:3),02_Projekt-Ad Dreh (2025 Retainer 1:3)/03_Medien/01_Footage/Einzelne Videos/Allgemeine B-Roll/Werkstatt B-Roll/Proxy/C0184.mov,0.01,0.1,1080,1920,2
02_Projekt-Ad Dreh (2025 Retainer 1:3),02_Projekt-Ad Dreh (2025 Retainer 1:3)/03_Medien/01_Footage/Einzelne Videos/Allgemeine B-Roll/Werkstatt B-Roll/Proxy/C0190.mov,0.01,0.1,1080,1920,2
02_Projekt-Ad Dreh (2025 Retainer 1:3),02_Projekt-Ad Dreh (2025 Retainer 1:3)/03_Medien/01_Footage/Einzelne Videos/Allgemeine B-Roll/Werkstatt B-Roll/Proxy/C0192.mov,0.01,0.1,1080,1920,2
02_Projekt-Ad Dreh (2025 Retainer 1:3),02_Projekt-Ad Dreh (2025 Retainer 1:3)/03_Medien/01_Footage/Einzelne Videos/Allgemeine B-Roll/Werkstatt B-Roll/Proxy/C0193.mov,0.01,0.1,1080,1920,2
02_Projekt-Ad Dreh (2025 Retainer 1:3),02_Projekt-Ad Dreh (2025 Retainer 1:3)/03_Medien/01_Footage/Einzelne Videos/Allgemeine B-Roll/Werkstatt B-Roll/Proxy/C0195.mov,0.01,0.1,1080,1920,2
02_Projekt-Ad Dreh (2025 Retainer 1:3),02_Projekt-Ad Dreh (2025 Retainer 1:3)/03_Medien/01_Footage/Einzelne Videos/Allgemeine B-Roll/Werkstatt B-Roll/Proxy/C0198.mov,0.01,0.2,1080,1920,2
02_Projekt-Ad Dreh (2025 Retainer 1:3),02_Projekt-Ad Dreh (2025 Retainer 1:3)/03_Medien/01_Footage/Einzelne Videos/Allgemeine B-Roll/Werkstatt B-Roll/Proxy/C0191.mov,0.01,0.1,1080,1920,2
02_Projekt-Ad Dreh (2025 Retainer 1:3),02_Projekt-Ad Dreh (2025 Retainer 1:3)/03_Medien/01_Footage/Einzelne Videos/Allgemeine B-Roll/Werkstatt B-Roll/Proxy/C0194.mov,0.01,0.2,1080,1920,2
02_Projekt-Ad Dreh (2025 Retainer 1:3),02_Projekt-Ad Dreh (2025 Retainer 1:3)/03_Medien/01_Footage/Einzelne Videos/Allgemeine B-Roll/Werkstatt B-Roll/Proxy/C0199.mov,0.01,0.1,1080,1920,2
02_Projekt-Ad Dreh (2025 Retainer 1:3),02_Projekt-Ad Dreh (2025 Retainer 1:3)/03_Medien/01_Footage/Einzelne Videos/Allgemeine B-Roll/Werkstatt B-Roll/Proxy/C0200.mov,0.01,0.1,1080,1920,2
02_Projekt-Ad Dreh (2025 Retainer 1:3),02_Projekt-Ad Dreh (2025 Retainer 1:3)/03_Medien/01_Footage/Einzelne Videos/Allgemeine B-Roll/Werkstatt B-Roll/Proxy/C0204.mov,0.01,0.1,1080,1920,2
02_Projekt-Ad Dreh (2025 Retainer 1:3),02_Projekt-Ad Dreh (2025 Retainer 1:3)/03_Medien/01_Footage/Einzelne Videos/Allgemeine B-Roll/Werkstatt B-Roll/Proxy/C0205.mov,0.01,0.1,1080,1920,2
02_Projekt-Ad Dreh (2025 Retainer 1:3),02_Projekt-Ad Dreh (2025 Retainer 1:3)/03_Medien/01_Footage/Einzelne Videos/Allgemeine B-Roll/Werkstatt B-Roll/Proxy/C0206.mov,0.01,0.1,1080,1920,2
02_Projekt-Ad Dreh (2025 Retainer 1:3),02_Projekt-Ad Dreh (2025 Retainer 1:3)/03_Medien/01_Footage/Einzelne Videos/Allgemeine B-Roll/Werkstatt B-Roll/Proxy/C0207.mov,0.01,0.1,1080,1920,2
02_Projekt-Ad Dreh (2025 Retainer 1:3),02_Projekt-Ad Dreh (2025 Retainer 1:3)/03_Medien/01_Footage/Einzelne Videos/Allgemeine B-Roll/Werkstatt B-Roll/Proxy/C0209.mov,0.01,0.1,1080,1920,2
02_Projekt-Ad Dreh (2025 Retainer 1:3),02_Projekt-Ad Dreh (2025 Retainer 1:3)/03_Medien/01_Footage/Einzelne Videos/Allgemeine B-Roll/Werkstatt B-Roll/Proxy/C0208.mov,0.01,0.1,1080,1920,2
02_Projekt-Ad Dreh (2025 Retainer 1:3),02_Projekt-Ad Dreh (2025 Retainer 1:3)/03_Medien/01_Footage/Einzelne Videos/Allgemeine B-Roll/Werkstatt B-Roll/Proxy/C0214.mov,0.01,0.1,1080,1920,2
02_Projekt-Ad Dreh (2025 Retainer 1:3),02_Projekt-Ad Dreh (2025 Retainer 1:3)/03_Medien/01_Footage/Einzelne Videos/Allgemeine B-Roll/Werkstatt B-Roll/Proxy/C0215.mov,0.01,0.1,1080,1920,2
02_Projekt-Ad Dreh (2025 Retainer 1:3),02_Projekt-Ad Dreh (2025 Retainer 1:3)/03_Medien/01_Footage/Einzelne Videos/Allgemeine B-Roll/Werkstatt B-Roll/Proxy/C0267.mov,0.01,0.1,1080,1920,2
02_Projekt-Ad Dreh (2025 Retainer 1:3),02_Projekt-Ad Dreh (2025 Retainer 1:3)/03_Medien/01_Footage/Einzelne Videos/Allgemeine B-Roll/Werkstatt B-Roll/Proxy/C0265.mov,0.01,0.1,1080,1920,2
02_Projekt-Ad Dreh (2025 Retainer 1:3),02_Projekt-Ad Dreh (2025 Retainer 1:3)/03_Medien/01_Footage/Einzelne Videos/Allgemeine B-Roll/Werkstatt B-Roll/Proxy/C0294.mov,0.01,0.1,1080,1920,2
02_Projekt-Ad Dreh (2025 Retainer 1:3),02_Projekt-Ad Dreh (2025 Retainer 1:3)/03_Medien/01_Footage/Einzelne Videos/Allgemeine B-Roll/Werkstatt B-Roll/Proxy/C0293.mov,0.01,0.1,1080,1920,2
02_Projekt-Ad Dreh (2025 Retainer 1:3),02_Projekt-Ad Dreh (2025 Retainer 1:3)/03_Medien/01_Footage/Einzelne Videos/Allgemeine B-Roll/Werkstatt B-Roll/Proxy/C0295.mov,0.01,0.1,1080,1920,2
02_Projekt-Ad Dreh (2025 Retainer 1:3),02_Projekt-Ad Dreh (2025 Retainer 1:3)/03_Medien/01_Footage/Einzelne Videos/Allgemeine B-Roll/Werkstatt B-Roll/Proxy/C0300.mov,0.01,0.1,1080,1920,2
02_Projekt-Ad Dreh (2025 Retainer 1:3),02_Projekt-Ad Dreh (2025 Retainer 1:3)/03_Medien/01_Footage/Einzelne Videos/Allgemeine B-Roll/Werkstatt B-Roll/Proxy/C0301.mov,0.01,0.2,1080,1920,2
02_Projekt-Ad Dreh (2025 Retainer 1:3),02_Projekt-Ad Dreh (2025 Retainer 1:3)/03_Medien/01_Footage/Einzelne Videos/Allgemeine B-Roll/Werkstatt B-Roll/Proxy/C0307.mov,0.01,0.1,1080,1920,2
02_Projekt-Ad Dreh (2025 Retainer 1:3),02_Projekt-Ad Dreh (2025 Retainer 1:3)/03_Medien/01_Footage/Einzelne Videos/Allgemeine B-Roll/Werkstatt B-Roll/Proxy/C0308.mov,0.01,0.1,1080,1920,2
02_Projekt-Ad Dreh (2025 Retainer 1:3),02_Projekt-Ad Dreh (2025 Retainer 1:3)/03_Medien/01_Footage/Einzelne Videos/Allgemeine B-Roll/Werkstatt B-Roll/Proxy/C0309.mov,0.01,0.1,1080,1920,2
02_Projekt-Ad Dreh (2025 Retainer 1:3),02_Projekt-Ad Dreh (2025 Retainer 1:3)/03_Medien/01_Footage/Einzelne Videos/Allgemeine B-Roll/Werkstatt B-Roll/Proxy/C0314.mov,0.01,0.1,1080,1920,2
02_Projekt-Ad Dreh (2025 Retainer 1:3),02_Projekt-Ad Dreh (2025 Retainer 1:3)/03_Medien/01_Footage/Einzelne Videos/Allgemeine B-Roll/Werkstatt B-Roll/Proxy/C0316.mov,0.01,0.2,1080,1920,2
02_Projekt-Ad Dreh (2025 Retainer 1:3),02_Projekt-Ad Dreh (2025 Retainer 1:3)/03_Medien/01_Footage/Einzelne Videos/Allgemeine B-Roll/Werkstatt B-Roll/Proxy/C0319.mov,0.01,0.2,1080,1920,2
02_Projekt-Ad Dreh (2025 Retainer 1:3),02_Projekt-Ad Dreh (2025 Retainer 1:3)/03_Medien/01_Footage/Einzelne Videos/Allgemeine B-Roll/Werkstatt B-Roll/Proxy/C0321.mov,0.01,0.1,1080,1920,2
02_Projekt-Ad Dreh (2025 Retainer 1:3),02_Projekt-Ad Dreh (2025 Retainer 1:3)/03_Medien/01_Footage/Einzelne Videos/Allgemeine B-Roll/Werkstatt B-Roll/Proxy/C0322.mov,0.01,0.1,1920,1080,2
02_Projekt-Ad Dreh (2025 Retainer 1:3),02_Projekt-Ad Dreh (2025 Retainer 1:3)/03_Medien/01_Footage/Einzelne Videos/Allgemeine B-Roll/Werkstatt B-Roll/Proxy/FX3_4857.mov,0.01,0.1,1080,1920,2
02_Projekt-Ad Dreh (2025 Retainer 1:3),02_Projekt-Ad Dreh (2025 Retainer 1:3)/03_Medien/01_Footage/Einzelne Videos/Allgemeine B-Roll/Werkstatt B-Roll/Proxy/FX3_4856.mov,0.01,0.2,1080,1920,2
02_Projekt-Ad Dreh (2025 Retainer 1:3),02_Projekt-Ad Dreh (2025 Retainer 1:3)/03_Medien/01_Footage/Einzelne Videos/Allgemeine B-Roll/Werkstatt B-Roll/Proxy/FX3_4859.mov,0.01,0.2,1080,1920,2
02_Projekt-Ad Dreh (2025 Retainer 1:3),02_Projekt-Ad Dreh (2025 Retainer 1:3)/03_Medien/01_Footage/Einzelne Videos/Allgemeine B-Roll/Werkstatt B-Roll/Proxy/FX3_4667.mov,0.01,0.1,1080,1920,2
02_Projekt-Ad Dreh (2025 Retainer 1:3),02_Projekt-Ad Dreh (2025 Retainer 1:3)/03_Medien/01_Footage/Einzelne Videos/Allgemeine B-Roll/Werkstatt B-Roll/Proxy/FX3_4862.mov,0.01,0.2,1080,1920,2
02_Projekt-Ad Dreh (2025 Retainer 1:3),02_Projekt-Ad Dreh (2025 Retainer 1:3)/03_Medien/01_Footage/Einzelne Videos/Allgemeine B-Roll/Werkstatt B-Roll/Proxy/FX3_4865.mov,0.01,0.2,1080,1920,2
02_Projekt-Ad Dreh (2025 Retainer 1:3),02_Projekt-Ad Dreh (2025 Retainer 1:3)/03_Medien/01_Footage/Einzelne Videos/Allgemeine B-Roll/Werkstatt B-Roll/Proxy/FX3_4866.mov,0.01,0.2,1080,1920,2
02_Projekt-Ad Dreh (2025 Retainer 1:3),02_Projekt-Ad Dreh (2025 Retainer 1:3)/03_Medien/01_Footage/Einzelne Videos/Allgemeine B-Roll/Werkstatt B-Roll/Proxy/FX3_4868.mov,0.01,0.3,1080,1920,2
02_Projekt-Ad Dreh (2025 Retainer 1:3),02_Projekt-Ad Dreh (2025 Retainer 1:3)/03_Medien/01_Footage/Einzelne Videos/Allgemeine B-Roll/Werkstatt B-Roll/Proxy/FX3_4871.mov,0.01,0.1,1080,1920,2
02_Projekt-Ad Dreh (2025 Retainer 1:3),02_Projekt-Ad Dreh (2025 Retainer 1:3)/03_Medien/01_Footage/Einzelne Videos/Allgemeine B-Roll/Werkstatt B-Roll/Proxy/FX3_4870.mov,0.01,0.2,1080,1920,2
02_Projekt-Ad Dreh (2025 Retainer 1:3),02_Projekt-Ad Dreh (2025 Retainer 1:3)/03_Medien/01_Footage/Einzelne Videos/Allgemeine B-Roll/Werkstatt B-Roll/Proxy/FX3_4876.mov,0.01,0.3,1080,1920,2
02_Projekt-Ad Dreh (2025 Retainer 1:3),02_Projekt-Ad Dreh (2025 Retainer 1:3)/03_Medien/01_Footage/Einzelne Videos/Allgemeine B-Roll/Werkstatt B-Roll/Proxy/FX3_4878.mov,0.01,0.3,1080,1920,2
02_Projekt-Ad Dreh (2025 Retainer 1:3),02_Projekt-Ad Dreh (2025 Retainer 1:3)/03_Medien/01_Footage/Einzelne Videos/Allgemeine B-Roll/Schweißen und Flexxen/Proxy/C0269.mov,0.01,0.1,1080,1920,2
02_Projekt-Ad Dreh (2025 Retainer 1:3),02_Projekt-Ad Dreh (2025 Retainer 1:3)/03_Medien/01_Footage/Einzelne Videos/Allgemeine B-Roll/Schweißen und Flexxen/Proxy/C0270.mov,0.01,0.1,1080,1920,2
02_Projekt-Ad Dreh (2025 Retainer 1:3),02_Projekt-Ad Dreh (2025 Retainer 1:3)/03_Medien/01_Footage/Einzelne Videos/Allgemeine B-Roll/Schweißen und Flexxen/Proxy/C0275.mov,0.01,0.2,1080,1920,2
02_Projekt-Ad Dreh (2025 Retainer 1:3),02_Projekt-Ad Dreh (2025 Retainer 1:3)/03_Medien/01_Footage/Einzelne Videos/Allgemeine B-Roll/Schweißen und Flexxen/Proxy/C0278.mov,0.01,0.2,1080,1920,2
02_Projekt-Ad Dreh (2025 Retainer 1:3),02_Projekt-Ad Dreh (2025 Retainer 1:3)/03_Medien/01_Footage/Einzelne Videos/Allgemeine B-Roll/Schweißen und Flexxen/Proxy/C0284.mov,0.01,0.1,1080,1920,2
02_Projekt-Ad Dreh (2025 Retainer 1:3),02_Projekt-Ad Dreh (2025 Retainer 1:3)/03_Medien/01_Footage/Einzelne Videos/Allgemeine B-Roll/Schweißen und Flexxen/Proxy/C0285.mov,0.01,0.2,1080,1920,2
02_Projekt-Ad Dreh (2025 Retainer 1:3),02_Projekt-Ad Dreh (2025 Retainer 1:3)/03_Medien/01_Footage/Einzelne Videos/Allgemeine B-Roll/Schweißen und Flexxen/Proxy/FX3_4695.mov,0.01,0.3,1080,1920,2
02_Projekt-Ad Dreh (2025 Retainer 1:3),02_Projekt-Ad Dreh (2025 Retainer 1:3)/03_Medien/01_Footage/Einzelne Videos/Allgemeine B-Roll/Schweißen und Flexxen/Proxy/FX3_4698.mov,0.01,0.1,1080,1920,2
02_Projekt-Ad Dreh (2025 Retainer 1:3),02_Projekt-Ad Dreh (2025 Retainer 1:3)/03_Medien/01_Footage/Einzelne Videos/Allgemeine B-Roll/Schweißen und Flexxen/Proxy/FX3_4700.mov,0.01,0.1,1080,1920,2
02_Projekt-Ad Dreh (2025 Retainer 1:3),02_Projekt-Ad Dreh (2025 Retainer 1:3)/03_Medien/01_Footage/Einzelne Videos/Allgemeine B-Roll/Schweißen und Flexxen/Proxy/FX3_4701.mov,0.01,0.1,1920,1080,2
02_Projekt-Ad Dreh (2025 Retainer 1:3),02_Projekt-Ad Dreh (2025 Retainer 1:3)/03_Medien/01_Footage/Einzelne Videos/Allgemeine B-Roll/Schweißen und Flexxen/Proxy/FX3_4702.mov,0.01,0.1,1080,1920,2
02_Projekt-Ad Dreh (2025 Retainer 1:3),02_Projekt-Ad Dreh (2025 Retainer 1:3)/03_Medien/01_Footage/Einzelne Videos/Allgemeine B-Roll/Schweißen und Flexxen/Proxy/FX3_4703.mov,0.01,0.1,1080,1920,2
02_Projekt-Ad Dreh (2025 Retainer 1:3),02_Projekt-Ad Dreh (2025 Retainer 1:3)/03_Medien/01_Footage/Einzelne Videos/Allgemeine B-Roll/Schweißen und Flexxen/Proxy/FX3_4705.mov,0.01,0.1,1080,1920,2
02_Projekt-Ad Dreh (2025 Retainer 1:3),02_Projekt-Ad Dreh (2025 Retainer 1:3)/03_Medien/01_Footage/Einzelne Videos/Allgemeine B-Roll/Schweißen und Flexxen/Proxy/FX3_4704.mov,0.01,0.1,1080,1920,2
02_Projekt-Ad Dreh (2025 Retainer 1:3),02_Projekt-Ad Dreh (2025 Retainer 1:3)/03_Medien/01_Footage/Einzelne Videos/Allgemeine B-Roll/Schweißen und Flexxen/Proxy/FX3_4707.mov,0.01,0.1,1080,1920,2
02_Projekt-Ad Dreh (2025 Retainer 1:3),02_Projekt-Ad Dreh (2025 Retainer 1:3)/03_Medien/01_Footage/Einzelne Videos/Allgemeine B-Roll/Schweißen und Flexxen/Proxy/FX3_4708.mov,0.01,0.2,1920,1080,2
02_Projekt-Ad Dreh (2025 Retainer 1:3),02_Projekt-Ad Dreh (2025 Retainer 1:3)/03_Medien/01_Footage/Einzelne Videos/Allgemeine B-Roll/Schweißen und Flexxen/Proxy/FX3_4711.mov,0.01,0.1,1080,1920,2
02_Projekt-Ad Dreh (2025 Retainer 1:3),02_Projekt-Ad Dreh (2025 Retainer 1:3)/03_Medien/01_Footage/Einzelne Videos/Allgemeine B-Roll/Schweißen und Flexxen/Proxy/FX3_4713.mov,0.01,0.2,1080,1920,2
02_Projekt-Ad Dreh (2025 Retainer 1:3),02_Projekt-Ad Dreh (2025 Retainer 1:3)/03_Medien/01_Footage/Einzelne Videos/Allgemeine B-Roll/Schweißen und Flexxen/Proxy/FX3_4712.mov,0.01,0.3,1080,1920,2
02_Projekt-Ad Dreh (2025 Retainer 1:3),02_Projekt-Ad Dreh (2025 Retainer 1:3)/03_Medien/01_Footage/Einzelne Videos/Allgemeine B-Roll/LKW Fahren + anheben/Proxy/C0223.mov,0.01,0.1,1080,1920,2
02_Projekt-Ad Dreh (2025 Retainer 1:3),02_Projekt-Ad Dreh (2025 Retainer 1:3)/03_Medien/01_Footage/Einzelne Videos/Allgemeine B-Roll/LKW Fahren + anheben/Proxy/C0221.mov,0.01,0.1,1080,1920,2
02_Projekt-Ad Dreh (2025 Retainer 1:3),02_Projekt-Ad Dreh (2025 Retainer 1:3)/03_Medien/01_Footage/Einzelne Videos/Allgemeine B-Roll/LKW Fahren + anheben/Proxy/C0222.mov,0.01,0.2,1080,1920,2
02_Projekt-Ad Dreh (2025 Retainer 1:3),02_Projekt-Ad Dreh (2025 Retainer 1:3)/03_Medien/01_Footage/Einzelne Videos/Allgemeine B-Roll/LKW Fahren + anheben/Proxy/C0218.mov,0.01,0.1,1080,1920,2
02_Projekt-Ad Dreh (2025 Retainer 1:3),02_Projekt-Ad Dreh (2025 Retainer 1:3)/03_Medien/01_Footage/Einzelne Videos/Allgemeine B-Roll/LKW Fahren + anheben/Proxy/C0224.mov,0.01,0.2,1080,1920,2
02_Projekt-Ad Dreh (2025 Retainer 1:3),02_Projekt-Ad Dreh (2025 Retainer 1:3)/03_Medien/01_Footage/Einzelne Videos/Allgemeine B-Roll/LKW Fahren + anheben/Proxy/FX3_0314.mov,0.01,0.2,1080,1920,2
02_Projekt-Ad Dreh (2025 Retainer 1:3),02_Projekt-Ad Dreh (2025 Retainer 1:3)/03_Medien/01_Footage/Einzelne Videos/Allgemeine B-Roll/LKW Fahren + anheben/Proxy/FX3_0316.mov,0.01,0.2,1080,1920,2
02_Projekt-Ad Dreh (2025 Retainer 1:3),02_Projekt-Ad Dreh (2025 Retainer 1:3)/03_Medien/01_Footage/Einzelne Videos/Allgemeine B-Roll/LKW Fahren + anheben/Proxy/FX3_0317.mov,0.01,0.2,1080,1920,2
02_Projekt-Ad Dreh (2025 Retainer 1:3),02_Projekt-Ad Dreh (2025 Retainer 1:3)/03_Medien/01_Footage/Einzelne Videos/Allgemeine B-Roll/LKW Fahren + anheben/Proxy/FX3_0318.mov,0.01,0.2,1080,1920,2
02_Projekt-Ad Dreh (2025 Retainer 1:3),02_Projekt-Ad Dreh (2025 Retainer 1:3)/03_Medien/01_Footage/Einzelne Videos/Allgemeine B-Roll/LKW Fahren + anheben/Proxy/FX3_0320.mov,0.01,0.1,1080,1920,2
02_Projekt-Ad Dreh (2025 Retainer 1:3),02_Projekt-Ad Dreh (2025 Retainer 1:3)/03_Medien/01_Footage/Einzelne Videos/2.3 - Verschiedene Kleidung/Proxy/FX3_4688.mov,0.01,0.2,1080,1920,2
02_Projekt-Ad Dreh (2025 Retainer 1:3),02_Projekt-Ad Dreh (2025 Retainer 1:3)/03_Medien/01_Footage/Einzelne Videos/2.3 - Verschiedene Kleidung/Proxy/FX3_4689.mov,0.01,0.1,1080,1920,2
02_Projekt-Ad Dreh (2025 Retainer 1:3),02_Projekt-Ad Dreh (2025 Retainer 1:3)/03_Medien/01_Footage/Einzelne Videos/2.3 - Verschiedene Kleidung/Proxy/C0290.mov,0.01,0.1,1080,1920,2
02_Projekt-Ad Dreh (2025 Retainer 1:3),02_Projekt-Ad Dreh (2025 Retainer 1:3)/03_Medien/01_Footage/Einzelne Videos/2.3 - Verschiedene Kleidung/Proxy/FX3_4721.mov,0.01,0.2,1080,1920,2
02_Projekt-Ad Dreh (2025 Retainer 1:3),02_Projekt-Ad Dreh (2025 Retainer 1:3)/03_Medien/01_Footage/Einzelne Videos/2.3 - Verschiedene Kleidung/Proxy/FX3_4720.mov,0.01,0.2,1080,1920,2
02_Projekt-Ad Dreh (2025 Retainer 1:3),02_Projekt-Ad Dreh (2025 Retainer 1:3)/03_Medien/01_Footage/Einzelne Videos/2.3 - Verschiedene Kleidung/Proxy/FX3_4852.mov,0.01,0.2,1080,1920,2
02_Projekt-Ad Dreh (2025 Retainer 1:3),02_Projekt-Ad Dreh (2025 Retainer 1:3)/03_Medien/01_Footage/Einzelne Videos/2.3 - Verschiedene Kleidung/Proxy/FX3_4850.mov,0.01,0.2,1080,1920,2
02_Projekt-Ad Dreh (2025 Retainer 1:3),02_Projekt-Ad Dreh (2025 Retainer 1:3)/03_Medien/01_Footage/Einzelne Videos/2.3 - Verschiedene Kleidung/Proxy/FX3_4851.mov,0.01,0.2,1080,1920,2
02_Projekt-Ad Dreh (2025 Retainer 1:3),02_Projekt-Ad Dreh (2025 Retainer 1:3)/03_Medien/01_Footage/Einzelne Videos/2.3 - Verschiedene Kleidung/Proxy/FX3_4854.mov,0.01,0.2,1080,1920,2
02_Projekt-Ad Dreh (2025 Retainer 1:3),02_Projekt-Ad Dreh (2025 Retainer 1:3)/03_Medien/01_Footage/Einzelne Videos/2.3 - Verschiedene Kleidung/Proxy/FX3_4855.mov,0.01,0.1,1080,1920,2
02_Projekt-Ad Dreh (2025 Retainer 1:3),02_Projekt-Ad Dreh (2025 Retainer 1:3)/03_Medien/01_Footage/Einzelne Videos/1.4 - Kamera weitergeben/Proxy/FX3_4670.mov,0.01,0.2,1080,1920,2
02_Projekt-Ad Dreh (2025 Retainer 1:3),02_Projekt-Ad Dreh (2025 Retainer 1:3)/03_Medien/01_Footage/Einzelne Videos/1.4 - Kamera weitergeben/Proxy/FX3_4671.mov,0.01,0.3,1080,1920,2
02_Projekt-Ad Dreh (2025 Retainer 1:3),02_Projekt-Ad Dreh (2025 Retainer 1:3)/03_Medien/01_Footage/Einzelne Videos/1.4 - Kamera weitergeben/Proxy/FX3_4669.mov,0.01,0.2,1080,1920,2
02_Projekt-Ad Dreh (2025 Retainer 1:3),02_Projekt-Ad Dreh (2025 Retainer 1:3)/03_Medien/01_Footage/Einzelne Videos/1.4 - Kamera weitergeben/Proxy/FX3_4675.mov,0.01,0.2,1080,1920,2
02_Projekt-Ad Dreh (2025 Retainer 1:3),02_Projekt-Ad Dreh (2025 Retainer 1:3)/03_Medien/01_Footage/Einzelne Videos/1.4 - Kamera weitergeben/Proxy/FX3_4674.mov,0.01,0.3,1920,1080,2
02_Projekt-Ad Dreh (2025 Retainer 1:3),02_Projekt-Ad Dreh (2025 Retainer 1:3)/03_Medien/01_Footage/Einzelne Videos/1.4 - Kamera weitergeben/Proxy/FX3_4673.mov,0.01,0.2,1080,1920,2
02_Projekt-Ad Dreh (2025 Retainer 1:3),02_Projekt-Ad Dreh (2025 Retainer 1:3)/03_Medien/01_Footage/Einzelne Videos/1.4 - Kamera weitergeben/Proxy/FX3_4672.mov,0.01,0.1,1920,1080,2
02_Projekt-Ad Dreh (2025 Retainer 1:3),02_Projekt-Ad Dreh (2025 Retainer 1:3)/03_Medien/01_Footage/Einzelne Videos/1.4 - Kamera weitergeben/Proxy/FX3_4668.mov,0.01,0.3,1080,1920,2
02_Projekt-Ad Dreh (2025 Retainer 1:3),02_Projekt-Ad Dreh (2025 Retainer 1:3)/03_Medien/01_Footage/Einzelne Videos/1.4 - Kamera weitergeben/Proxy/FX3_4676.mov,0.01,0.1,1080,1920,2
02_Projekt-Ad Dreh (2025 Retainer 1:3),02_Projekt-Ad Dreh (2025 Retainer 1:3)/03_Medien/01_Footage/Einzelne Videos/1.4 - Kamera weitergeben/Proxy/FX3_4680.mov,0.01,0.2,1080,1920,2
02_Projekt-Ad Dreh (2025 Retainer 1:3),02_Projekt-Ad Dreh (2025 Retainer 1:3)/03_Medien/01_Footage/Einzelne Videos/1.4 - Kamera weitergeben/Proxy/FX3_4678.mov,0.01,0.3,1080,1920,2
02_Projekt-Ad Dreh (2025 Retainer 1:3),02_Projekt-Ad Dreh (2025 Retainer 1:3)/03_Medien/01_Footage/Einzelne Videos/1.4 - Kamera weitergeben/Proxy/FX3_4681.mov,0.01,0.2,1080,1920,2
02_Projekt-Ad Dreh (2025 Retainer 1:3),02_Projekt-Ad Dreh (2025 Retainer 1:3)/03_Medien/01_Footage/Einzelne Videos/1.4 - Kamera weitergeben/Proxy/FX3_4683.mov,0.01,0.2,1080,1920,2
02_Projekt-Ad Dreh (2025 Retainer 1:3),02_Projekt-Ad Dreh (2025 Retainer 1:3)/03_Medien/01_Footage/Einzelne Videos/1.4 - Kamera weitergeben/Proxy/FX3_4684.mov,0.01,0.2,1080,1920,2
02_Projekt-Ad Dreh (2025 Retainer 1:3),02_Projekt-Ad Dreh (2025 Retainer 1:3)/03_Medien/01_Footage/Einzelne Videos/1.4 - Kamera weitergeben/Proxy/FX3_4685.mov,0.01,0.2,1080,1920,2
02_Projekt-Ad Dreh (2025 Retainer 1:3),02_Projekt-Ad Dreh (2025 Retainer 1:3)/03_Medien/01_Footage/Einzelne Videos/1.3 - Chiropraktiker bei MAN/Proxy/C0154.mov,0.01,0.2,1080,1920,2
02_Projekt-Ad Dreh (2025 Retainer 1:3),02_Projekt-Ad Dreh (2025 Retainer 1:3)/03_Medien/01_Footage/Einzelne Videos/1.3 - Chiropraktiker bei MAN/Proxy/C0160.mov,0.01,0.2,1080,1920,2
02_Projekt-Ad Dreh (2025 Retainer 1:3),02_Projekt-Ad Dreh (2025 Retainer 1:3)/03_Medien/01_Footage/Einzelne Videos/1.3 - Chiropraktiker bei MAN/Proxy/C0161.mov,0.01,0.2,1080,1920,2
02_Projekt-Ad Dreh (2025 Retainer 1:3),02_Projekt-Ad Dreh (2025 Retainer 1:3)/03_Medien/01_Footage/Einzelne Videos/1.3 - Chiropraktiker bei MAN/Proxy/C0166.mov,0.01,0.2,1080,1920,2
02_Projekt-Ad Dreh (2025 Retainer 1:3),02_Projekt-Ad Dreh (2025 Retainer 1:3)/03_Medien/01_Footage/Einzelne Videos/1.3 - Chiropraktiker bei MAN/Proxy/C0164.mov,0.01,0.2,1080,1920,2
02_Projekt-Ad Dreh (2025 Retainer 1:3),02_Projekt-Ad Dreh (2025 Retainer 1:3)/03_Medien/01_Footage/Einzelne Videos/1.3 - Chiropraktiker bei MAN/Proxy/C0165.mov,0.01,0.1,1080,1920,2
02_Projekt-Ad Dreh (2025 Retainer 1:3),02_Projekt-Ad Dreh (2025 Retainer 1:3)/03_Medien/01_Footage/Einzelne Videos/1.3 - Chiropraktiker bei MAN/Proxy/C0167.mov,0.01,0.1,1080,1920,2
02_Projekt-Ad Dreh (2025 Retainer 1:3),02_Projekt-Ad Dreh (2025 Retainer 1:3)/03_Medien/01_Footage/Einzelne Videos/1.3 - Chiropraktiker bei MAN/Proxy/FX3_0270.mov,0.01,0.2,1080,1920,2
02_Projekt-Ad Dreh (2025 Retainer 1:3),02_Projekt-Ad Dreh (2025 Retainer 1:3)/03_Medien/01_Footage/Einzelne Videos/1.3 - Chiropraktiker bei MAN/Proxy/FX3_0271.mov,0.01,0.1,1080,1920,2
02_Projekt-Ad Dreh (2025 Retainer 1:3),02_Projekt-Ad Dreh (2025 Retainer 1:3)/03_Medien/01_Footage/Einzelne Videos/1.3 - Chiropraktiker bei MAN/Proxy/FX3_0277.mov,0.01,0.2,1080,1920,2
02_Projekt-Ad Dreh (2025 Retainer 1:3),02_Projekt-Ad Dreh (2025 Retainer 1:3)/03_Medien/01_Footage/Einzelne Videos/1.3 - Chiropraktiker bei MAN/Proxy/FX3_0280.mov,0.01,0.2,1080,1920,2
02_Projekt-Ad Dreh (2025 Retainer 1:3),02_Projekt-Ad Dreh (2025 Retainer 1:3)/03_Medien/01_Footage/Einzelne Videos/1.3 - Chiropraktiker bei MAN/Proxy/FX3_0281.mov,0.01,0.2,1080,1920,2
02_Projekt-Ad Dreh (2025 Retainer 1:3),02_Projekt-Ad Dreh (2025 Retainer 1:3)/03_Medien/01_Footage/Einzelne Videos/1.3 - Chiropraktiker bei MAN/Proxy/FX3_0284.mov,0.01,0.1,1080,1920,2
02_Projekt-Ad Dreh (2025 Retainer 1:3),02_Projekt-Ad Dreh (2025 Retainer 1:3)/03_Medien/01_Footage/Einzelne Videos/1.3 - Chiropraktiker bei MAN/Proxy/FX3_0288.mov,0.01,0.2,1080,1920,2
02_Projekt-Ad Dreh (2025 Retainer 1:3),02_Projekt-Ad Dreh (2025 Retainer 1:3)/03_Medien/01_Footage/Einzelne Videos/1.3 - Chiropraktiker bei MAN/Proxy/FX3_0291.mov,0.01,0.1,1080,1920,2
02_Projekt-Ad Dreh (2025 Retainer 1:3),02_Projekt-Ad Dreh (2025 Retainer 1:3)/03_Medien/01_Footage/Einzelne Videos/1.3 - Chiropraktiker bei MAN/Proxy/FX3_0292.mov,0.01,0.3,1080,1920,2
02_Projekt-Ad Dreh (2025 Retainer 1:3),02_Projekt-Ad Dreh (2025 Retainer 1:3)/03_Medien/01_Footage/Einzelne Videos/1.3 - Chiropraktiker bei MAN/Proxy/FX3_0293.mov,0.01,0.3,1080,1920,2
02_Projekt-Ad Dreh (2025 Retainer 1:3),02_Projekt-Ad Dreh (2025 Retainer 1:3)/03_Medien/01_Footage/Einzelne Videos/1.3 - Chiropraktiker bei MAN/Proxy/FX3_0294.mov,0.01,0.2,1080,1920,2
02_Projekt-Ad Dreh (2025 Retainer 1:3),02_Projekt-Ad Dreh (2025 Retainer 1:3)/03_Medien/01_Footage/Einzelne Videos/1.3 - Chiropraktiker bei MAN/Proxy/FX3_0296.mov,0.01,0.2,1080,1920,2
02_Projekt-Ad Dreh (2025 Retainer 1:3),02_Projekt-Ad Dreh (2025 Retainer 1:3)/03_Medien/01_Footage/Einzelne Videos/1.3 - Chiropraktiker bei MAN/Proxy/FX3_0299.mov,0.01,0.1,1080,1920,2
02_Projekt-Ad Dreh (2025 Retainer 1:3),02_Projekt-Ad Dreh (2025 Retainer 1:3)/03_Medien/01_Footage/Einzelne Videos/1.3 - Chiropraktiker bei MAN/Proxy/FX3_0302.mov,0.01,0.3,1080,1920,2
02_Projekt-Ad Dreh (2025 Retainer 1:3),02_Projekt-Ad Dreh (2025 Retainer 1:3)/03_Medien/01_Footage/Einzelne Videos/1.3 - Chiropraktiker bei MAN/Proxy/FX3_0306.mov,0.01,0.2,1080,1920,2
02_Projekt-Ad Dreh (2025 Retainer 1:3),02_Projekt-Ad Dreh (2025 Retainer 1:3)/03_Medien/01_Footage/Einzelne Videos/1.3 - Chiropraktiker bei MAN/Proxy/FX3_0310.mov,0.01,0.2,1080,1920,2
02_Projekt-Ad Dreh (2025 Retainer 1:3),"02_Projekt-Ad Dreh (2025 Retainer 1:3)/03_Medien/01_Footage/Einzelne Videos/1.2 - ""E-POWER"" Ein Tag als Azubi bei MAN/Proxy/C0118.mov",0.01,0.1,1080,1920,2
02_Projekt-Ad Dreh (2025 Retainer 1:3),"02_Projekt-Ad Dreh (2025 Retainer 1:3)/03_Medien/01_Footage/Einzelne Videos/1.2 - ""E-POWER"" Ein Tag als Azubi bei MAN/Proxy/C0121.mov",0.01,0.1,1080,1920,2
02_Projekt-Ad Dreh (2025 Retainer 1:3),"02_Projekt-Ad Dreh (2025 Retainer 1:3)/03_Medien/01_Footage/Einzelne Videos/1.2 - ""E-POWER"" Ein Tag als Azubi bei MAN/Proxy/C0120.mov",0.01,0.1,1080,1920,2
02_Projekt-Ad Dreh (2025 Retainer 1:3),"02_Projekt-Ad Dreh (2025 Retainer 1:3)/03_Medien/01_Footage/Einzelne Videos/1.2 - ""E-POWER"" Ein Tag als Azubi bei MAN/Proxy/C0123.mov",0.01,0.2,1080,1920,2
02_Projekt-Ad Dreh (2025 Retainer 1:3),"02_Projekt-Ad Dreh (2025 Retainer 1:3)/03_Medien/01_Footage/Einzelne Videos/1.2 - ""E-POWER"" Ein Tag als Azubi bei MAN/Proxy/C0237.mov",0.01,0.2,1080,1920,2
02_Projekt-Ad Dreh (2025 Retainer 1:3),"02_Projekt-Ad Dreh (2025 Retainer 1:3)/03_Medien/01_Footage/Einzelne Videos/1.2 - ""E-POWER"" Ein Tag als Azubi bei MAN/Proxy/C0126.mov",0.01,0.1,1080,1920,2
02_Projekt-Ad Dreh (2025 Retainer 1:3),"02_Projekt-Ad Dreh (2025 Retainer 1:3)/03_Medien/01_Footage/Einzelne Videos/1.2 - ""E-POWER"" Ein Tag als Azubi bei MAN/Proxy/C0125.mov",0.01,0.1,1080,1920,2
02_Projekt-Ad Dreh (2025 Retainer 1:3),"02_Projekt-Ad Dreh (2025 Retainer 1:3)/03_Medien/01_Footage/Einzelne Videos/1.2 - ""E-POWER"" Ein Tag als Azubi bei MAN/Proxy/C0247.mov",0.01,0.1,1080,1920,2
02_Projekt-Ad Dreh (2025 Retainer 1:3),"02_Projekt-Ad Dreh (2025 Retainer 1:3)/03_Medien/01_Footage/Einzelne Videos/1.2 - ""E-POWER"" Ein Tag als Azubi bei MAN/Proxy/C0243.mov",0.01,0.2,1080,1920,2
02_Projekt-Ad Dreh (2025 Retainer 1:3),"02_Projekt-Ad Dreh (2025 Retainer 1:3)/03_Medien/01_Footage/Einzelne Videos/1.2 - ""E-POWER"" Ein Tag als Azubi bei MAN/Proxy/C0253.mov",0.01,0.1,1080,1920,2
02_Projekt-Ad Dreh (2025 Retainer 1:3),"02_Projekt-Ad Dreh (2025 Retainer 1:3)/03_Medien/01_Footage/Einzelne Videos/1.2 - ""E-POWER"" Ein Tag als Azubi bei MAN/Proxy/C0257.mov",0.01,0.2,1080,1920,2
02_Projekt-Ad Dreh (2025 Retainer 1:3),"02_Projekt-Ad Dreh (2025 Retainer 1:3)/03_Medien/01_Footage/Einzelne Videos/1.2 - ""E-POWER"" Ein Tag als Azubi bei MAN/Proxy/C0255.mov",0.01,0.2,1080,1920,2
02_Projekt-Ad Dreh (2025 Retainer 1:3),"02_Projekt-Ad Dreh (2025 Retainer 1:3)/03_Medien/01_Footage/Einzelne Videos/1.2 - ""E-POWER"" Ein Tag als Azubi bei MAN/Proxy/C0259.mov",0.01,0.2,1080,1920,2
02_Projekt-Ad Dreh (2025 Retainer 1:3),"02_Projekt-Ad Dreh (2025 Retainer 1:3)/03_Medien/01_Footage/Einzelne Videos/1.2 - ""E-POWER"" Ein Tag als Azubi bei MAN/Proxy/C0262.mov",0.01,0.1,1080,1920,2
02_Projekt-Ad Dreh (2025 Retainer 1:3),"02_Projekt-Ad Dreh (2025 Retainer 1:3)/03_Medien/01_Footage/Einzelne Videos/1.2 - ""E-POWER"" Ein Tag als Azubi bei MAN/Proxy/C0263.mov",0.01,0.1,1080,1920,2
02_Projekt-Ad Dreh (2025 Retainer 1:3),"02_Projekt-Ad Dreh (2025 Retainer 1:3)/03_Medien/01_Footage/Einzelne Videos/1.2 - ""E-POWER"" Ein Tag als Azubi bei MAN/Proxy/FX3_0326.mov",0.01,0.2,1080,1920,2
02_Projekt-Ad Dreh (2025 Retainer 1:3),"02_Projekt-Ad Dreh (2025 Retainer 1:3)/03_Medien/01_Footage/Einzelne Videos/1.2 - ""E-POWER"" Ein Tag als Azubi bei MAN/Proxy/FX3_0331.mov",0.01,0.1,1080,1920,2
02_Projekt-Ad Dreh (2025 Retainer 1:3),"02_Projekt-Ad Dreh (2025 Retainer 1:3)/03_Medien/01_Footage/Einzelne Videos/1.2 - ""E-POWER"" Ein Tag als Azubi bei MAN/Proxy/FX3_0334.mov",0.01,0.1,1080,1920,2
02_Projekt-Ad Dreh (2025 Retainer 1:3),"02_Projekt-Ad Dreh (2025 Retainer 1:3)/03_Medien/01_Footage/Einzelne Videos/1.2 - ""E-POWER"" Ein Tag als Azubi bei MAN/Proxy/FX3_0335.mov",0.01,0.1,1080,1920,2
02_Projekt-Ad Dreh (2025 Retainer 1:3),"02_Projekt-Ad Dreh (2025 Retainer 1:3)/03_Medien/01_Footage/Einzelne Videos/1.2 - ""E-POWER"" Ein Tag als Azubi bei MAN/Proxy/FX3_0341.mov",0.01,0.1,1080,1920,2
02_Projekt-Ad Dreh (2025 Retainer 1:3),"02_Projekt-Ad Dreh (2025 Retainer 1:3)/03_Medien/01_Footage/Einzelne Videos/1.2 - ""E-POWER"" Ein Tag als Azubi bei MAN/Proxy/FX3_0342.mov",0.01,0.2,1080,1920,2
02_Projekt-Ad Dreh (2025 Retainer 1:3),"02_Projekt-Ad Dreh (2025 Retainer 1:3)/03_Medien/01_Footage/Einzelne Videos/1.2 - ""E-POWER"" Ein Tag als Azubi bei MAN/Proxy/FX3_0343.mov",0.01,0.2,1080,1920,2
02_Projekt-Ad Dreh (2025 Retainer 1:3),"02_Projekt-Ad Dreh (2025 Retainer 1:3)/03_Medien/01_Footage/Einzelne Videos/1.2 - ""E-POWER"" Ein Tag als Azubi bei MAN/Proxy/FX3_4659.mov",0.01,0.1,1080,1920,2
02_Projekt-Ad Dreh (2025 Retainer 1:3),"02_Projekt-Ad Dreh (2025 Retainer 1:3)/03_Medien/01_Footage/Einzelne Videos/1.2 - ""E-POWER"" Ein Tag als Azubi bei MAN/Proxy/FX3_4660.mov",0.01,0.1,1080,1920,2
02_Projekt-Ad Dreh (2025 Retainer 1:3),"02_Projekt-Ad Dreh (2025 Retainer 1:3)/03_Medien/01_Footage/Einzelne Videos/1.2 - ""E-POWER"" Ein Tag als Azubi bei MAN/Proxy/FX3_4665.mov",0.01,0.1,1080,1920,2
02_Projekt-Ad Dreh (2025 Retainer 1:3),"02_Projekt-Ad Dreh (2025 Retainer 1:3)/03_Medien/01_Footage/Einzelne Videos/1.1 - ""HEAVY LIFTING"" Ein Tag als Azubi bei MAN/Proxy/FX3_0242.mov",0.01,0.1,1080,1920,2
02_Projekt-Ad Dreh (2025 Retainer 1:3),"02_Projekt-Ad Dreh (2025 Retainer 1:3)/03_Medien/01_Footage/Einzelne Videos/1.1 - ""HEAVY LIFTING"" Ein Tag als Azubi bei MAN/Proxy/C0147.mov",0.01,0.1,1080,1920,2
02_Projekt-Ad Dreh (2025 Retainer 1:3),"02_Projekt-Ad Dreh (2025 Retainer 1:3)/03_Medien/01_Footage/Einzelne Videos/1.1 - ""HEAVY LIFTING"" Ein Tag als Azubi bei MAN/Proxy/C0149.mov",0.01,0.1,1080,1920,2
02_Projekt-Ad Dreh (2025 Retainer 1:3),"02_Projekt-Ad Dreh (2025 Retainer 1:3)/03_Medien/01_Footage/Einzelne Videos/1.1 - ""HEAVY LIFTING"" Ein Tag als Azubi bei MAN/Proxy/C0152.mov",0.01,0.1,1080,1920,2
02_Projekt-Ad Dreh (2025 Retainer 1:3),"02_Projekt-Ad Dreh (2025 Retainer 1:3)/03_Medien/01_Footage/Einzelne Videos/1.1 - ""HEAVY LIFTING"" Ein Tag als Azubi bei MAN/Proxy/FX3_0243.mov",0.01,0.1,1080,1920,2
02_Projekt-Ad Dreh (2025 Retainer 1:3),"02_Projekt-Ad Dreh (2025 Retainer 1:3)/03_Medien/01_Footage/Einzelne Videos/1.1 - ""HEAVY LIFTING"" Ein Tag als Azubi bei MAN/Proxy/FX3_0245.mov",0.01,0.2,1080,1920,2
02_Projekt-Ad Dreh (2025 Retainer 1:3),"02_Projekt-Ad Dreh (2025 Retainer 1:3)/03_Medien/01_Footage/Einzelne Videos/1.1 - ""HEAVY LIFTING"" Ein Tag als Azubi bei MAN/Proxy/FX3_0244.mov",0.01,0.2,1080,1920,2
02_Projekt-Ad Dreh (2025 Retainer 1:3),"02_Projekt-Ad Dreh (2025 Retainer 1:3)/03_Medien/01_Footage/Einzelne Videos/1.1 - ""HEAVY LIFTING"" Ein Tag als Azubi bei MAN/Proxy/FX3_0247.mov",0.01,0.2,1080,1920,2
02_Projekt-Ad Dreh (2025 Retainer 1:3),"02_Projekt-Ad Dreh (2025 Retainer 1:3)/03_Medien/01_Footage/Einzelne Videos/1.1 - ""HEAVY LIFTING"" Ein Tag als Azubi bei MAN/Proxy/FX3_0250.mov",0.01,0.2,1080,1920,2
02_Projekt-Ad Dreh (2025 Retainer 1:3),"02_Projekt-Ad Dreh (2025 Retainer 1:3)/03_Medien/01_Footage/Einzelne Videos/1.1 - ""HEAVY LIFTING"" Ein Tag als Azubi bei MAN/Proxy/FX3_0251.mov",0.01,0.1,1080,1920,2
02_Projekt-Ad Dreh (2025 Retainer 1:3),"02_Projekt-Ad Dreh (2025 Retainer 1:3)/03_Medien/01_Footage/Einzelne Videos/1.1 - ""HEAVY LIFTING"" Ein Tag als Azubi bei MAN/Proxy/FX3_0254.mov",0.01,0.1,1080,1920,2
02_Projekt-Ad Dreh (2025 Retainer 1:3),"02_Projekt-Ad Dreh (2025 Retainer 1:3)/03_Medien/01_Footage/Einzelne Videos/1.1 - ""HEAVY LIFTING"" Ein Tag als Azubi bei MAN/Proxy/FX3_0258.mov",0.01,0.1,1080,1920,2
02_Projekt-Ad Dreh (2025 Retainer 1:3),"02_Projekt-Ad Dreh (2025 Retainer 1:3)/03_Medien/01_Footage/Einzelne Videos/1.1 - ""HEAVY LIFTING"" Ein Tag als Azubi bei MAN/Proxy/FX3_0261.mov",0.01,0.1,1080,1920,2
02_Projekt-Ad Dreh (2025 Retainer 1:3),"02_Projekt-Ad Dreh (2025 Retainer 1:3)/03_Medien/01_Footage/Einzelne Videos/1.1 - ""HEAVY LIFTING"" Ein Tag als Azubi bei MAN/Proxy/FX3_0262.mov",0.01,0.1,1080,1920,2
02_Projekt-Ad Dreh (2025 Retainer 1:3),"02_Projekt-Ad Dreh (2025 Retainer 1:3)/03_Medien/01_Footage/Einzelne Videos/1.1 - ""HEAVY LIFTING"" Ein Tag als Azubi bei MAN/Proxy/FX3_0264.mov",0.01,0.1,1080,1920,2
02_Projekt-Ad Dreh (2025 Retainer 1:3),"02_Projekt-Ad Dreh (2025 Retainer 1:3)/03_Medien/01_Footage/Einzelne Videos/1.1 - ""HEAVY LIFTING"" Ein Tag als Azubi bei MAN/Proxy/FX3_0265.mov",0.01,0.1,1080,1920,2
02_Projekt-Ad Dreh (2025 Retainer 1:3),02_Projekt-Ad Dreh (2025 Retainer 1:3)/03_Medien/01_Footage/Einzelne Videos/Allgemeine B-Roll/Exo Skelett und Bühne heben/Proxy/C0133.mov,0.0,0.0,1080,1920,2
02_Projekt-Ad Dreh (2025 Retainer 1:3),02_Projekt-Ad Dreh (2025 Retainer 1:3)/03_Medien/01_Footage/Einzelne Videos/Allgemeine B-Roll/Exo Skelett und Bühne heben/Proxy/C0134.mov,0.0,0.1,1080,1920,2
02_Projekt-Ad Dreh (2025 Retainer 1:3),02_Projekt-Ad Dreh (2025 Retainer 1:3)/03_Medien/01_Footage/Einzelne Videos/Allgemeine B-Roll/Exo Skelett und Bühne heben/Proxy/C0130.mov,0.0,0.1,1080,1920,2
02_Projekt-Ad Dreh (2025 Retainer 1:3),02_Projekt-Ad Dreh (2025 Retainer 1:3)/03_Medien/01_Footage/Einzelne Videos/Allgemeine B-Roll/Exo Skelett und Bühne heben/Proxy/C0142.mov,0.0,0.0,1080,1920,2
02_Projekt-Ad Dreh (2025 Retainer 1:3),02_Projekt-Ad Dreh (2025 Retainer 1:3)/03_Medien/01_Footage/Einzelne Videos/Allgemeine B-Roll/Exo Skelett und Bühne heben/Proxy/C0146.mov,0.0,0.1,1080,1920,2
02_Projekt-Ad Dreh (2025 Retainer 1:3),02_Projekt-Ad Dreh (2025 Retainer 1:3)/03_Medien/01_Footage/Einzelne Videos/Allgemeine B-Roll/Exo Skelett und Bühne heben/Proxy/C0145.mov,0.0,0.1,1080,1920,2
02_Projekt-Ad Dreh (2025 Retainer 1:3),02_Projekt-Ad Dreh (2025 Retainer 1:3)/03_Medien/01_Footage/Einzelne Videos/Allgemeine B-Roll/B-Roll Truck /Proxy/C0174.mov,0.0,0.0,1080,1920,2
02_Projekt-Ad Dreh (2025 Retainer 1:3),02_Projekt-Ad Dreh (2025 Retainer 1:3)/03_Medien/01_Footage/Einzelne Videos/Allgemeine B-Roll/B-Roll ketten/Proxy/C0171.mov,0.0,0.1,1080,1920,2
02_Projekt-Ad Dreh (2025 Retainer 1:3),02_Projekt-Ad Dreh (2025 Retainer 1:3)/03_Medien/01_Footage/Einzelne Videos/Allgemeine B-Roll/B-Roll Hebebüne/Proxy/C0181.mov,0.0,0.1,1080,1920,2
02_Projekt-Ad Dreh (2025 Retainer 1:3),02_Projekt-Ad Dreh (2025 Retainer 1:3)/03_Medien/01_Footage/Einzelne Videos/Allgemeine B-Roll/Werkstatt B-Roll/Proxy/C0189.mov,0.0,0.0,1080,1920,2
02_Projekt-Ad Dreh (2025 Retainer 1:3),02_Projekt-Ad Dreh (2025 Retainer 1:3)/03_Medien/01_Footage/Einzelne Videos/Allgemeine B-Roll/Werkstatt B-Roll/Proxy/C0197.mov,0.0,0.0,1080,1920,2
02_Projekt-Ad Dreh (2025 Retainer 1:3),02_Projekt-Ad Dreh (2025 Retainer 1:3)/03_Medien/01_Footage/Einzelne Videos/Allgemeine B-Roll/Werkstatt B-Roll/Proxy/C0202.mov,0.0,0.1,1080,1920,2
02_Projekt-Ad Dreh (2025 Retainer 1:3),02_Projekt-Ad Dreh (2025 Retainer 1:3)/03_Medien/01_Footage/Einzelne Videos/Allgemeine B-Roll/Werkstatt B-Roll/Proxy/C0201.mov,0.0,0.1,1080,1920,2
02_Projekt-Ad Dreh (2025 Retainer 1:3),02_Projekt-Ad Dreh (2025 Retainer 1:3)/03_Medien/01_Footage/Einzelne Videos/Allgemeine B-Roll/Werkstatt B-Roll/Proxy/C0203.mov,0.0,0.1,1080,1920,2
02_Projekt-Ad Dreh (2025 Retainer 1:3),02_Projekt-Ad Dreh (2025 Retainer 1:3)/03_Medien/01_Footage/Einzelne Videos/Allgemeine B-Roll/Werkstatt B-Roll/Proxy/C0210.mov,0.0,0.0,1080,1920,2
02_Projekt-Ad Dreh (2025 Retainer 1:3),02_Projekt-Ad Dreh (2025 Retainer 1:3)/03_Medien/01_Footage/Einzelne Videos/Allgemeine B-Roll/Werkstatt B-Roll/Proxy/C0266.mov,0.0,0.1,1080,1920,2
02_Projekt-Ad Dreh (2025 Retainer 1:3),02_Projekt-Ad Dreh (2025 Retainer 1:3)/03_Medien/01_Footage/Einzelne Videos/Allgemeine B-Roll/Werkstatt B-Roll/Proxy/C0264.mov,0.0,0.1,1080,1920,2
02_Projekt-Ad Dreh (2025 Retainer 1:3),02_Projekt-Ad Dreh (2025 Retainer 1:3)/03_Medien/01_Footage/Einzelne Videos/Allgemeine B-Roll/Werkstatt B-Roll/Proxy/C0268.mov,0.0,0.1,1080,1920,2
02_Projekt-Ad Dreh (2025 Retainer 1:3),02_Projekt-Ad Dreh (2025 Retainer 1:3)/03_Medien/01_Footage/Einzelne Videos/Allgemeine B-Roll/Werkstatt B-Roll/Proxy/C0292.mov,0.0,0.0,1080,1920,2
02_Projekt-Ad Dreh (2025 Retainer 1:3),02_Projekt-Ad Dreh (2025 Retainer 1:3)/03_Medien/01_Footage/Einzelne Videos/Allgemeine B-Roll/Werkstatt B-Roll/Proxy/C0296.mov,0.0,0.0,1080,1920,2
02_Projekt-Ad Dreh (2025 Retainer 1:3),02_Projekt-Ad Dreh (2025 Retainer 1:3)/03_Medien/01_Footage/Einzelne Videos/Allgemeine B-Roll/Werkstatt B-Roll/Proxy/C0297.mov,0.0,0.1,1080,1920,2
02_Projekt-Ad Dreh (2025 Retainer 1:3),02_Projekt-Ad Dreh (2025 Retainer 1:3)/03_Medien/01_Footage/Einzelne Videos/Allgemeine B-Roll/Werkstatt B-Roll/Proxy/C0298.mov,0.0,0.1,1080,1920,2
02_Projekt-Ad Dreh (2025 Retainer 1:3),02_Projekt-Ad Dreh (2025 Retainer 1:3)/03_Medien/01_Footage/Einzelne Videos/Allgemeine B-Roll/Werkstatt B-Roll/Proxy/C0299.mov,0.0,0.1,1080,1920,2
02_Projekt-Ad Dreh (2025 Retainer 1:3),02_Projekt-Ad Dreh (2025 Retainer 1:3)/03_Medien/01_Footage/Einzelne Videos/Allgemeine B-Roll/Werkstatt B-Roll/Proxy/C0302.mov,0.0,0.1,1080,1920,2
02_Projekt-Ad Dreh (2025 Retainer 1:3),02_Projekt-Ad Dreh (2025 Retainer 1:3)/03_Medien/01_Footage/Einzelne Videos/Allgemeine B-Roll/Werkstatt B-Roll/Proxy/C0303.mov,0.0,0.1,1080,1920,2
02_Projekt-Ad Dreh (2025 Retainer 1:3),02_Projekt-Ad Dreh (2025 Retainer 1:3)/03_Medien/01_Footage/Einzelne Videos/Allgemeine B-Roll/Werkstatt B-Roll/Proxy/C0304.mov,0.0,0.0,1080,1920,2
02_Projekt-Ad Dreh (2025 Retainer 1:3),02_Projekt-Ad Dreh (2025 Retainer 1:3)/03_Medien/01_Footage/Einzelne Videos/Allgemeine B-Roll/Werkstatt B-Roll/Proxy/C0305.mov,0.0,0.1,1080,1920,2
02_Projekt-Ad Dreh (2025 Retainer 1:3),02_Projekt-Ad Dreh (2025 Retainer 1:3)/03_Medien/01_Footage/Einzelne Videos/Allgemeine B-Roll/Werkstatt B-Roll/Proxy/C0306.mov,0.0,0.1,1080,1920,2
02_Projekt-Ad Dreh (2025 Retainer 1:3),02_Projekt-Ad Dreh (2025 Retainer 1:3)/03_Medien/01_Footage/Einzelne Videos/Allgemeine B-Roll/Werkstatt B-Roll/Proxy/C0310.mov,0.0,0.0,1080,1920,2
02_Projekt-Ad Dreh (2025 Retainer 1:3),02_Projekt-Ad Dreh (2025 Retainer 1:3)/03_Medien/01_Footage/Einzelne Videos/Allgemeine B-Roll/Werkstatt B-Roll/Proxy/C0311.mov,0.0,0.1,1080,1920,2
02_Projekt-Ad Dreh (2025 Retainer 1:3),02_Projekt-Ad Dreh (2025 Retainer 1:3)/03_Medien/01_Footage/Einzelne Videos/Allgemeine B-Roll/Werkstatt B-Roll/Proxy/C0312.mov,0.0,0.1,1080,1920,2
02_Projekt-Ad Dreh (2025 Retainer 1:3),02_Projekt-Ad Dreh (2025 Retainer 1:3)/03_Medien/01_Footage/Einzelne Videos/Allgemeine B-Roll/Werkstatt B-Roll/Proxy/C0313.mov,0.0,0.1,1080,1920,2
02_Projekt-Ad Dreh (2025 Retainer 1:3),02_Projekt-Ad Dreh (2025 Retainer 1:3)/03_Medien/01_Footage/Einzelne Videos/Allgemeine B-Roll/Werkstatt B-Roll/Proxy/C0317.mov,0.0,0.1,1080,1920,2
02_Projekt-Ad Dreh (2025 Retainer 1:3),02_Projekt-Ad Dreh (2025 Retainer 1:3)/03_Medien/01_Footage/Einzelne Videos/Allgemeine B-Roll/Werkstatt B-Roll/Proxy/C0318.mov,0.0,0.1,1080,1920,2
02_Projekt-Ad Dreh (2025 Retainer 1:3),02_Projekt-Ad Dreh (2025 Retainer 1:3)/03_Medien/01_Footage/Einzelne Videos/Allgemeine B-Roll/Werkstatt B-Roll/Proxy/C0320.mov,0.0,0.0,1080,1920,2
02_Projekt-Ad Dreh (2025 Retainer 1:3),02_Projekt-Ad Dreh (2025 Retainer 1:3)/03_Medien/01_Footage/Einzelne Videos/Allgemeine B-Roll/Werkstatt B-Roll/Proxy/C0323.mov,0.0,0.0,1080,1920,2
02_Projekt-Ad Dreh (2025 Retainer 1:3),02_Projekt-Ad Dreh (2025 Retainer 1:3)/03_Medien/01_Footage/Einzelne Videos/Allgemeine B-Roll/Werkstatt B-Roll/Proxy/FX3_4867.mov,0.0,0.0,1080,1920,2
02_Projekt-Ad Dreh (2025 Retainer 1:3),02_Projekt-Ad Dreh (2025 Retainer 1:3)/03_Medien/01_Footage/Einzelne Videos/Allgemeine B-Roll/Werkstatt B-Roll/Proxy/FX3_4869.mov,0.0,0.1,1080,1920,2
02_Projekt-Ad Dreh (2025 Retainer 1:3),02_Projekt-Ad Dreh (2025 Retainer 1:3)/03_Medien/01_Footage/Einzelne Videos/Allgemeine B-Roll/Werkstatt B-Roll/Proxy/FX3_4872.mov,0.0,0.1,1080,1920,2
02_Projekt-Ad Dreh (2025 Retainer 1:3),02_Projekt-Ad Dreh (2025 Retainer 1:3)/03_Medien/01_Footage/Einzelne Videos/Allgemeine B-Roll/Werkstatt B-Roll/Proxy/FX3_4873.mov,0.0,0.1,1080,1920,2
02_Projekt-Ad Dreh (2025 Retainer 1:3),02_Projekt-Ad Dreh (2025 Retainer 1:3)/03_Medien/01_Footage/Einzelne Videos/Allgemeine B-Roll/Werkstatt B-Roll/Proxy/FX3_4874.mov,0.0,0.0,1080,1920,2
02_Projekt-Ad Dreh (2025 Retainer 1:3),02_Projekt-Ad Dreh (2025 Retainer 1:3)/03_Medien/01_Footage/Einzelne Videos/Allgemeine B-Roll/Schweißen und Flexxen/Proxy/C0271.mov,0.0,0.1,1080,1920,2
02_Projekt-Ad Dreh (2025 Retainer 1:3),02_Projekt-Ad Dreh (2025 Retainer 1:3)/03_Medien/01_Footage/Einzelne Videos/Allgemeine B-Roll/Schweißen und Flexxen/Proxy/C0274.mov,0.0,0.0,1080,1920,2
02_Projekt-Ad Dreh (2025 Retainer 1:3),02_Projekt-Ad Dreh (2025 Retainer 1:3)/03_Medien/01_Footage/Einzelne Videos/Allgemeine B-Roll/Schweißen und Flexxen/Proxy/C0272.mov,0.0,0.0,1080,1920,2
02_Projekt-Ad Dreh (2025 Retainer 1:3),02_Projekt-Ad Dreh (2025 Retainer 1:3)/03_Medien/01_Footage/Einzelne Videos/Allgemeine B-Roll/Schweißen und Flexxen/Proxy/C0273.mov,0.0,0.0,1080,1920,2
02_Projekt-Ad Dreh (2025 Retainer 1:3),02_Projekt-Ad Dreh (2025 Retainer 1:3)/03_Medien/01_Footage/Einzelne Videos/Allgemeine B-Roll/Schweißen und Flexxen/Proxy/C0281.mov,0.0,0.1,1080,1920,2
02_Projekt-Ad Dreh (2025 Retainer 1:3),02_Projekt-Ad Dreh (2025 Retainer 1:3)/03_Medien/01_Footage/Einzelne Videos/Allgemeine B-Roll/Schweißen und Flexxen/Proxy/C0282.mov,0.0,0.0,1080,1920,2
02_Projekt-Ad Dreh (2025 Retainer 1:3),02_Projekt-Ad Dreh (2025 Retainer 1:3)/03_Medien/01_Footage/Einzelne Videos/Allgemeine B-Roll/Schweißen und Flexxen/Proxy/C0280.mov,0.0,0.0,1080,1920,2
02_Projekt-Ad Dreh (2025 Retainer 1:3),02_Projekt-Ad Dreh (2025 Retainer 1:3)/03_Medien/01_Footage/Einzelne Videos/Allgemeine B-Roll/Schweißen und Flexxen/Proxy/FX3_4692.mov,0.0,0.0,1080,1920,2
02_Projekt-Ad Dreh (2025 Retainer 1:3),02_Projekt-Ad Dreh (2025 Retainer 1:3)/03_Medien/01_Footage/Einzelne Videos/Allgemeine B-Roll/Schweißen und Flexxen/Proxy/FX3_4690.mov,0.0,0.0,1080,1920,2
02_Projekt-Ad Dreh (2025 Retainer 1:3),02_Projekt-Ad Dreh (2025 Retainer 1:3)/03_Medien/01_Footage/Einzelne Videos/Allgemeine B-Roll/Schweißen und Flexxen/Proxy/FX3_4699.mov,0.0,0.0,1920,1080,2
02_Projekt-Ad Dreh (2025 Retainer 1:3),02_Projekt-Ad Dreh (2025 Retainer 1:3)/03_Medien/01_Footage/Einzelne Videos/Allgemeine B-Roll/Schweißen und Flexxen/Proxy/FX3_4697.mov,0.0,0.0,1080,1920,2
02_Projekt-Ad Dreh (2025 Retainer 1:3),02_Projekt-Ad Dreh (2025 Retainer 1:3)/03_Medien/01_Footage/Einzelne Videos/Allgemeine B-Roll/Schweißen und Flexxen/Proxy/FX3_4706.mov,0.0,0.0,1080,1920,2
02_Projekt-Ad Dreh (2025 Retainer 1:3),02_Projekt-Ad Dreh (2025 Retainer 1:3)/03_Medien/01_Footage/Einzelne Videos/Allgemeine B-Roll/Schweißen und Flexxen/Proxy/FX3_4710.mov,0.0,0.1,1080,1920,2
02_Projekt-Ad Dreh (2025 Retainer 1:3),02_Projekt-Ad Dreh (2025 Retainer 1:3)/03_Medien/01_Footage/Einzelne Videos/Allgemeine B-Roll/Schweißen und Flexxen/Proxy/FX3_4709.mov,0.0,0.1,1920,1080,2
02_Projekt-Ad Dreh (2025 Retainer 1:3),02_Projekt-Ad Dreh (2025 Retainer 1:3)/03_Medien/01_Footage/Einzelne Videos/Allgemeine B-Roll/LKW Fahren + anheben/Proxy/C0219.mov,0.0,0.1,1080,1920,2
02_Projekt-Ad Dreh (2025 Retainer 1:3),02_Projekt-Ad Dreh (2025 Retainer 1:3)/03_Medien/01_Footage/Einzelne Videos/Allgemeine B-Roll/LKW Fahren + anheben/Proxy/C0217.mov,0.0,0.1,1080,1920,2
02_Projekt-Ad Dreh (2025 Retainer 1:3),02_Projekt-Ad Dreh (2025 Retainer 1:3)/03_Medien/01_Footage/Einzelne Videos/Allgemeine B-Roll/LKW Fahren + anheben/Proxy/C0220.mov,0.0,0.0,1080,1920,2
02_Projekt-Ad Dreh (2025 Retainer 1:3),02_Projekt-Ad Dreh (2025 Retainer 1:3)/03_Medien/01_Footage/Einzelne Videos/Allgemeine B-Roll/LKW Fahren + anheben/Proxy/C0225.mov,0.0,0.0,1080,1920,2
02_Projekt-Ad Dreh (2025 Retainer 1:3),02_Projekt-Ad Dreh (2025 Retainer 1:3)/03_Medien/01_Footage/Einzelne Videos/Allgemeine B-Roll/LKW Fahren + anheben/Proxy/C0228.mov,0.0,0.1,1080,1920,2
02_Projekt-Ad Dreh (2025 Retainer 1:3),02_Projekt-Ad Dreh (2025 Retainer 1:3)/03_Medien/01_Footage/Einzelne Videos/Allgemeine B-Roll/LKW Fahren + anheben/Proxy/C0229.mov,0.0,0.0,1080,1920,2
02_Projekt-Ad Dreh (2025 Retainer 1:3),02_Projekt-Ad Dreh (2025 Retainer 1:3)/03_Medien/01_Footage/Einzelne Videos/Allgemeine B-Roll/LKW Fahren + anheben/Proxy/C0231.mov,0.0,0.0,1080,1920,2
02_Projekt-Ad Dreh (2025 Retainer 1:3),02_Projekt-Ad Dreh (2025 Retainer 1:3)/03_Medien/01_Footage/Einzelne Videos/Allgemeine B-Roll/LKW Fahren + anheben/Proxy/C0233.mov,0.0,0.1,1080,1920,2
02_Projekt-Ad Dreh (2025 Retainer 1:3),02_Projekt-Ad Dreh (2025 Retainer 1:3)/03_Medien/01_Footage/Einzelne Videos/Allgemeine B-Roll/LKW Fahren + anheben/Proxy/C0232.mov,0.0,0.1,1080,1920,2
02_Projekt-Ad Dreh (2025 Retainer 1:3),02_Projekt-Ad Dreh (2025 Retainer 1:3)/03_Medien/01_Footage/Einzelne Videos/Allgemeine B-Roll/LKW Fahren + anheben/Proxy/FX3_0344.mov,0.0,0.0,1080,1920,2
02_Projekt-Ad Dreh (2025 Retainer 1:3),02_Projekt-Ad Dreh (2025 Retainer 1:3)/03_Medien/01_Footage/Einzelne Videos/1.5 und 1.6 - Quiz /Proxy/a7MK4_20250624_4811.mov,0.0,0.0,1080,1920,2
02_Projekt-Ad Dreh (2025 Retainer 1:3),02_Projekt-Ad Dreh (2025 Retainer 1:3)/03_Medien/01_Footage/Einzelne Videos/1.5 und 1.6 - Quiz /Proxy/a7MK4_20250624_4812.mov,0.0,0.0,1080,1920,2
02_Projekt-Ad Dreh (2025 Retainer 1:3),02_Projekt-Ad Dreh (2025 Retainer 1:3)/03_Medien/01_Footage/Einzelne Videos/1.4 - Kamera weitergeben/Proxy/FX3_4677.mov,0.0,0.0,1080,1920,2
02_Projekt-Ad Dreh (2025 Retainer 1:3),02_Projekt-Ad Dreh (2025 Retainer 1:3)/03_Medien/01_Footage/Einzelne Videos/1.4 - Kamera weitergeben/Proxy/FX3_4679.mov,0.0,0.1,1080,1920,2
02_Projekt-Ad Dreh (2025 Retainer 1:3),02_Projekt-Ad Dreh (2025 Retainer 1:3)/03_Medien/01_Footage/Einzelne Videos/1.3 - Chiropraktiker bei MAN/Proxy/C0155.mov,0.0,0.0,1080,1920,2
02_Projekt-Ad Dreh (2025 Retainer 1:3),02_Projekt-Ad Dreh (2025 Retainer 1:3)/03_Medien/01_Footage/Einzelne Videos/1.3 - Chiropraktiker bei MAN/Proxy/C0157.mov,0.0,0.0,1080,1920,2
02_Projekt-Ad Dreh (2025 Retainer 1:3),02_Projekt-Ad Dreh (2025 Retainer 1:3)/03_Medien/01_Footage/Einzelne Videos/1.3 - Chiropraktiker bei MAN/Proxy/C0159.mov,0.0,0.1,1080,1920,2
02_Projekt-Ad Dreh (2025 Retainer 1:3),02_Projekt-Ad Dreh (2025 Retainer 1:3)/03_Medien/01_Footage/Einzelne Videos/1.3 - Chiropraktiker bei MAN/Proxy/C0162.mov,0.0,0.1,1080,1920,2
02_Projekt-Ad Dreh (2025 Retainer 1:3),02_Projekt-Ad Dreh (2025 Retainer 1:3)/03_Medien/01_Footage/Einzelne Videos/1.3 - Chiropraktiker bei MAN/Proxy/C0168.mov,0.0,0.1,1080,1920,2
02_Projekt-Ad Dreh (2025 Retainer 1:3),02_Projekt-Ad Dreh (2025 Retainer 1:3)/03_Medien/01_Footage/Einzelne Videos/1.3 - Chiropraktiker bei MAN/Proxy/FX3_0272.mov,0.0,0.1,1080,1920,2
02_Projekt-Ad Dreh (2025 Retainer 1:3),02_Projekt-Ad Dreh (2025 Retainer 1:3)/03_Medien/01_Footage/Einzelne Videos/1.3 - Chiropraktiker bei MAN/Proxy/FX3_0273.mov,0.0,0.1,1080,1920,2
02_Projekt-Ad Dreh (2025 Retainer 1:3),02_Projekt-Ad Dreh (2025 Retainer 1:3)/03_Medien/01_Footage/Einzelne Videos/1.3 - Chiropraktiker bei MAN/Proxy/FX3_0276.mov,0.0,0.1,1080,1920,2
02_Projekt-Ad Dreh (2025 Retainer 1:3),02_Projekt-Ad Dreh (2025 Retainer 1:3)/03_Medien/01_Footage/Einzelne Videos/1.3 - Chiropraktiker bei MAN/Proxy/FX3_0274.mov,0.0,0.1,1080,1920,2
02_Projekt-Ad Dreh (2025 Retainer 1:3),02_Projekt-Ad Dreh (2025 Retainer 1:3)/03_Medien/01_Footage/Einzelne Videos/1.3 - Chiropraktiker bei MAN/Proxy/FX3_0275.mov,0.0,0.1,1080,1920,2
02_Projekt-Ad Dreh (2025 Retainer 1:3),02_Projekt-Ad Dreh (2025 Retainer 1:3)/03_Medien/01_Footage/Einzelne Videos/1.3 - Chiropraktiker bei MAN/Proxy/FX3_0278.mov,0.0,0.1,1080,1920,2
02_Projekt-Ad Dreh (2025 Retainer 1:3),02_Projekt-Ad Dreh (2025 Retainer 1:3)/03_Medien/01_Footage/Einzelne Videos/1.3 - Chiropraktiker bei MAN/Proxy/FX3_0279.mov,0.0,0.1,1080,1920,2
02_Projekt-Ad Dreh (2025 Retainer 1:3),02_Projekt-Ad Dreh (2025 Retainer 1:3)/03_Medien/01_Footage/Einzelne Videos/1.3 - Chiropraktiker bei MAN/Proxy/FX3_0283.mov,0.0,0.0,1080,1920,2
02_Projekt-Ad Dreh (2025 Retainer 1:3),02_Projekt-Ad Dreh (2025 Retainer 1:3)/03_Medien/01_Footage/Einzelne Videos/1.3 - Chiropraktiker bei MAN/Proxy/FX3_0285.mov,0.0,0.1,1080,1920,2
02_Projekt-Ad Dreh (2025 Retainer 1:3),02_Projekt-Ad Dreh (2025 Retainer 1:3)/03_Medien/01_Footage/Einzelne Videos/1.3 - Chiropraktiker bei MAN/Proxy/FX3_0282.mov,0.0,0.1,1080,1920,2
02_Projekt-Ad Dreh (2025 Retainer 1:3),02_Projekt-Ad Dreh (2025 Retainer 1:3)/03_Medien/01_Footage/Einzelne Videos/1.3 - Chiropraktiker bei MAN/Proxy/FX3_0286.mov,0.0,0.0,1080,1920,2
02_Projekt-Ad Dreh (2025 Retainer 1:3),02_Projekt-Ad Dreh (2025 Retainer 1:3)/03_Medien/01_Footage/Einzelne Videos/1.3 - Chiropraktiker bei MAN/Proxy/FX3_0287.mov,0.0,0.1,1080,1920,2
02_Projekt-Ad Dreh (2025 Retainer 1:3),02_Projekt-Ad Dreh (2025 Retainer 1:3)/03_Medien/01_Footage/Einzelne Videos/1.3 - Chiropraktiker bei MAN/Proxy/FX3_0289.mov,0.0,0.0,1080,1920,2
02_Projekt-Ad Dreh (2025 Retainer 1:3),02_Projekt-Ad Dreh (2025 Retainer 1:3)/03_Medien/01_Footage/Einzelne Videos/1.3 - Chiropraktiker bei MAN/Proxy/FX3_0290.mov,0.0,0.0,1080,1920,2
02_Projekt-Ad Dreh (2025 Retainer 1:3),02_Projekt-Ad Dreh (2025 Retainer 1:3)/03_Medien/01_Footage/Einzelne Videos/1.3 - Chiropraktiker bei MAN/Proxy/FX3_0297.mov,0.0,0.0,1080,1920,2
02_Projekt-Ad Dreh (2025 Retainer 1:3),02_Projekt-Ad Dreh (2025 Retainer 1:3)/03_Medien/01_Footage/Einzelne Videos/1.3 - Chiropraktiker bei MAN/Proxy/FX3_0298.mov,0.0,0.1,1080,1920,2
02_Projekt-Ad Dreh (2025 Retainer 1:3),02_Projekt-Ad Dreh (2025 Retainer 1:3)/03_Medien/01_Footage/Einzelne Videos/1.3 - Chiropraktiker bei MAN/Proxy/FX3_0301.mov,0.0,0.1,1080,1920,2
02_Projekt-Ad Dreh (2025 Retainer 1:3),02_Projekt-Ad Dreh (2025 Retainer 1:3)/03_Medien/01_Footage/Einzelne Videos/1.3 - Chiropraktiker bei MAN/Proxy/FX3_0305.mov,0.0,0.1,1080,1920,2
02_Projekt-Ad Dreh (2025 Retainer 1:3),02_Projekt-Ad Dreh (2025 Retainer 1:3)/03_Medien/01_Footage/Einzelne Videos/1.3 - Chiropraktiker bei MAN/Proxy/FX3_0307.mov,0.0,0.1,1080,1920,2
02_Projekt-Ad Dreh (2025 Retainer 1:3),02_Projekt-Ad Dreh (2025 Retainer 1:3)/03_Medien/01_Footage/Einzelne Videos/1.3 - Chiropraktiker bei MAN/Proxy/FX3_0309.mov,0.0,0.1,1080,1920,2
02_Projekt-Ad Dreh (2025 Retainer 1:3),02_Projekt-Ad Dreh (2025 Retainer 1:3)/03_Medien/01_Footage/Einzelne Videos/1.3 - Chiropraktiker bei MAN/Proxy/FX3_0308.mov,0.0,0.1,1080,1920,2
02_Projekt-Ad Dreh (2025 Retainer 1:3),02_Projekt-Ad Dreh (2025 Retainer 1:3)/03_Medien/01_Footage/Einzelne Videos/1.3 - Chiropraktiker bei MAN/Proxy/FX3_0311.mov,0.0,0.1,1080,1920,2
02_Projekt-Ad Dreh (2025 Retainer 1:3),02_Projekt-Ad Dreh (2025 Retainer 1:3)/03_Medien/01_Footage/Einzelne Videos/1.3 - Chiropraktiker bei MAN/Proxy/FX3_0312.mov,0.0,0.1,1080,1920,2
02_Projekt-Ad Dreh (2025 Retainer 1:3),"02_Projekt-Ad Dreh (2025 Retainer 1:3)/03_Medien/01_Footage/Einzelne Videos/1.2 - ""E-POWER"" Ein Tag als Azubi bei MAN/Proxy/C0117.mov",0.0,0.0,1080,1920,2
02_Projekt-Ad Dreh (2025 Retainer 1:3),"02_Projekt-Ad Dreh (2025 Retainer 1:3)/03_Medien/01_Footage/Einzelne Videos/1.2 - ""E-POWER"" Ein Tag als Azubi bei MAN/Proxy/C0119.mov",0.0,0.1,1080,1920,2
02_Projekt-Ad Dreh (2025 Retainer 1:3),"02_Projekt-Ad Dreh (2025 Retainer 1:3)/03_Medien/01_Footage/Einzelne Videos/1.2 - ""E-POWER"" Ein Tag als Azubi bei MAN/Proxy/C0235.mov",0.0,0.1,1080,1920,2
02_Projekt-Ad Dreh (2025 Retainer 1:3),"02_Projekt-Ad Dreh (2025 Retainer 1:3)/03_Medien/01_Footage/Einzelne Videos/1.2 - ""E-POWER"" Ein Tag als Azubi bei MAN/Proxy/C0236.mov",0.0,0.1,1080,1920,2
02_Projekt-Ad Dreh (2025 Retainer 1:3),"02_Projekt-Ad Dreh (2025 Retainer 1:3)/03_Medien/01_Footage/Einzelne Videos/1.2 - ""E-POWER"" Ein Tag als Azubi bei MAN/Proxy/C0238.mov",0.0,0.1,1080,1920,2
02_Projekt-Ad Dreh (2025 Retainer 1:3),"02_Projekt-Ad Dreh (2025 Retainer 1:3)/03_Medien/01_Footage/Einzelne Videos/1.2 - ""E-POWER"" Ein Tag als Azubi bei MAN/Proxy/C0242.mov",0.0,0.1,1080,1920,2
02_Projekt-Ad Dreh (2025 Retainer 1:3),"02_Projekt-Ad Dreh (2025 Retainer 1:3)/03_Medien/01_Footage/Einzelne Videos/1.2 - ""E-POWER"" Ein Tag als Azubi bei MAN/Proxy/C0246.mov",0.0,0.0,1080,1920,2
02_Projekt-Ad Dreh (2025 Retainer 1:3),"02_Projekt-Ad Dreh (2025 Retainer 1:3)/03_Medien/01_Footage/Einzelne Videos/1.2 - ""E-POWER"" Ein Tag als Azubi bei MAN/Proxy/C0256.mov",0.0,0.1,1080,1920,2
02_Projekt-Ad Dreh (2025 Retainer 1:3),"02_Projekt-Ad Dreh (2025 Retainer 1:3)/03_Medien/01_Footage/Einzelne Videos/1.2 - ""E-POWER"" Ein Tag als Azubi bei MAN/Proxy/FX3_0329.mov",0.0,0.0,1080,1920,2
02_Projekt-Ad Dreh (2025 Retainer 1:3),"02_Projekt-Ad Dreh (2025 Retainer 1:3)/03_Medien/01_Footage/Einzelne Videos/1.2 - ""E-POWER"" Ein Tag als Azubi bei MAN/Proxy/FX3_0336.mov",0.0,0.1,1080,1920,2
02_Projekt-Ad Dreh (2025 Retainer 1:3),"02_Projekt-Ad Dreh (2025 Retainer 1:3)/03_Medien/01_Footage/Einzelne Videos/1.2 - ""E-POWER"" Ein Tag als Azubi bei MAN/Proxy/FX3_0337.mov",0.0,0.1,1080,1920,2
02_Projekt-Ad Dreh (2025 Retainer 1:3),"02_Projekt-Ad Dreh (2025 Retainer 1:3)/03_Medien/01_Footage/Einzelne Videos/1.2 - ""E-POWER"" Ein Tag als Azubi bei MAN/Proxy/FX3_0340.mov",0.0,0.1,1080,1920,2
02_Projekt-Ad Dreh (2025 Retainer 1:3),"02_Projekt-Ad Dreh (2025 Retainer 1:3)/03_Medien/01_Footage/Einzelne Videos/1.1 - ""HEAVY LIFTING"" Ein Tag als Azubi bei MAN/Proxy/C0150.mov",0.0,0.1,1080,1920,2
02_Projekt-Ad Dreh (2025 Retainer 1:3),"02_Projekt-Ad Dreh (2025 Retainer 1:3)/03_Medien/01_Footage/Einzelne Videos/1.1 - ""HEAVY LIFTING"" Ein Tag als Azubi bei MAN/Proxy/FX3_0246.mov",0.0,0.0,1080,1920,2
02_Projekt-Ad Dreh (2025 Retainer 1:3),"02_Projekt-Ad Dreh (2025 Retainer 1:3)/03_Medien/01_Footage/Einzelne Videos/1.1 - ""HEAVY LIFTING"" Ein Tag als Azubi bei MAN/Proxy/FX3_0256.mov",0.0,0.0,1080,1920,2
02_Projekt-Ad Dreh (2025 Retainer 1:3),"02_Projekt-Ad Dreh (2025 Retainer 1:3)/03_Medien/01_Footage/Einzelne Videos/1.1 - ""HEAVY LIFTING"" Ein Tag als Azubi bei MAN/Proxy/FX3_0259.mov",0.0,0.0,1080,1920,2
02_Projekt-Ad Dreh (2025 Retainer 1:3),"02_Projekt-Ad Dreh (2025 Retainer 1:3)/03_Medien/01_Footage/Einzelne Videos/1.1 - ""HEAVY LIFTING"" Ein Tag als Azubi bei MAN/Proxy/FX3_0263.mov",0.0,0.0,1080,1920,2
03_Projekt-MAN Frauen in der Werkstatt,03_Projekt-MAN Frauen in der Werkstatt/03_Medien/05_Footage sortiert/Drohnenfootage/DJI_0115.MOV,114.86,8.0,5120,2700,0
03_Projekt-MAN Frauen in der Werkstatt,03_Projekt-MAN Frauen in der Werkstatt/03_Medien/05_Footage sortiert/Drohnenfootage/DJI_0114.MOV,57.58,3.9,5120,2700,0
03_Projekt-MAN Frauen in der Werkstatt,03_Projekt-MAN Frauen in der Werkstatt/03_Medien/05_Footage sortiert/Drohnenfootage/DJI_0112.MOV,29.94,1.7,5120,2700,0
03_Projekt-MAN Frauen in der Werkstatt,03_Projekt-MAN Frauen in der Werkstatt/03_Medien/05_Footage sortiert/Drohnenfootage/DJI_20251211160941_0002_D_stabilized.mov,17.65,3.8,3840,2880,0
03_Projekt-MAN Frauen in der Werkstatt,03_Projekt-MAN Frauen in der Werkstatt/03_Medien/05_Footage sortiert/01_Interviews/01_Interview Julia NFZ/01_Perspektive A/FX3_0489.MP4,17.52,16.0,3840,2160,2
03_Projekt-MAN Frauen in der Werkstatt,03_Projekt-MAN Frauen in der Werkstatt/03_Medien/05_Footage sortiert/01_Interviews/01_Interview Julia NFZ/02_Perspektive B/C9294.MP4,17.38,15.9,3840,2160,2
03_Projekt-MAN Frauen in der Werkstatt,03_Projekt-MAN Frauen in der Werkstatt/03_Medien/05_Footage sortiert/Actioncam/DJI_20251211110505_0141_D.MP4,17.21,19.3,3840,2880,2
03_Projekt-MAN Frauen in der Werkstatt,03_Projekt-MAN Frauen in der Werkstatt/03_Medien/05_Footage sortiert/01_Interviews/03_Interview Lara NFZ/01_Perspektive A/FX3_0491.MP4,14.43,13.2,3840,2160,2
03_Projekt-MAN Frauen in der Werkstatt,03_Projekt-MAN Frauen in der Werkstatt/03_Medien/05_Footage sortiert/01_Interviews/03_Interview Lara NFZ/02_Perspektive B/C9296.MP4,14.16,13.0,3840,2160,2
03_Projekt-MAN Frauen in der Werkstatt,03_Projekt-MAN Frauen in der Werkstatt/03_Medien/05_Footage sortiert/Actioncam/DJI_20251211155419_0151_D.MP4,13.19,14.6,3840,2880,2
03_Projekt-MAN Frauen in der Werkstatt,03_Projekt-MAN Frauen in der Werkstatt/03_Medien/05_Footage sortiert/Drohnenfootage/DJI_20251211161349_0003_D_stabilized.mov,13.01,2.4,3840,2880,0
03_Projekt-MAN Frauen in der Werkstatt,03_Projekt-MAN Frauen in der Werkstatt/03_Medien/05_Footage sortiert/Drohnenfootage/DJI_0106.MOV,12.43,0.7,5120,2700,0
03_Projekt-MAN Frauen in der Werkstatt,03_Projekt-MAN Frauen in der Werkstatt/03_Medien/05_Footage sortiert/Drohnenfootage/DJI_20251211162114_0005_D_stabilized.mov,11.78,2.0,3840,2880,0
03_Projekt-MAN Frauen in der Werkstatt,03_Projekt-MAN Frauen in der Werkstatt/03_Medien/05_Footage sortiert/Actioncam/DJI_20251211105045_0140_D.MP4,10.83,12.0,3840,2880,2
03_Projekt-MAN Frauen in der Werkstatt,03_Projekt-MAN Frauen in der Werkstatt/03_Medien/05_Footage sortiert/Actioncam/DJI_20251211162629_0152_D.MP4,10.25,11.4,3840,2880,2
03_Projekt-MAN Frauen in der Werkstatt,03_Projekt-MAN Frauen in der Werkstatt/03_Medien/05_Footage sortiert/Drohnenfootage/DJI_0109.MOV,9.48,0.6,5120,2700,0
03_Projekt-MAN Frauen in der Werkstatt,03_Projekt-MAN Frauen in der Werkstatt/03_Medien/05_Footage sortiert/Actioncam/DJI_20251211153235_0146_D.MP4,9.23,10.3,3840,2880,2
03_Projekt-MAN Frauen in der Werkstatt,03_Projekt-MAN Frauen in der Werkstatt/03_Medien/05_Footage sortiert/Drohnenfootage/DJI_20251211161615_0004_D_stabilized.mov,8.71,1.6,3840,2880,0
03_Projekt-MAN Frauen in der Werkstatt,03_Projekt-MAN Frauen in der Werkstatt/03_Medien/05_Footage sortiert/Actioncam/DJI_20251211150830_0143_D.MP4,6.29,7.0,3840,2880,2
03_Projekt-MAN Frauen in der Werkstatt,03_Projekt-MAN Frauen in der Werkstatt/03_Medien/05_Footage sortiert/02_B-Roll/Grüner LKW/FX3_0418.MP4,6.17,5.6,3840,2160,2
03_Projekt-MAN Frauen in der Werkstatt,03_Projekt-MAN Frauen in der Werkstatt/03_Medien/05_Footage sortiert/01_Interviews/04_Interview Markus Chef/01_Perspektive A/FX3_0504.MP4,5.91,5.4,3840,2160,2
03_Projekt-MAN Frauen in der Werkstatt,03_Projekt-MAN Frauen in der Werkstatt/03_Medien/05_Footage sortiert/01_Interviews/04_Interview Markus Chef/02_Perspektive B/C9300.MP4,5.23,4.8,3840,2160,2
03_Projekt-MAN Frauen in der Werkstatt,03_Projekt-MAN Frauen in der Werkstatt/03_Medien/05_Footage sortiert/Actioncam/DJI_20251211104131_0139_D.MP4,4.78,5.3,3840,2880,2
03_Projekt-MAN Frauen in der Werkstatt,03_Projekt-MAN Frauen in der Werkstatt/03_Medien/05_Footage sortiert/Drohnenfootage/DJI_0108.MOV,4.64,0.3,5120,2700,0
03_Projekt-MAN Frauen in der Werkstatt,03_Projekt-MAN Frauen in der Werkstatt/03_Medien/05_Footage sortiert/01_Interviews/02_Interview Tobi NFZ/01_Perspektive A/FX3_0490.MP4,4.36,4.0,3840,2160,2
03_Projekt-MAN Frauen in der Werkstatt,03_Projekt-MAN Frauen in der Werkstatt/03_Medien/05_Footage sortiert/01_Interviews/02_Interview Tobi NFZ/02_Perspektive B/C9295.MP4,4.16,3.8,3840,2160,2
03_Projekt-MAN Frauen in der Werkstatt,03_Projekt-MAN Frauen in der Werkstatt/03_Medien/05_Footage sortiert/02_B-Roll/Grüner LKW/FX3_0431.MP4,4.03,2.5,3840,2160,2
03_Projekt-MAN Frauen in der Werkstatt,03_Projekt-MAN Frauen in der Werkstatt/03_Medien/05_Footage sortiert/Drohnenfootage/DJI_0111.MOV,3.55,0.2,5120,2700,0
03_Projekt-MAN Frauen in der Werkstatt,03_Projekt-MAN Frauen in der Werkstatt/03_Medien/05_Footage sortiert/Drohnenfootage/DJI_20251211160941_0002_D.MP4,3.53,3.8,3840,2880,0
03_Projekt-MAN Frauen in der Werkstatt,03_Projekt-MAN Frauen in der Werkstatt/03_Medien/05_Footage sortiert/02_B-Roll/Fahrzeuge auf dem Hof/FX3_4024_3stabilized.mov,3.52,0.3,2160,3840,0
03_Projekt-MAN Frauen in der Werkstatt,03_Projekt-MAN Frauen in der Werkstatt/03_Medien/05_Footage sortiert/Drohnenfootage/DJI_0107.MOV,3.5,0.2,5120,2700,0
03_Projekt-MAN Frauen in der Werkstatt,03_Projekt-MAN Frauen in der Werkstatt/03_Medien/05_Footage sortiert/Drohnenfootage/DJI_0110.MOV,3.43,0.2,5120,2700,0
03_Projekt-MAN Frauen in der Werkstatt,03_Projekt-MAN Frauen in der Werkstatt/03_Medien/05_Footage sortiert/02_B-Roll/Fahrzeuge auf dem Hof/FX3_0556_stabilized.mov,3.0,0.3,2160,3840,0
03_Projekt-MAN Frauen in der Werkstatt,03_Projekt-MAN Frauen in der Werkstatt/03_Medien/05_Footage sortiert/Actioncam/DJI_20251211152554_0145_D.MP4,2.98,3.3,3840,2880,2
03_Projekt-MAN Frauen in der Werkstatt,03_Projekt-MAN Frauen in der Werkstatt/03_Medien/05_Footage sortiert/Actioncam/DJI_20251211112423_0142_D.MP4,2.83,3.2,3840,2880,2
03_Projekt-MAN Frauen in der Werkstatt,03_Projekt-MAN Frauen in der Werkstatt/03_Medien/05_Footage sortiert/02_B-Roll/Fahrzeuge auf dem Hof/FX3_4032_stabilized.mov,2.77,0.3,2160,3840,0
03_Projekt-MAN Frauen in der Werkstatt,03_Projekt-MAN Frauen in der Werkstatt/03_Medien/05_Footage sortiert/Drohnenfootage/DJI_20251211161349_0003_D.MP4,2.24,2.4,3840,2880,0
03_Projekt-MAN Frauen in der Werkstatt,03_Projekt-MAN Frauen in der Werkstatt/03_Medien/05_Footage sortiert/Actioncam/DJI_20251211154557_0147_D.MP4,2.22,2.5,3840,2880,2
03_Projekt-MAN Frauen in der Werkstatt,03_Projekt-MAN Frauen in der Werkstatt/03_Medien/05_Footage sortiert/02_B-Roll/Grüner LKW/C9016.MP4,2.08,1.3,3840,2160,2
03_Projekt-MAN Frauen in der Werkstatt,03_Projekt-MAN Frauen in der Werkstatt/03_Medien/05_Footage sortiert/02_B-Roll/Fahrzeuge auf dem Hof/FX3_4030_stabilized.mov,1.98,0.2,2160,3840,0
03_Projekt-MAN Frauen in der Werkstatt,03_Projekt-MAN Frauen in der Werkstatt/03_Medien/05_Footage sortiert/02_B-Roll/Fahrzeuge auf dem Hof/FX3_4024_1stabilized.mov,1.96,0.2,2160,3840,0
03_Projekt-MAN Frauen in der Werkstatt,03_Projekt-MAN Frauen in der Werkstatt/03_Medien/05_Footage sortiert/Drohnenfootage/DJI_20251211162114_0005_D.MP4,1.89,2.0,3840,2880,0
03_Projekt-MAN Frauen in der Werkstatt,03_Projekt-MAN Frauen in der Werkstatt/03_Medien/05_Footage sortiert/02_B-Roll/Grüner LKW/FX3_0461.MP4,1.75,1.1,3840,2160,2
03_Projekt-MAN Frauen in der Werkstatt,03_Projekt-MAN Frauen in der Werkstatt/03_Medien/05_Footage sortiert/02_B-Roll/Fahrzeuge auf dem Hof/FX3_4000.MP4,1.75,1.1,3840,2160,2
03_Projekt-MAN Frauen in der Werkstatt,03_Projekt-MAN Frauen in der Werkstatt/03_Medien/05_Footage sortiert/Drohnenfootage/DJI_0113.MOV,1.71,0.1,5120,2700,0
03_Projekt-MAN Frauen in der Werkstatt,03_Projekt-MAN Frauen in der Werkstatt/03_Medien/05_Footage sortiert/02_B-Roll/Allgemeine Tätigkeiten/FX3_0426.MP4,1.68,1.0,3840,2160,2
03_Projekt-MAN Frauen in der Werkstatt,03_Projekt-MAN Frauen in der Werkstatt/03_Medien/05_Footage sortiert/02_B-Roll/Fahrzeuge auf dem Hof/FX3_4028_stabilized.mov,1.67,0.2,2160,3840,0
03_Projekt-MAN Frauen in der Werkstatt,03_Projekt-MAN Frauen in der Werkstatt/03_Medien/05_Footage sortiert/02_B-Roll/Fahrzeuge auf dem Hof/FX3_4024.MP4,1.61,1.0,3840,2160,2
03_Projekt-MAN Frauen in der Werkstatt,03_Projekt-MAN Frauen in der Werkstatt/03_Medien/05_Footage sortiert/02_B-Roll/Fahrzeuge auf dem Hof/FX3_4017.MP4,1.54,1.0,3840,2160,2
03_Projekt-MAN Frauen in der Werkstatt,03_Projekt-MAN Frauen in der Werkstatt/03_Medien/05_Footage sortiert/02_B-Roll/Fahrzeuge auf dem Hof/FX3_4021.MP4,1.54,1.0,3840,2160,2
03_Projekt-MAN Frauen in der Werkstatt,03_Projekt-MAN Frauen in der Werkstatt/03_Medien/05_Footage sortiert/Drohnenfootage/DJI_20251211161615_0004_D.MP4,1.52,1.6,3840,2880,0
03_Projekt-MAN Frauen in der Werkstatt,03_Projekt-MAN Frauen in der Werkstatt/03_Medien/05_Footage sortiert/02_B-Roll/Roter LKW/FX3_0468.MP4,1.48,0.9,3840,2160,2
03_Projekt-MAN Frauen in der Werkstatt,03_Projekt-MAN Frauen in der Werkstatt/03_Medien/05_Footage sortiert/02_B-Roll/TGE/FX3_0520.MP4,1.48,0.9,3840,2160,2
03_Projekt-MAN Frauen in der Werkstatt,03_Projekt-MAN Frauen in der Werkstatt/03_Medien/05_Footage sortiert/02_B-Roll/Fahrzeuge auf dem Hof/FX3_4012.MP4,1.48,0.9,3840,2160,2
03_Projekt-MAN Frauen in der Werkstatt,03_Projekt-MAN Frauen in der Werkstatt/03_Medien/05_Footage sortiert/02_B-Roll/Fahrzeuge auf dem Hof/FX3_4031_stabilized.mov,1.44,0.1,2160,3840,0
03_Projekt-MAN Frauen in der Werkstatt,03_Projekt-MAN Frauen in der Werkstatt/03_Medien/05_Footage sortiert/02_B-Roll/Fahrzeuge auf dem Hof/FX3_4016.MP4,1.41,0.9,3840,2160,2
03_Projekt-MAN Frauen in der Werkstatt,03_Projekt-MAN Frauen in der Werkstatt/03_Medien/05_Footage sortiert/Actioncam/Proxy/DJI_20251211110505_0141_D.mov,1.35,19.3,540,960,2
03_Projekt-MAN Frauen in der Werkstatt,03_Projekt-MAN Frauen in der Werkstatt/03_Medien/05_Footage sortiert/02_B-Roll/Grüner LKW/FX3_0433.MP4,1.28,0.8,3840,2160,2
03_Projekt-MAN Frauen in der Werkstatt,03_Projekt-MAN Frauen in der Werkstatt/03_Medien/05_Footage sortiert/02_B-Roll/Grüner LKW/FX3_0463.MP4,1.28,0.8,3840,2160,2
03_Projekt-MAN Frauen in der Werkstatt,03_Projekt-MAN Frauen in der Werkstatt/03_Medien/05_Footage sortiert/02_B-Roll/Grüner LKW/C9015.MP4,1.28,0.8,3840,2160,2
03_Projekt-MAN Frauen in der Werkstatt,03_Projekt-MAN Frauen in der Werkstatt/03_Medien/05_Footage sortiert/02_B-Roll/Fahrzeuge auf dem Hof/FX3_4024_2stabilized.mov,1.24,0.1,2160,3840,0
03_Projekt-MAN Frauen in der Werkstatt,03_Projekt-MAN Frauen in der Werkstatt/03_Medien/05_Footage sortiert/02_B-Roll/Grüner LKW/FX3_0448.MP4,1.21,0.8,3840,2160,2
03_Projekt-MAN Frauen in der Werkstatt,03_Projekt-MAN Frauen in der Werkstatt/03_Medien/05_Footage sortiert/02_B-Roll/Grüner LKW/C9018.MP4,1.07,0.7,3840,2160,2
03_Projekt-MAN Frauen in der Werkstatt,03_Projekt-MAN Frauen in der Werkstatt/03_Medien/05_Footage sortiert/Actioncam/Proxy/DJI_20251211155419_0151_D.mov,1.02,14.6,540,960,2
03_Projekt-MAN Frauen in der Werkstatt,03_Projekt-MAN Frauen in der Werkstatt/03_Medien/05_Footage sortiert/02_B-Roll/TGE/FX3_0521.MP4,1.01,0.6,3840,2160,2
03_Projekt-MAN Frauen in der Werkstatt,03_Projekt-MAN Frauen in der Werkstatt/03_Medien/05_Footage sortiert/02_B-Roll/Fahrzeuge auf dem Hof/FX3_4011.MP4,1.01,0.6,3840,2160,2
03_Projekt-MAN Frauen in der Werkstatt,03_Projekt-MAN Frauen in der Werkstatt/03_Medien/05_Footage sortiert/02_B-Roll/Fahrzeuge auf dem Hof/FX3_4014.MP4,1.01,0.6,3840,2160,2
03_Projekt-MAN Frauen in der Werkstatt,03_Projekt-MAN Frauen in der Werkstatt/03_Medien/05_Footage sortiert/1.2 Kompetenz fährt vor/Hook-Szene/FX3_0481.MP4,1.01,0.9,3840,2160,2
03_Projekt-MAN Frauen in der Werkstatt,03_Projekt-MAN Frauen in der Werkstatt/03_Medien/05_Footage sortiert/02_B-Roll/Grüner LKW/FX3_0451.MP4,0.94,0.6,3840,2160,2
03_Projekt-MAN Frauen in der Werkstatt,03_Projekt-MAN Frauen in der Werkstatt/03_Medien/05_Footage sortiert/02_B-Roll/Grüner LKW/FX3_0432.MP4,0.87,0.6,3840,2160,2
03_Projekt-MAN Frauen in der Werkstatt,03_Projekt-MAN Frauen in der Werkstatt/03_Medien/05_Footage sortiert/02_B-Roll/Fahrzeuge auf dem Hof/FX3_4005.MP4,0.87,0.6,3840,2160,2
03_Projekt-MAN Frauen in der Werkstatt,03_Projekt-MAN Frauen in der Werkstatt/03_Medien/05_Footage sortiert/02_B-Roll/Fahrzeuge auf dem Hof/FX3_4010.MP4,0.87,0.6,3840,2160,2
03_Projekt-MAN Frauen in der Werkstatt,03_Projekt-MAN Frauen in der Werkstatt/03_Medien/05_Footage sortiert/1.2 Kompetenz fährt vor/Hook-Szene/FX3_0486.MP4,0.87,0.6,3840,2160,2
03_Projekt-MAN Frauen in der Werkstatt,03_Projekt-MAN Frauen in der Werkstatt/03_Medien/05_Footage sortiert/1.2 Kompetenz fährt vor/Hook-Szene/C9254.MP4,0.87,0.5,3840,2160,2
03_Projekt-MAN Frauen in der Werkstatt,03_Projekt-MAN Frauen in der Werkstatt/03_Medien/01_Footage/Kamera-C Fuji DN/DSCF8127.MOV,0.87,1.2,3840,2160,2
03_Projekt-MAN Frauen in der Werkstatt,03_Projekt-MAN Frauen in der Werkstatt/03_Medien/05_Footage sortiert/Actioncam/Proxy/DJI_20251211105045_0140_D.mov,0.84,12.0,540,960,2
03_Projekt-MAN Frauen in der Werkstatt,03_Projekt-MAN Frauen in der Werkstatt/03_Medien/02_Assets/05_Sonstiges/MAN at Busworld 2025_Intro Clip.mov,0.84,1.0,1920,1080,2
03_Projekt-MAN Frauen in der Werkstatt,03_Projekt-MAN Frauen in der Werkstatt/03_Medien/05_Footage sortiert/02_B-Roll/Grüner LKW/FX3_0445.MP4,0.81,0.5,3840,2160,2
03_Projekt-MAN Frauen in der Werkstatt,03_Projekt-MAN Frauen in der Werkstatt/03_Medien/05_Footage sortiert/02_B-Roll/Grüner LKW/C9017.MP4,0.81,0.5,3840,2160,2
03_Projekt-MAN Frauen in der Werkstatt,03_Projekt-MAN Frauen in der Werkstatt/03_Medien/05_Footage sortiert/02_B-Roll/Reisebus/FX3_0527.MP4,0.81,0.5,3840,2160,2
03_Projekt-MAN Frauen in der Werkstatt,03_Projekt-MAN Frauen in der Werkstatt/03_Medien/05_Footage sortiert/02_B-Roll/Reisebus/FX3_0549.MP4,0.81,0.5,3840,2160,2
03_Projekt-MAN Frauen in der Werkstatt,03_Projekt-MAN Frauen in der Werkstatt/03_Medien/05_Footage sortiert/02_B-Roll/Fahrzeuge auf dem Hof/FX3_4027.MP4,0.81,0.5,3840,2160,2
03_Projekt-MAN Frauen in der Werkstatt,03_Projekt-MAN Frauen in der Werkstatt/03_Medien/05_Footage sortiert/Actioncam/Proxy/DJI_20251211162629_0152_D.mov,0.8,11.4,540,960,2
03_Projekt-MAN Frauen in der Werkstatt,03_Projekt-MAN Frauen in der Werkstatt/03_Medien/05_Footage sortiert/01_Interviews/01_Interview Julia NFZ/01_Perspektive A/Proxy/FX3_0489.mov,0.76,16.0,540,960,2
03_Projekt-MAN Frauen in der Werkstatt,03_Projekt-MAN Frauen in der Werkstatt/03_Medien/05_Footage sortiert/01_Interviews/01_Interview Julia NFZ/02_Perspektive B/Proxy/C9294.mov,0.75,15.9,540,960,2
03_Projekt-MAN Frauen in der Werkstatt,03_Projekt-MAN Frauen in der Werkstatt/03_Medien/05_Footage sortiert/02_B-Roll/Grüner LKW/FX3_0434.MP4,0.74,0.5,3840,2160,2
03_Projekt-MAN Frauen in der Werkstatt,03_Projekt-MAN Frauen in der Werkstatt/03_Medien/05_Footage sortiert/02_B-Roll/Teamfoto/C9297.MP4,0.74,0.7,3840,2160,2
03_Projekt-MAN Frauen in der Werkstatt,03_Projekt-MAN Frauen in der Werkstatt/03_Medien/05_Footage sortiert/02_B-Roll/TGE/FX3_0514.MP4,0.74,0.4,3840,2160,2
03_Projekt-MAN Frauen in der Werkstatt,03_Projekt-MAN Frauen in der Werkstatt/03_Medien/05_Footage sortiert/02_B-Roll/Reisebus/FX3_0555.MP4,0.74,0.4,3840,2160,2
03_Projekt-MAN Frauen in der Werkstatt,03_Projekt-MAN Frauen in der Werkstatt/03_Medien/05_Footage sortiert/02_B-Roll/Fahrzeuge auf dem Hof/FX3_4008.MP4,0.74,0.5,3840,2160,2
03_Projekt-MAN Frauen in der Werkstatt,03_Projekt-MAN Frauen in der Werkstatt/03_Medien/05_Footage sortiert/1.2 Kompetenz fährt vor/Hook-Szene/FX3_0471.MP4,0.74,0.6,3840,2160,2
03_Projekt-MAN Frauen in der Werkstatt,03_Projekt-MAN Frauen in der Werkstatt/03_Medien/05_Footage sortiert/1.2 Kompetenz fährt vor/Hook-Szene/C9256.MP4,0.74,0.5,3840,2160,2
03_Projekt-MAN Frauen in der Werkstatt,03_Projekt-MAN Frauen in der Werkstatt/03_Medien/05_Footage sortiert/Actioncam/Proxy/DJI_20251211153235_0146_D.mov,0.72,10.3,540,960,2
03_Projekt-MAN Frauen in der Werkstatt,03_Projekt-MAN Frauen in der Werkstatt/03_Medien/05_Footage sortiert/Lagerfootage/FX3_0530.MP4,0.67,0.4,3840,2160,2
03_Projekt-MAN Frauen in der Werkstatt,03_Projekt-MAN Frauen in der Werkstatt/03_Medien/05_Footage sortiert/02_B-Roll/Grüner LKW/FX3_0399.MP4,0.67,0.4,3840,2160,2
03_Projekt-MAN Frauen in der Werkstatt,03_Projekt-MAN Frauen in der Werkstatt/03_Medien/05_Footage sortiert/02_B-Roll/Grüner LKW/FX3_0467.MP4,0.67,0.4,3840,2160,2
03_Projekt-MAN Frauen in der Werkstatt,03_Projekt-MAN Frauen in der Werkstatt/03_Medien/05_Footage sortiert/02_B-Roll/Grüner LKW/C9187.MP4,0.67,0.4,3840,2160,2
03_Projekt-MAN Frauen in der Werkstatt,03_Projekt-MAN Frauen in der Werkstatt/03_Medien/05_Footage sortiert/02_B-Roll/Reisebus/FX3_0542.MP4,0.67,0.4,3840,2160,2
03_Projekt-MAN Frauen in der Werkstatt,03_Projekt-MAN Frauen in der Werkstatt/03_Medien/05_Footage sortiert/02_B-Roll/Fahrzeuge auf dem Hof/FX3_4001.MP4,0.67,0.4,3840,2160,2
03_Projekt-MAN Frauen in der Werkstatt,03_Projekt-MAN Frauen in der Werkstatt/03_Medien/05_Footage sortiert/02_B-Roll/Fahrzeuge auf dem Hof/FX3_4002.MP4,0.67,0.4,3840,2160,2
03_Projekt-MAN Frauen in der Werkstatt,03_Projekt-MAN Frauen in der Werkstatt/03_Medien/05_Footage sortiert/01_Interviews/03_Interview Lara NFZ/01_Perspektive A/Proxy/FX3_0491.mov,0.63,13.2,540,960,2
03_Projekt-MAN Frauen in der Werkstatt,03_Projekt-MAN Frauen in der Werkstatt/03_Medien/05_Footage sortiert/01_Interviews/03_Interview Lara NFZ/02_Perspektive B/Proxy/C9296.mov,0.61,13.0,540,960,2
03_Projekt-MAN Frauen in der Werkstatt,03_Projekt-MAN Frauen in der Werkstatt/03_Medien/01_Footage/Kamera-C Fuji DN/DSCF7888.MOV,0.61,0.8,3840,2160,2
03_Projekt-MAN Frauen in der Werkstatt,03_Projekt-MAN Frauen in der Werkstatt/03_Medien/05_Footage sortiert/02_B-Roll/Grüner LKW/FX3_0441.MP4,0.6,0.4,3840,2160,2
03_Projekt-MAN Frauen in der Werkstatt,03_Projekt-MAN Frauen in der Werkstatt/03_Medien/05_Footage sortiert/02_B-Roll/Grüner LKW/FX3_0465.MP4,0.6,0.4,3840,2160,2
03_Projekt-MAN Frauen in der Werkstatt,03_Projekt-MAN Frauen in der Werkstatt/03_Medien/05_Footage sortiert/02_B-Roll/Grüner LKW/C9021.MP4,0.6,0.4,3840,2160,2
03_Projekt-MAN Frauen in der Werkstatt,03_Projekt-MAN Frauen in der Werkstatt/03_Medien/05_Footage sortiert/02_B-Roll/Allgemeine Tätigkeiten/FX3_0425.MP4,0.6,0.4,3840,2160,2
03_Projekt-MAN Frauen in der Werkstatt,03_Projekt-MAN Frauen in der Werkstatt/03_Medien/05_Footage sortiert/02_B-Roll/Allgemeine Tätigkeiten/C0740.MP4,0.6,0.4,3840,2160,2
03_Projekt-MAN Frauen in der Werkstatt,03_Projekt-MAN Frauen in der Werkstatt/03_Medien/05_Footage sortiert/02_B-Roll/Roter LKW/FX3_0469.MP4,0.6,0.4,3840,2160,2
03_Projekt-MAN Frauen in der Werkstatt,03_Projekt-MAN Frauen in der Werkstatt/03_Medien/05_Footage sortiert/02_B-Roll/TGE/FX3_0513.MP4,0.6,0.3,3840,2160,2
03_Projekt-MAN Frauen in der Werkstatt,03_Projekt-MAN Frauen in der Werkstatt/03_Medien/05_Footage sortiert/02_B-Roll/Reisebus/FX3_0529.MP4,0.6,0.4,3840,2160,2
03_Projekt-MAN Frauen in der Werkstatt,03_Projekt-MAN Frauen in der Werkstatt/03_Medien/05_Footage sortiert/02_B-Roll/Fahrzeuge auf dem Hof/FX3_4007.MP4,0.6,0.4,3840,2160,2
03_Projekt-MAN Frauen in der Werkstatt,03_Projekt-MAN Frauen in der Werkstatt/03_Medien/05_Footage sortiert/02_B-Roll/Fahrzeuge auf dem Hof/FX3_4032.MP4,0.6,0.3,3840,2160,2
03_Projekt-MAN Frauen in der Werkstatt,03_Projekt-MAN Frauen in der Werkstatt/03_Medien/05_Footage sortiert/1.2 Kompetenz fährt vor/Hook-Szene/FX3_0480.MP4,0.6,0.5,3840,2160,2
03_Projekt-MAN Frauen in der Werkstatt,03_Projekt-MAN Frauen in der Werkstatt/03_Medien/05_Footage sortiert/Drohnenfootage/Proxy/DJI_0115.mov,0.54,8.0,960,540,0
03_Projekt-MAN Frauen in der Werkstatt,03_Projekt-MAN Frauen in der Werkstatt/03_Medien/05_Footage sortiert/02_B-Roll/Grüner LKW/FX3_0403.MP4,0.54,0.3,3840,2160,2
03_Projekt-MAN Frauen in der Werkstatt,03_Projekt-MAN Frauen in der Werkstatt/03_Medien/05_Footage sortiert/02_B-Roll/Grüner LKW/FX3_0410.MP4,0.54,0.3,3840,2160,2
03_Projekt-MAN Frauen in der Werkstatt,03_Projekt-MAN Frauen in der Werkstatt/03_Medien/05_Footage sortiert/02_B-Roll/Grüner LKW/FX3_0412.MP4,0.54,0.3,3840,2160,2
03_Projekt-MAN Frauen in der Werkstatt,03_Projekt-MAN Frauen in der Werkstatt/03_Medien/05_Footage sortiert/02_B-Roll/Grüner LKW/FX3_0430.MP4,0.54,0.3,3840,2160,2
03_Projekt-MAN Frauen in der Werkstatt,03_Projekt-MAN Frauen in der Werkstatt/03_Medien/05_Footage sortiert/02_B-Roll/Grüner LKW/FX3_0438.MP4,0.54,0.3,3840,2160,2
03_Projekt-MAN Frauen in der Werkstatt,03_Projekt-MAN Frauen in der Werkstatt/03_Medien/05_Footage sortiert/02_B-Roll/Grüner LKW/FX3_0443.MP4,0.54,0.3,3840,2160,2
03_Projekt-MAN Frauen in der Werkstatt,03_Projekt-MAN Frauen in der Werkstatt/03_Medien/05_Footage sortiert/02_B-Roll/Grüner LKW/C9022.MP4,0.54,0.3,3840,2160,2
03_Projekt-MAN Frauen in der Werkstatt,03_Projekt-MAN Frauen in der Werkstatt/03_Medien/05_Footage sortiert/02_B-Roll/Allgemeine Tätigkeiten/FX3_0427.MP4,0.54,0.3,3840,2160,2
03_Projekt-MAN Frauen in der Werkstatt,03_Projekt-MAN Frauen in der Werkstatt/03_Medien/05_Footage sortiert/02_B-Roll/TGE/FX3_0505.MP4,0.54,0.3,3840,2160,2
03_Projekt-MAN Frauen in der Werkstatt,03_Projekt-MAN Frauen in der Werkstatt/03_Medien/05_Footage sortiert/02_B-Roll/Reisebus/FX3_0525.MP4,0.54,0.3,3840,2160,2
03_Projekt-MAN Frauen in der Werkstatt,03_Projekt-MAN Frauen in der Werkstatt/03_Medien/05_Footage sortiert/02_B-Roll/Fahrzeuge auf dem Hof/FX3_0556.MP4,0.54,0.3,3840,2160,2
03_Projekt-MAN Frauen in der Werkstatt,03_Projekt-MAN Frauen in der Werkstatt/03_Medien/05_Footage sortiert/01_Interviews/04_Interview Markus Chef/02_Perspektive B/C9299.MP4,0.54,0.4,3840,2160,2
03_Projekt-MAN Frauen in der Werkstatt,03_Projekt-MAN Frauen in der Werkstatt/03_Medien/05_Footage sortiert/Actioncam/Proxy/DJI_20251211150830_0143_D.mov,0.49,7.0,540,960,2
03_Projekt-MAN Frauen in der Werkstatt,03_Projekt-MAN Frauen in der Werkstatt/03_Medien/05_Footage sortiert/Lagerfootage/FX3_0535.MP4,0.47,0.4,3840,2160,2
03_Projekt-MAN Frauen in der Werkstatt,03_Projekt-MAN Frauen in der Werkstatt/03_Medien/05_Footage sortiert/Lagerfootage/FX3_0540.MP4,0.47,0.3,3840,2160,2
03_Projekt-MAN Frauen in der Werkstatt,03_Projekt-MAN Frauen in der Werkstatt/03_Medien/05_Footage sortiert/02_B-Roll/Grüner LKW/FX3_0398.MP4,0.47,0.3,3840,2160,2
03_Projekt-MAN Frauen in der Werkstatt,03_Projekt-MAN Frauen in der Werkstatt/03_Medien/05_Footage sortiert/02_B-Roll/Grüner LKW/FX3_0402.MP4,0.47,0.3,3840,2160,2
03_Projekt-MAN Frauen in der Werkstatt,03_Projekt-MAN Frauen in der Werkstatt/03_Medien/05_Footage sortiert/02_B-Roll/Grüner LKW/FX3_0423.MP4,0.47,0.4,3840,2160,2
03_Projekt-MAN Frauen in der Werkstatt,03_Projekt-MAN Frauen in der Werkstatt/03_Medien/05_Footage sortiert/02_B-Roll/Grüner LKW/FX3_0450.MP4,0.47,0.3,3840,2160,2
03_Projekt-MAN Frauen in der Werkstatt,03_Projekt-MAN Frauen in der Werkstatt/03_Medien/05_Footage sortiert/02_B-Roll/Grüner LKW/FX3_0466.MP4,0.47,0.3,3840,2160,2
03_Projekt-MAN Frauen in der Werkstatt,03_Projekt-MAN Frauen in der Werkstatt/03_Medien/05_Footage sortiert/02_B-Roll/Grüner LKW/C9019.MP4,0.47,0.3,3840,2160,2
03_Projekt-MAN Frauen in der Werkstatt,03_Projekt-MAN Frauen in der Werkstatt/03_Medien/05_Footage sortiert/02_B-Roll/Grüner LKW/C9026.MP4,0.47,0.3,3840,2160,2
03_Projekt-MAN Frauen in der Werkstatt,03_Projekt-MAN Frauen in der Werkstatt/03_Medien/05_Footage sortiert/02_B-Roll/Allgemeine Tätigkeiten/C9378.MP4,0.47,0.3,3840,2160,2
03_Projekt-MAN Frauen in der Werkstatt,03_Projekt-MAN Frauen in der Werkstatt/03_Medien/05_Footage sortiert/02_B-Roll/TGE/FX3_0508.MP4,0.47,0.3,3840,2160,2
03_Projekt-MAN Frauen in der Werkstatt,03_Projekt-MAN Frauen in der Werkstatt/03_Medien/05_Footage sortiert/02_B-Roll/TGE/FX3_0515.MP4,0.47,0.3,3840,2160,2
03_Projekt-MAN Frauen in der Werkstatt,03_Projekt-MAN Frauen in der Werkstatt/03_Medien/05_Footage sortiert/02_B-Roll/TGE/FX3_0518.MP4,0.47,0.3,3840,2160,2
03_Projekt-MAN Frauen in der Werkstatt,03_Projekt-MAN Frauen in der Werkstatt/03_Medien/05_Footage sortiert/02_B-Roll/Fahrzeuge auf dem Hof/FX3_4022.MP4,0.47,0.3,3840,2160,2
03_Projekt-MAN Frauen in der Werkstatt,03_Projekt-MAN Frauen in der Werkstatt/03_Medien/05_Footage sortiert/02_B-Roll/Fahrzeuge auf dem Hof/FX3_4031.MP4,0.47,0.3,3840,2160,2
03_Projekt-MAN Frauen in der Werkstatt,03_Projekt-MAN Frauen in der Werkstatt/03_Medien/05_Footage sortiert/1.2 Kompetenz fährt vor/Hook-Szene/FX3_0476.MP4,0.47,0.4,3840,2160,2
03_Projekt-MAN Frauen in der Werkstatt,03_Projekt-MAN Frauen in der Werkstatt/03_Medien/05_Footage sortiert/1.2 Kompetenz fährt vor/Hook-Szene/FX3_0488.MP4,0.47,0.3,3840,2160,2
03_Projekt-MAN Frauen in der Werkstatt,03_Projekt-MAN Frauen in der Werkstatt/03_Medien/05_Footage sortiert/1.2 Kompetenz fährt vor/Hook-Szene/C9260.MP4,0.47,0.3,3840,2160,2
03_Projekt-MAN Frauen in der Werkstatt,03_Projekt-MAN Frauen in der Werkstatt/03_Medien/05_Footage sortiert/Lagerfootage/FX3_0534.MP4,0.4,0.3,3840,2160,2
03_Projekt-MAN Frauen in der Werkstatt,03_Projekt-MAN Frauen in der Werkstatt/03_Medien/05_Footage sortiert/Lagerfootage/FX3_0539.MP4,0.4,0.3,3840,2160,2
03_Projekt-MAN Frauen in der Werkstatt,03_Projekt-MAN Frauen in der Werkstatt/03_Medien/05_Footage sortiert/02_B-Roll/Grüner LKW/FX3_0424.MP4,0.4,0.2,3840,2160,2
03_Projekt-MAN Frauen in der Werkstatt,03_Projekt-MAN Frauen in der Werkstatt/03_Medien/05_Footage sortiert/02_B-Roll/Grüner LKW/FX3_0437.MP4,0.4,0.2,3840,2160,2
03_Projekt-MAN Frauen in der Werkstatt,03_Projekt-MAN Frauen in der Werkstatt/03_Medien/05_Footage sortiert/02_B-Roll/Grüner LKW/FX3_0446.MP4,0.4,0.2,3840,2160,2
03_Projekt-MAN Frauen in der Werkstatt,03_Projekt-MAN Frauen in der Werkstatt/03_Medien/05_Footage sortiert/02_B-Roll/Grüner LKW/FX3_0452.MP4,0.4,0.2,3840,2160,2
03_Projekt-MAN Frauen in der Werkstatt,03_Projekt-MAN Frauen in der Werkstatt/03_Medien/05_Footage sortiert/02_B-Roll/Grüner LKW/FX3_0457.MP4,0.4,0.2,3840,2160,2
03_Projekt-MAN Frauen in der Werkstatt,03_Projekt-MAN Frauen in der Werkstatt/03_Medien/05_Footage sortiert/02_B-Roll/Grüner LKW/C8960.MP4,0.4,0.2,3840,2160,2
03_Projekt-MAN Frauen in der Werkstatt,03_Projekt-MAN Frauen in der Werkstatt/03_Medien/05_Footage sortiert/02_B-Roll/Grüner LKW/C9152.MP4,0.4,0.2,3840,2160,2
03_Projekt-MAN Frauen in der Werkstatt,03_Projekt-MAN Frauen in der Werkstatt/03_Medien/05_Footage sortiert/02_B-Roll/Grüner LKW/C9188.MP4,0.4,0.2,3840,2160,2
03_Projekt-MAN Frauen in der Werkstatt,03_Projekt-MAN Frauen in der Werkstatt/03_Medien/05_Footage sortiert/02_B-Roll/Allgemeine Tätigkeiten/FX3_0429.MP4,0.4,0.2,3840,2160,2
03_Projekt-MAN Frauen in der Werkstatt,03_Projekt-MAN Frauen in der Werkstatt/03_Medien/05_Footage sortiert/02_B-Roll/Allgemeine Tätigkeiten/C9375.MP4,0.4,0.2,3840,2160,2
03_Projekt-MAN Frauen in der Werkstatt,03_Projekt-MAN Frauen in der Werkstatt/03_Medien/05_Footage sortiert/02_B-Roll/Roter LKW/C9248.MP4,0.4,0.2,3840,2160,2
03_Projekt-MAN Frauen in der Werkstatt,03_Projekt-MAN Frauen in der Werkstatt/03_Medien/05_Footage sortiert/02_B-Roll/Roter LKW/C9311.MP4,0.4,0.2,3840,2160,2
03_Projekt-MAN Frauen in der Werkstatt,03_Projekt-MAN Frauen in der Werkstatt/03_Medien/05_Footage sortiert/02_B-Roll/Teamfoto/FX3_0499.MP4,0.4,0.2,3840,2160,2
03_Projekt-MAN Frauen in der Werkstatt,03_Projekt-MAN Frauen in der Werkstatt/03_Medien/05_Footage sortiert/02_B-Roll/TGE/FX3_0511.MP4,0.4,0.2,3840,2160,2
03_Projekt-MAN Frauen in der Werkstatt,03_Projekt-MAN Frauen in der Werkstatt/03_Medien/05_Footage sortiert/02_B-Roll/Reisebus/FX3_0551.MP4,0.4,0.2,3840,2160,2
03_Projekt-MAN Frauen in der Werkstatt,03_Projekt-MAN Frauen in der Werkstatt/03_Medien/05_Footage sortiert/02_B-Roll/Fahrzeuge auf dem Hof/FX3_4028.MP4,0.4,0.2,3840,2160,2
03_Projekt-MAN Frauen in der Werkstatt,03_Projekt-MAN Frauen in der Werkstatt/03_Medien/05_Footage sortiert/02_B-Roll/Fahrzeuge auf dem Hof/FX3_4030.MP4,0.4,0.2,3840,2160,2
03_Projekt-MAN Frauen in der Werkstatt,03_Projekt-MAN Frauen in der Werkstatt/03_Medien/05_Footage sortiert/1.2 Kompetenz fährt vor/Hook-Szene/FX3_0478.MP4,0.4,0.3,3840,2160,2
03_Projekt-MAN Frauen in der Werkstatt,03_Projekt-MAN Frauen in der Werkstatt/03_Medien/05_Footage sortiert/1.2 Kompetenz fährt vor/Hook-Szene/FX3_0484.MP4,0.4,0.3,3840,2160,2
03_Projekt-MAN Frauen in der Werkstatt,03_Projekt-MAN Frauen in der Werkstatt/03_Medien/01_Footage/Kamera-C Fuji DN/DSCF8019.MOV,0.38,0.5,3840,2160,2
03_Projekt-MAN Frauen in der Werkstatt,03_Projekt-MAN Frauen in der Werkstatt/03_Medien/05_Footage sortiert/Actioncam/Proxy/DJI_20251211104131_0139_D.mov,0.37,5.3,540,960,2
03_Projekt-MAN Frauen in der Werkstatt,03_Projekt-MAN Frauen in der Werkstatt/03_Medien/01_Footage/Kamera-C Fuji DN/DSCF8118.MOV,0.37,0.5,3840,2160,2
03_Projekt-MAN Frauen in der Werkstatt,03_Projekt-MAN Frauen in der Werkstatt/03_Medien/05_Footage sortiert/02_B-Roll/Grüner LKW/FX3_0394.MP4,0.34,0.2,3840,2160,2
03_Projekt-MAN Frauen in der Werkstatt,03_Projekt-MAN Frauen in der Werkstatt/03_Medien/05_Footage sortiert/02_B-Roll/Grüner LKW/FX3_0405.MP4,0.34,0.2,3840,2160,2
03_Projekt-MAN Frauen in der Werkstatt,03_Projekt-MAN Frauen in der Werkstatt/03_Medien/05_Footage sortiert/02_B-Roll/Grüner LKW/FX3_0411.MP4,0.34,0.2,3840,2160,2
03_Projekt-MAN Frauen in der Werkstatt,03_Projekt-MAN Frauen in der Werkstatt/03_Medien/05_Footage sortiert/02_B-Roll/Grüner LKW/FX3_0447.MP4,0.34,0.2,3840,2160,2
03_Projekt-MAN Frauen in der Werkstatt,03_Projekt-MAN Frauen in der Werkstatt/03_Medien/05_Footage sortiert/02_B-Roll/Grüner LKW/FX3_0455.MP4,0.34,0.2,3840,2160,2
03_Projekt-MAN Frauen in der Werkstatt,03_Projekt-MAN Frauen in der Werkstatt/03_Medien/05_Footage sortiert/02_B-Roll/Grüner LKW/FX3_0456.MP4,0.34,0.2,3840,2160,2
03_Projekt-MAN Frauen in der Werkstatt,03_Projekt-MAN Frauen in der Werkstatt/03_Medien/05_Footage sortiert/02_B-Roll/Grüner LKW/FX3_0460.MP4,0.34,0.2,3840,2160,2
03_Projekt-MAN Frauen in der Werkstatt,03_Projekt-MAN Frauen in der Werkstatt/03_Medien/05_Footage sortiert/02_B-Roll/Grüner LKW/C8959.MP4,0.34,0.2,3840,2160,2
03_Projekt-MAN Frauen in der Werkstatt,03_Projekt-MAN Frauen in der Werkstatt/03_Medien/05_Footage sortiert/02_B-Roll/Grüner LKW/C8984.MP4,0.34,0.2,3840,2160,2
03_Projekt-MAN Frauen in der Werkstatt,03_Projekt-MAN Frauen in der Werkstatt/03_Medien/05_Footage sortiert/02_B-Roll/Grüner LKW/C9222.MP4,0.34,0.2,3840,2160,2
03_Projekt-MAN Frauen in der Werkstatt,03_Projekt-MAN Frauen in der Werkstatt/03_Medien/05_Footage sortiert/02_B-Roll/Grüner LKW/C9224.MP4,0.34,0.2,3840,2160,2
03_Projekt-MAN Frauen in der Werkstatt,03_Projekt-MAN Frauen in der Werkstatt/03_Medien/05_Footage sortiert/02_B-Roll/Grüner LKW/C9230.MP4,0.34,0.2,3840,2160,2
03_Projekt-MAN Frauen in der Werkstatt,03_Projekt-MAN Frauen in der Werkstatt/03_Medien/05_Footage sortiert/02_B-Roll/Allgemeine Tätigkeiten/C9044.MP4,0.34,0.2,3840,2160,2
03_Projekt-MAN Frauen in der Werkstatt,03_Projekt-MAN Frauen in der Werkstatt/03_Medien/05_Footage sortiert/02_B-Roll/Roter LKW/C9252.MP4,0.34,0.2,3840,2160,2
03_Projekt-MAN Frauen in der Werkstatt,03_Projekt-MAN Frauen in der Werkstatt/03_Medien/05_Footage sortiert/02_B-Roll/Roter LKW/C9302.MP4,0.34,0.2,3840,2160,2
03_Projekt-MAN Frauen in der Werkstatt,03_Projekt-MAN Frauen in der Werkstatt/03_Medien/05_Footage sortiert/02_B-Roll/Roter LKW/C9312.MP4,0.34,0.2,3840,2160,2
03_Projekt-MAN Frauen in der Werkstatt,03_Projekt-MAN Frauen in der Werkstatt/03_Medien/05_Footage sortiert/02_B-Roll/Roter LKW/C9319.MP4,0.34,0.2,3840,2160,2
03_Projekt-MAN Frauen in der Werkstatt,03_Projekt-MAN Frauen in der Werkstatt/03_Medien/05_Footage sortiert/02_B-Roll/TGE/FX3_0507.MP4,0.34,0.2,3840,2160,2
03_Projekt-MAN Frauen in der Werkstatt,03_Projekt-MAN Frauen in der Werkstatt/03_Medien/05_Footage sortiert/02_B-Roll/Reisebus/FX3_0524.MP4,0.34,0.2,3840,2160,2
03_Projekt-MAN Frauen in der Werkstatt,03_Projekt-MAN Frauen in der Werkstatt/03_Medien/05_Footage sortiert/02_B-Roll/Reisebus/FX3_0526.MP4,0.34,0.2,3840,2160,2
03_Projekt-MAN Frauen in der Werkstatt,03_Projekt-MAN Frauen in der Werkstatt/03_Medien/05_Footage sortiert/02_B-Roll/Reisebus/FX3_0543.MP4,0.34,0.2,3840,2160,2
03_Projekt-MAN Frauen in der Werkstatt,03_Projekt-MAN Frauen in der Werkstatt/03_Medien/05_Footage sortiert/02_B-Roll/Reisebus/FX3_0550.MP4,0.34,0.2,3840,2160,2
03_Projekt-MAN Frauen in der Werkstatt,03_Projekt-MAN Frauen in der Werkstatt/03_Medien/05_Footage sortiert/02_B-Roll/Fahrzeuge auf dem Hof/FX3_4003.MP4,0.34,0.2,3840,2160,2
03_Projekt-MAN Frauen in der Werkstatt,03_Projekt-MAN Frauen in der Werkstatt/03_Medien/05_Footage sortiert/02_B-Roll/Fahrzeuge auf dem Hof/FX3_4015.MP4,0.34,0.2,3840,2160,2
03_Projekt-MAN Frauen in der Werkstatt,03_Projekt-MAN Frauen in der Werkstatt/03_Medien/05_Footage sortiert/02_B-Roll/Fahrzeuge auf dem Hof/FX3_4018.MP4,0.34,0.2,3840,2160,2
03_Projekt-MAN Frauen in der Werkstatt,03_Projekt-MAN Frauen in der Werkstatt/03_Medien/05_Footage sortiert/02_B-Roll/Fahrzeuge auf dem Hof/C0872.MP4,0.34,0.2,3840,2160,2
03_Projekt-MAN Frauen in der Werkstatt,03_Projekt-MAN Frauen in der Werkstatt/03_Medien/05_Footage sortiert/1.2 Kompetenz fährt vor/Hook-Szene/FX3_0472.MP4,0.34,0.3,3840,2160,2
03_Projekt-MAN Frauen in der Werkstatt,03_Projekt-MAN Frauen in der Werkstatt/03_Medien/05_Footage sortiert/1.2 Kompetenz fährt vor/Hook-Szene/FX3_0482.MP4,0.34,0.3,3840,2160,2
03_Projekt-MAN Frauen in der Werkstatt,03_Projekt-MAN Frauen in der Werkstatt/03_Medien/01_Footage/Kamera-C Fuji DN/DSCF8105.MOV,0.29,0.4,3840,2160,2
03_Projekt-MAN Frauen in der Werkstatt,03_Projekt-MAN Frauen in der Werkstatt/03_Medien/02_Assets/04_Stock Footage/Proxy/z_Upload-Image---Internal-Only-Style-d3d4279a-2.mov,0.28,0.2,1212,2152,0
03_Projekt-MAN Frauen in der Werkstatt,03_Projekt-MAN Frauen in der Werkstatt/03_Medien/05_Footage sortiert/Lagerfootage/FX3_0531.MP4,0.27,0.1,3840,2160,2
03_Projekt-MAN Frauen in der Werkstatt,03_Projekt-MAN Frauen in der Werkstatt/03_Medien/05_Footage sortiert/Lagerfootage/FX3_0532.MP4,0.27,0.2,3840,2160,2
03_Projekt-MAN Frauen in der Werkstatt,03_Projekt-MAN Frauen in der Werkstatt/03_Medien/05_Footage sortiert/Lagerfootage/FX3_0533.MP4,0.27,0.2,3840,2160,2
03_Projekt-MAN Frauen in der Werkstatt,03_Projekt-MAN Frauen in der Werkstatt/03_Medien/05_Footage sortiert/Lagerfootage/FX3_0536.MP4,0.27,0.2,3840,2160,2
03_Projekt-MAN Frauen in der Werkstatt,03_Projekt-MAN Frauen in der Werkstatt/03_Medien/05_Footage sortiert/02_B-Roll/Grüner LKW/FX3_0393.MP4,0.27,0.2,3840,2160,2
03_Projekt-MAN Frauen in der Werkstatt,03_Projekt-MAN Frauen in der Werkstatt/03_Medien/05_Footage sortiert/02_B-Roll/Grüner LKW/FX3_0406.MP4,0.27,0.1,3840,2160,2
03_Projekt-MAN Frauen in der Werkstatt,03_Projekt-MAN Frauen in der Werkstatt/03_Medien/05_Footage sortiert/02_B-Roll/Grüner LKW/FX3_0407.MP4,0.27,0.2,3840,2160,2
03_Projekt-MAN Frauen in der Werkstatt,03_Projekt-MAN Frauen in der Werkstatt/03_Medien/05_Footage sortiert/02_B-Roll/Grüner LKW/FX3_0414.MP4,0.27,0.1,3840,2160,2
03_Projekt-MAN Frauen in der Werkstatt,03_Projekt-MAN Frauen in der Werkstatt/03_Medien/05_Footage sortiert/02_B-Roll/Grüner LKW/FX3_0420.MP4,0.27,0.2,3840,2160,2
03_Projekt-MAN Frauen in der Werkstatt,03_Projekt-MAN Frauen in der Werkstatt/03_Medien/05_Footage sortiert/02_B-Roll/Grüner LKW/FX3_0436.MP4,0.27,0.1,3840,2160,2
03_Projekt-MAN Frauen in der Werkstatt,03_Projekt-MAN Frauen in der Werkstatt/03_Medien/05_Footage sortiert/02_B-Roll/Grüner LKW/FX3_0439.MP4,0.27,0.1,3840,2160,2
03_Projekt-MAN Frauen in der Werkstatt,03_Projekt-MAN Frauen in der Werkstatt/03_Medien/05_Footage sortiert/02_B-Roll/Grüner LKW/FX3_0440.MP4,0.27,0.2,3840,2160,2
03_Projekt-MAN Frauen in der Werkstatt,03_Projekt-MAN Frauen in der Werkstatt/03_Medien/05_Footage sortiert/02_B-Roll/Grüner LKW/FX3_0449.MP4,0.27,0.1,3840,2160,2
03_Projekt-MAN Frauen in der Werkstatt,03_Projekt-MAN Frauen in der Werkstatt/03_Medien/05_Footage sortiert/02_B-Roll/Grüner LKW/FX3_0453.MP4,0.27,0.2,3840,2160,2
03_Projekt-MAN Frauen in der Werkstatt,03_Projekt-MAN Frauen in der Werkstatt/03_Medien/05_Footage sortiert/02_B-Roll/Grüner LKW/C8985.MP4,0.27,0.1,3840,2160,2
03_Projekt-MAN Frauen in der Werkstatt,03_Projekt-MAN Frauen in der Werkstatt/03_Medien/05_Footage sortiert/02_B-Roll/Grüner LKW/C8988.MP4,0.27,0.2,3840,2160,2
03_Projekt-MAN Frauen in der Werkstatt,03_Projekt-MAN Frauen in der Werkstatt/03_Medien/05_Footage sortiert/02_B-Roll/Grüner LKW/C9003.MP4,0.27,0.1,3840,2160,2
03_Projekt-MAN Frauen in der Werkstatt,03_Projekt-MAN Frauen in der Werkstatt/03_Medien/05_Footage sortiert/02_B-Roll/Grüner LKW/C9075.MP4,0.27,0.2,3840,2160,2
03_Projekt-MAN Frauen in der Werkstatt,03_Projekt-MAN Frauen in der Werkstatt/03_Medien/05_Footage sortiert/02_B-Roll/Grüner LKW/C9076.MP4,0.27,0.1,3840,2160,2
03_Projekt-MAN Frauen in der Werkstatt,03_Projekt-MAN Frauen in der Werkstatt/03_Medien/05_Footage sortiert/02_B-Roll/Grüner LKW/C9082.MP4,0.27,0.1,3840,2160,2
03_Projekt-MAN Frauen in der Werkstatt,03_Projekt-MAN Frauen in der Werkstatt/03_Medien/05_Footage sortiert/02_B-Roll/Grüner LKW/C9083.MP4,0.27,0.1,3840,2160,2
03_Projekt-MAN Frauen in der Werkstatt,03_Projekt-MAN Frauen in der Werkstatt/03_Medien/05_Footage sortiert/02_B-Roll/Grüner LKW/C9117.MP4,0.27,0.2,3840,2160,2
03_Projekt-MAN Frauen in der Werkstatt,03_Projekt-MAN Frauen in der Werkstatt/03_Medien/05_Footage sortiert/02_B-Roll/Grüner LKW/C9122.MP4,0.27,0.1,3840,2160,2
03_Projekt-MAN Frauen in der Werkstatt,03_Projekt-MAN Frauen in der Werkstatt/03_Medien/05_Footage sortiert/02_B-Roll/Grüner LKW/C9123.MP4,0.27,0.1,3840,2160,2
03_Projekt-MAN Frauen in der Werkstatt,03_Projekt-MAN Frauen in der Werkstatt/03_Medien/05_Footage sortiert/02_B-Roll/Grüner LKW/C9127.MP4,0.27,0.1,3840,2160,2
03_Projekt-MAN Frauen in der Werkstatt,03_Projekt-MAN Frauen in der Werkstatt/03_Medien/05_Footage sortiert/02_B-Roll/Grüner LKW/C9130.MP4,0.27,0.1,3840,2160,2
03_Projekt-MAN Frauen in der Werkstatt,03_Projekt-MAN Frauen in der Werkstatt/03_Medien/05_Footage sortiert/02_B-Roll/Grüner LKW/C9162.MP4,0.27,0.1,3840,2160,2
03_Projekt-MAN Frauen in der Werkstatt,03_Projekt-MAN Frauen in der Werkstatt/03_Medien/05_Footage sortiert/02_B-Roll/Grüner LKW/C9166.MP4,0.27,0.2,3840,2160,2
03_Projekt-MAN Frauen in der Werkstatt,03_Projekt-MAN Frauen in der Werkstatt/03_Medien/05_Footage sortiert/02_B-Roll/Grüner LKW/C9173.MP4,0.27,0.1,3840,2160,2
03_Projekt-MAN Frauen in der Werkstatt,03_Projekt-MAN Frauen in der Werkstatt/03_Medien/05_Footage sortiert/02_B-Roll/Grüner LKW/C9192.MP4,0.27,0.1,3840,2160,2
03_Projekt-MAN Frauen in der Werkstatt,03_Projekt-MAN Frauen in der Werkstatt/03_Medien/05_Footage sortiert/02_B-Roll/Grüner LKW/C9203.MP4,0.27,0.2,3840,2160,2
03_Projekt-MAN Frauen in der Werkstatt,03_Projekt-MAN Frauen in der Werkstatt/03_Medien/05_Footage sortiert/02_B-Roll/Grüner LKW/C9206.MP4,0.27,0.2,3840,2160,2
03_Projekt-MAN Frauen in der Werkstatt,03_Projekt-MAN Frauen in der Werkstatt/03_Medien/05_Footage sortiert/02_B-Roll/Grüner LKW/C9208.MP4,0.27,0.1,3840,2160,2
03_Projekt-MAN Frauen in der Werkstatt,03_Projekt-MAN Frauen in der Werkstatt/03_Medien/05_Footage sortiert/02_B-Roll/Grüner LKW/C9220.MP4,0.27,0.2,3840,2160,2
03_Projekt-MAN Frauen in der Werkstatt,03_Projekt-MAN Frauen in der Werkstatt/03_Medien/05_Footage sortiert/02_B-Roll/Allgemeine Tätigkeiten/C0736.MP4,0.27,0.2,3840,2160,2
03_Projekt-MAN Frauen in der Werkstatt,03_Projekt-MAN Frauen in der Werkstatt/03_Medien/05_Footage sortiert/02_B-Roll/Allgemeine Tätigkeiten/C0741.MP4,0.27,0.1,3840,2160,2
03_Projekt-MAN Frauen in der Werkstatt,03_Projekt-MAN Frauen in der Werkstatt/03_Medien/05_Footage sortiert/02_B-Roll/Roter LKW/C9247.MP4,0.27,0.2,3840,2160,2
03_Projekt-MAN Frauen in der Werkstatt,03_Projekt-MAN Frauen in der Werkstatt/03_Medien/05_Footage sortiert/02_B-Roll/Roter LKW/C9249.MP4,0.27,0.1,3840,2160,2
03_Projekt-MAN Frauen in der Werkstatt,03_Projekt-MAN Frauen in der Werkstatt/03_Medien/05_Footage sortiert/02_B-Roll/Roter LKW/C9250.MP4,0.27,0.1,3840,2160,2
03_Projekt-MAN Frauen in der Werkstatt,03_Projekt-MAN Frauen in der Werkstatt/03_Medien/05_Footage sortiert/02_B-Roll/Roter LKW/C9286.MP4,0.27,0.2,3840,2160,2
03_Projekt-MAN Frauen in der Werkstatt,03_Projekt-MAN Frauen in der Werkstatt/03_Medien/05_Footage sortiert/02_B-Roll/Teamfoto/FX3_0497.MP4,0.27,0.1,3840,2160,2
03_Projekt-MAN Frauen in der Werkstatt,03_Projekt-MAN Frauen in der Werkstatt/03_Medien/05_Footage sortiert/02_B-Roll/TGE/FX3_0509.MP4,0.27,0.2,3840,2160,2
03_Projekt-MAN Frauen in der Werkstatt,03_Projekt-MAN Frauen in der Werkstatt/03_Medien/05_Footage sortiert/02_B-Roll/TGE/FX3_0512.MP4,0.27,0.1,3840,2160,2
03_Projekt-MAN Frauen in der Werkstatt,03_Projekt-MAN Frauen in der Werkstatt/03_Medien/05_Footage sortiert/02_B-Roll/Reisebus/FX3_0523.MP4,0.27,0.1,3840,2160,2
03_Projekt-MAN Frauen in der Werkstatt,03_Projekt-MAN Frauen in der Werkstatt/03_Medien/05_Footage sortiert/02_B-Roll/Reisebus/FX3_0528.MP4,0.27,0.1,3840,2160,2
03_Projekt-MAN Frauen in der Werkstatt,03_Projekt-MAN Frauen in der Werkstatt/03_Medien/05_Footage sortiert/02_B-Roll/Reisebus/FX3_0545.MP4,0.27,0.1,3840,2160,2
03_Projekt-MAN Frauen in der Werkstatt,03_Projekt-MAN Frauen in der Werkstatt/03_Medien/05_Footage sortiert/02_B-Roll/Reisebus/FX3_0552.MP4,0.27,0.2,3840,2160,2
03_Projekt-MAN Frauen in der Werkstatt,03_Projekt-MAN Frauen in der Werkstatt/03_Medien/05_Footage sortiert/02_B-Roll/Reisebus/FX3_0554.MP4,0.27,0.1,3840,2160,2
03_Projekt-MAN Frauen in der Werkstatt,03_Projekt-MAN Frauen in der Werkstatt/03_Medien/05_Footage sortiert/02_B-Roll/Fahrzeuge auf dem Hof/FX3_4006.MP4,0.27,0.2,3840,2160,2
03_Projekt-MAN Frauen in der Werkstatt,03_Projekt-MAN Frauen in der Werkstatt/03_Medien/05_Footage sortiert/02_B-Roll/Fahrzeuge auf dem Hof/FX3_4025.MP4,0.27,0.1,3840,2160,2
03_Projekt-MAN Frauen in der Werkstatt,03_Projekt-MAN Frauen in der Werkstatt/03_Medien/05_Footage sortiert/02_B-Roll/Fahrzeuge auf dem Hof/FX3_4029.MP4,0.27,0.1,3840,2160,2
03_Projekt-MAN Frauen in der Werkstatt,03_Projekt-MAN Frauen in der Werkstatt/03_Medien/05_Footage sortiert/02_B-Roll/Fahrzeuge auf dem Hof/C0883.MP4,0.27,0.1,3840,2160,2
03_Projekt-MAN Frauen in der Werkstatt,03_Projekt-MAN Frauen in der Werkstatt/03_Medien/05_Footage sortiert/02_B-Roll/Fahrzeuge auf dem Hof/C0903.MP4,0.27,0.2,3840,2160,2
03_Projekt-MAN Frauen in der Werkstatt,03_Projekt-MAN Frauen in der Werkstatt/03_Medien/05_Footage sortiert/02_B-Roll/Grüner LKW/Proxy/FX3_0418.mov,0.27,5.6,540,960,2
03_Projekt-MAN Frauen in der Werkstatt,03_Projekt-MAN Frauen in der Werkstatt/03_Medien/05_Footage sortiert/1.2 Kompetenz fährt vor/Hook-Szene/FX3_0475.MP4,0.27,0.2,3840,2160,2
03_Projekt-MAN Frauen in der Werkstatt,03_Projekt-MAN Frauen in der Werkstatt/03_Medien/05_Footage sortiert/1.2 Kompetenz fährt vor/Hook-Szene/FX3_0479.MP4,0.27,0.2,3840,2160,2
03_Projekt-MAN Frauen in der Werkstatt,03_Projekt-MAN Frauen in der Werkstatt/03_Medien/05_Footage sortiert/1.2 Kompetenz fährt vor/Hook-Szene/C9255.MP4,0.27,0.1,3840,2160,2
03_Projekt-MAN Frauen in der Werkstatt,03_Projekt-MAN Frauen in der Werkstatt/03_Medien/05_Footage sortiert/1.2 Kompetenz fährt vor/Hook-Szene/C9259.MP4,0.27,0.1,3840,2160,2
03_Projekt-MAN Frauen in der Werkstatt,03_Projekt-MAN Frauen in der Werkstatt/03_Medien/05_Footage sortiert/1.2 Kompetenz fährt vor/Hook-Szene/C9270.MP4,0.27,0.1,3840,2160,2
03_Projekt-MAN Frauen in der Werkstatt,03_Projekt-MAN Frauen in der Werkstatt/03_Medien/05_Footage sortiert/1.2 Kompetenz fährt vor/Hook-Szene/C9274.MP4,0.27,0.1,3840,2160,2
03_Projekt-MAN Frauen in der Werkstatt,03_Projekt-MAN Frauen in der Werkstatt/03_Medien/01_Footage/Kamera-C Fuji DN/DSCF8106.MOV,0.27,0.4,3840,2160,2
03_Projekt-MAN Frauen in der Werkstatt,03_Projekt-MAN Frauen in der Werkstatt/03_Medien/05_Footage sortiert/Drohnenfootage/Proxy/DJI_20251211160941_0002_D.mov,0.26,3.8,960,540,0
03_Projekt-MAN Frauen in der Werkstatt,03_Projekt-MAN Frauen in der Werkstatt/03_Medien/05_Footage sortiert/Drohnenfootage/Proxy/DJI_20251211160941_0002_D_stabilized.mov,0.26,3.8,960,540,0
03_Projekt-MAN Frauen in der Werkstatt,03_Projekt-MAN Frauen in der Werkstatt/03_Medien/05_Footage sortiert/Drohnenfootage/Proxy/DJI_0114.mov,0.26,3.9,960,540,0
03_Projekt-MAN Frauen in der Werkstatt,03_Projekt-MAN Frauen in der Werkstatt/03_Medien/05_Footage sortiert/01_Interviews/04_Interview Markus Chef/01_Perspektive A/Proxy/FX3_0504.mov,0.25,5.4,540,960,2
03_Projekt-MAN Frauen in der Werkstatt,03_Projekt-MAN Frauen in der Werkstatt/03_Medien/01_Footage/Kamera-C Fuji DN/DSCF7990.MOV,0.25,0.3,3840,2160,2
03_Projekt-MAN Frauen in der Werkstatt,03_Projekt-MAN Frauen in der Werkstatt/03_Medien/05_Footage sortiert/Actioncam/Proxy/DJI_20251211152554_0145_D.mov,0.23,3.3,540,960,2
03_Projekt-MAN Frauen in der Werkstatt,03_Projekt-MAN Frauen in der Werkstatt/03_Medien/05_Footage sortiert/01_Interviews/04_Interview Markus Chef/02_Perspektive B/Proxy/C9300.mov,0.23,4.8,540,960,2
03_Projekt-MAN Frauen in der Werkstatt,03_Projekt-MAN Frauen in der Werkstatt/03_Medien/02_Assets/05_Sonstiges/Ai Generiert/Proxy/z_Upload-Image---Internal-Only-Style-57104771.mov,0.23,0.2,1080,1920,0
03_Projekt-MAN Frauen in der Werkstatt,03_Projekt-MAN Frauen in der Werkstatt/03_Medien/05_Footage sortiert/Actioncam/Proxy/DJI_20251211112423_0142_D.mov,0.22,3.2,540,960,2
03_Projekt-MAN Frauen in der Werkstatt,03_Projekt-MAN Frauen in der Werkstatt/03_Medien/01_Footage/Kamera-C Fuji DN/DSCF7634.MOV,0.22,0.3,3840,2160,2
03_Projekt-MAN Frauen in der Werkstatt,03_Projekt-MAN Frauen in der Werkstatt/04_Exportiert/4.2 Kompetenz fährt vor/4.2 Kompetenz fährt vor_V1.mov,0.21,1.2,2160,3840,2
03_Projekt-MAN Frauen in der Werkstatt,03_Projekt-MAN Frauen in der Werkstatt/04_Exportiert/4.2 Kompetenz fährt vor/4.2 Kompetenz fährt vor_V2.mov,0.21,1.3,2160,3840,2
03_Projekt-MAN Frauen in der Werkstatt,03_Projekt-MAN Frauen in der Werkstatt/04_Exportiert/4.2 Kompetenz fährt vor/4.2 Kompetenz fährt vor_V3.mov,0.21,1.4,2160,3840,2
03_Projekt-MAN Frauen in der Werkstatt,03_Projekt-MAN Frauen in der Werkstatt/04_Exportiert/4.2 Kompetenz fährt vor/4.2 Kompetenz fährt vor_V4.mov,0.21,1.4,2160,3840,2
03_Projekt-MAN Frauen in der Werkstatt,03_Projekt-MAN Frauen in der Werkstatt/04_Exportiert/4.2 Kompetenz fährt vor/4.2 Kompetenz fährt vor_V5.mov,0.21,1.4,2160,3840,2
03_Projekt-MAN Frauen in der Werkstatt,03_Projekt-MAN Frauen in der Werkstatt/04_Exportiert/4.2 Kompetenz fährt vor/4.2.1 Kompetenz fährt vor_V6.mov,0.21,1.4,2160,3840,2
03_Projekt-MAN Frauen in der Werkstatt,03_Projekt-MAN Frauen in der Werkstatt/03_Medien/05_Footage sortiert/Lagerfootage/FX3_0537.MP4,0.2,0.2,3840,2160,2
03_Projekt-MAN Frauen in der Werkstatt,03_Projekt-MAN Frauen in der Werkstatt/03_Medien/05_Footage sortiert/Lagerfootage/FX3_0538.MP4,0.2,0.2,3840,2160,2
03_Projekt-MAN Frauen in der Werkstatt,03_Projekt-MAN Frauen in der Werkstatt/03_Medien/05_Footage sortiert/Lagerfootage/C0758.MP4,0.2,0.1,3840,2160,2
03_Projekt-MAN Frauen in der Werkstatt,03_Projekt-MAN Frauen in der Werkstatt/03_Medien/05_Footage sortiert/02_B-Roll/Grüner LKW/FX3_0400.MP4,0.2,0.1,3840,2160,2
03_Projekt-MAN Frauen in der Werkstatt,03_Projekt-MAN Frauen in der Werkstatt/03_Medien/05_Footage sortiert/02_B-Roll/Grüner LKW/FX3_0408.MP4,0.2,0.1,3840,2160,2
03_Projekt-MAN Frauen in der Werkstatt,03_Projekt-MAN Frauen in der Werkstatt/03_Medien/05_Footage sortiert/02_B-Roll/Grüner LKW/FX3_0409.MP4,0.2,0.1,3840,2160,2
03_Projekt-MAN Frauen in der Werkstatt,03_Projekt-MAN Frauen in der Werkstatt/03_Medien/05_Footage sortiert/02_B-Roll/Grüner LKW/FX3_0416.MP4,0.2,0.1,3840,2160,2
03_Projekt-MAN Frauen in der Werkstatt,03_Projekt-MAN Frauen in der Werkstatt/03_Medien/05_Footage sortiert/02_B-Roll/Grüner LKW/FX3_0417.MP4,0.2,0.1,3840,2160,2
03_Projekt-MAN Frauen in der Werkstatt,03_Projekt-MAN Frauen in der Werkstatt/03_Medien/05_Footage sortiert/02_B-Roll/Grüner LKW/FX3_0421.MP4,0.2,0.2,3840,2160,2
03_Projekt-MAN Frauen in der Werkstatt,03_Projekt-MAN Frauen in der Werkstatt/03_Medien/05_Footage sortiert/02_B-Roll/Grüner LKW/FX3_0435.MP4,0.2,0.1,3840,2160,2
03_Projekt-MAN Frauen in der Werkstatt,03_Projekt-MAN Frauen in der Werkstatt/03_Medien/05_Footage sortiert/02_B-Roll/Grüner LKW/FX3_0442.MP4,0.2,0.1,3840,2160,2
03_Projekt-MAN Frauen in der Werkstatt,03_Projekt-MAN Frauen in der Werkstatt/03_Medien/05_Footage sortiert/02_B-Roll/Grüner LKW/FX3_0454.MP4,0.2,0.1,3840,2160,2
03_Projekt-MAN Frauen in der Werkstatt,03_Projekt-MAN Frauen in der Werkstatt/03_Medien/05_Footage sortiert/02_B-Roll/Grüner LKW/FX3_0458.MP4,0.2,0.1,3840,2160,2
03_Projekt-MAN Frauen in der Werkstatt,03_Projekt-MAN Frauen in der Werkstatt/03_Medien/05_Footage sortiert/02_B-Roll/Grüner LKW/C8963.MP4,0.2,0.1,3840,2160,2
03_Projekt-MAN Frauen in der Werkstatt,03_Projekt-MAN Frauen in der Werkstatt/03_Medien/05_Footage sortiert/02_B-Roll/Grüner LKW/C8983.MP4,0.2,0.1,3840,2160,2
03_Projekt-MAN Frauen in der Werkstatt,03_Projekt-MAN Frauen in der Werkstatt/03_Medien/05_Footage sortiert/02_B-Roll/Grüner LKW/C8989.MP4,0.2,0.1,3840,2160,2
03_Projekt-MAN Frauen in der Werkstatt,03_Projekt-MAN Frauen in der Werkstatt/03_Medien/05_Footage sortiert/02_B-Roll/Grüner LKW/C8992.MP4,0.2,0.1,3840,2160,2
03_Projekt-MAN Frauen in der Werkstatt,03_Projekt-MAN Frauen in der Werkstatt/03_Medien/05_Footage sortiert/02_B-Roll/Grüner LKW/C8994.MP4,0.2,0.1,3840,2160,2
03_Projekt-MAN Frauen in der Werkstatt,03_Projekt-MAN Frauen in der Werkstatt/03_Medien/05_Footage sortiert/02_B-Roll/Grüner LKW/C9023.MP4,0.2,0.1,3840,2160,2
03_Projekt-MAN Frauen in der Werkstatt,03_Projekt-MAN Frauen in der Werkstatt/03_Medien/05_Footage sortiert/02_B-Roll/Grüner LKW/C9055.MP4,0.2,0.1,3840,2160,2
03_Projekt-MAN Frauen in der Werkstatt,03_Projekt-MAN Frauen in der Werkstatt/03_Medien/05_Footage sortiert/02_B-Roll/Grüner LKW/C9060.MP4,0.2,0.1,3840,2160,2
03_Projekt-MAN Frauen in der Werkstatt,03_Projekt-MAN Frauen in der Werkstatt/03_Medien/05_Footage sortiert/02_B-Roll/Grüner LKW/C9068.MP4,0.2,0.1,3840,2160,2
03_Projekt-MAN Frauen in der Werkstatt,03_Projekt-MAN Frauen in der Werkstatt/03_Medien/05_Footage sortiert/02_B-Roll/Grüner LKW/C9077.MP4,0.2,0.1,3840,2160,2
03_Projekt-MAN Frauen in der Werkstatt,03_Projekt-MAN Frauen in der Werkstatt/03_Medien/05_Footage sortiert/02_B-Roll/Grüner LKW/C9084.MP4,0.2,0.1,3840,2160,2
03_Projekt-MAN Frauen in der Werkstatt,03_Projekt-MAN Frauen in der Werkstatt/03_Medien/05_Footage sortiert/02_B-Roll/Grüner LKW/C9085.MP4,0.2,0.1,3840,2160,2
03_Projekt-MAN Frauen in der Werkstatt,03_Projekt-MAN Frauen in der Werkstatt/03_Medien/05_Footage sortiert/02_B-Roll/Grüner LKW/C9086.MP4,0.2,0.1,3840,2160,2
03_Projekt-MAN Frauen in der Werkstatt,03_Projekt-MAN Frauen in der Werkstatt/03_Medien/05_Footage sortiert/02_B-Roll/Grüner LKW/C9087.MP4,0.2,0.1,3840,2160,2
03_Projekt-MAN Frauen in der Werkstatt,03_Projekt-MAN Frauen in der Werkstatt/03_Medien/05_Footage sortiert/02_B-Roll/Grüner LKW/C9100.MP4,0.2,0.1,3840,2160,2
03_Projekt-MAN Frauen in der Werkstatt,03_Projekt-MAN Frauen in der Werkstatt/03_Medien/05_Footage sortiert/02_B-Roll/Grüner LKW/C9101.MP4,0.2,0.1,3840,2160,2
03_Projekt-MAN Frauen in der Werkstatt,03_Projekt-MAN Frauen in der Werkstatt/03_Medien/05_Footage sortiert/02_B-Roll/Grüner LKW/C9107.MP4,0.2,0.1,3840,2160,2
03_Projekt-MAN Frauen in der Werkstatt,03_Projekt-MAN Frauen in der Werkstatt/03_Medien/05_Footage sortiert/02_B-Roll/Grüner LKW/C9114.MP4,0.2,0.1,3840,2160,2
03_Projekt-MAN Frauen in der Werkstatt,03_Projekt-MAN Frauen in der Werkstatt/03_Medien/05_Footage sortiert/02_B-Roll/Grüner LKW/C9134.MP4,0.2,0.1,3840,2160,2
03_Projekt-MAN Frauen in der Werkstatt,03_Projekt-MAN Frauen in der Werkstatt/03_Medien/05_Footage sortiert/02_B-Roll/Grüner LKW/C9150.MP4,0.2,0.1,3840,2160,2
03_Projekt-MAN Frauen in der Werkstatt,03_Projekt-MAN Frauen in der Werkstatt/03_Medien/05_Footage sortiert/02_B-Roll/Grüner LKW/C9151.MP4,0.2,0.1,3840,2160,2
03_Projekt-MAN Frauen in der Werkstatt,03_Projekt-MAN Frauen in der Werkstatt/03_Medien/05_Footage sortiert/02_B-Roll/Grüner LKW/C9169.MP4,0.2,0.1,3840,2160,2
03_Projekt-MAN Frauen in der Werkstatt,03_Projekt-MAN Frauen in der Werkstatt/03_Medien/05_Footage sortiert/02_B-Roll/Grüner LKW/C9181.MP4,0.2,0.1,3840,2160,2
03_Projekt-MAN Frauen in der Werkstatt,03_Projekt-MAN Frauen in der Werkstatt/03_Medien/05_Footage sortiert/02_B-Roll/Grüner LKW/C9182.MP4,0.2,0.1,3840,2160,2
03_Projekt-MAN Frauen in der Werkstatt,03_Projekt-MAN Frauen in der Werkstatt/03_Medien/05_Footage sortiert/02_B-Roll/Grüner LKW/C9184.MP4,0.2,0.1,3840,2160,2
03_Projekt-MAN Frauen in der Werkstatt,03_Projekt-MAN Frauen in der Werkstatt/03_Medien/05_Footage sortiert/02_B-Roll/Grüner LKW/C9185.MP4,0.2,0.1,3840,2160,2
03_Projekt-MAN Frauen in der Werkstatt,03_Projekt-MAN Frauen in der Werkstatt/03_Medien/05_Footage sortiert/02_B-Roll/Grüner LKW/C9191.MP4,0.2,0.1,3840,2160,2
03_Projekt-MAN Frauen in der Werkstatt,03_Projekt-MAN Frauen in der Werkstatt/03_Medien/05_Footage sortiert/02_B-Roll/Grüner LKW/C9195.MP4,0.2,0.1,3840,2160,2
03_Projekt-MAN Frauen in der Werkstatt,03_Projekt-MAN Frauen in der Werkstatt/03_Medien/05_Footage sortiert/02_B-Roll/Grüner LKW/C9196.MP4,0.2,0.1,3840,2160,2
03_Projekt-MAN Frauen in der Werkstatt,03_Projekt-MAN Frauen in der Werkstatt/03_Medien/05_Footage sortiert/02_B-Roll/Grüner LKW/C9211.MP4,0.2,0.1,3840,2160,2
03_Projekt-MAN Frauen in der Werkstatt,03_Projekt-MAN Frauen in der Werkstatt/03_Medien/05_Footage sortiert/02_B-Roll/Grüner LKW/C9214.MP4,0.2,0.1,3840,2160,2
03_Projekt-MAN Frauen in der Werkstatt,03_Projekt-MAN Frauen in der Werkstatt/03_Medien/05_Footage sortiert/02_B-Roll/Grüner LKW/C9216.MP4,0.2,0.1,3840,2160,2
03_Projekt-MAN Frauen in der Werkstatt,03_Projekt-MAN Frauen in der Werkstatt/03_Medien/05_Footage sortiert/02_B-Roll/Grüner LKW/C9227.MP4,0.2,0.1,3840,2160,2
03_Projekt-MAN Frauen in der Werkstatt,03_Projekt-MAN Frauen in der Werkstatt/03_Medien/05_Footage sortiert/02_B-Roll/Grüner LKW/C9231.MP4,0.2,0.1,3840,2160,2
03_Projekt-MAN Frauen in der Werkstatt,03_Projekt-MAN Frauen in der Werkstatt/03_Medien/05_Footage sortiert/02_B-Roll/Allgemeine Tätigkeiten/FX3_0428.MP4,0.2,0.1,3840,2160,2
03_Projekt-MAN Frauen in der Werkstatt,03_Projekt-MAN Frauen in der Werkstatt/03_Medien/05_Footage sortiert/02_B-Roll/Allgemeine Tätigkeiten/C0739.MP4,0.2,0.1,3840,2160,2
03_Projekt-MAN Frauen in der Werkstatt,03_Projekt-MAN Frauen in der Werkstatt/03_Medien/05_Footage sortiert/02_B-Roll/Allgemeine Tätigkeiten/C0742.MP4,0.2,0.1,3840,2160,2
03_Projekt-MAN Frauen in der Werkstatt,03_Projekt-MAN Frauen in der Werkstatt/03_Medien/05_Footage sortiert/02_B-Roll/Allgemeine Tätigkeiten/C0751.MP4,0.2,0.1,3840,2160,2
03_Projekt-MAN Frauen in der Werkstatt,03_Projekt-MAN Frauen in der Werkstatt/03_Medien/05_Footage sortiert/02_B-Roll/Allgemeine Tätigkeiten/C9037.MP4,0.2,0.1,3840,2160,2
03_Projekt-MAN Frauen in der Werkstatt,03_Projekt-MAN Frauen in der Werkstatt/03_Medien/05_Footage sortiert/02_B-Roll/Allgemeine Tätigkeiten/C9043.MP4,0.2,0.1,3840,2160,2
03_Projekt-MAN Frauen in der Werkstatt,03_Projekt-MAN Frauen in der Werkstatt/03_Medien/05_Footage sortiert/02_B-Roll/Allgemeine Tätigkeiten/C9048.MP4,0.2,0.1,3840,2160,2
03_Projekt-MAN Frauen in der Werkstatt,03_Projekt-MAN Frauen in der Werkstatt/03_Medien/05_Footage sortiert/02_B-Roll/Allgemeine Tätigkeiten/C9357.MP4,0.2,0.1,3840,2160,2
03_Projekt-MAN Frauen in der Werkstatt,03_Projekt-MAN Frauen in der Werkstatt/03_Medien/05_Footage sortiert/02_B-Roll/Allgemeine Tätigkeiten/C9361.MP4,0.2,0.1,3840,2160,2
03_Projekt-MAN Frauen in der Werkstatt,03_Projekt-MAN Frauen in der Werkstatt/03_Medien/05_Footage sortiert/02_B-Roll/Allgemeine Tätigkeiten/C9379.MP4,0.2,0.1,3840,2160,2
03_Projekt-MAN Frauen in der Werkstatt,03_Projekt-MAN Frauen in der Werkstatt/03_Medien/05_Footage sortiert/02_B-Roll/Allgemeine Tätigkeiten/C9381.MP4,0.2,0.1,3840,2160,2
03_Projekt-MAN Frauen in der Werkstatt,03_Projekt-MAN Frauen in der Werkstatt/03_Medien/05_Footage sortiert/02_B-Roll/Roter LKW/C9235.MP4,0.2,0.1,3840,2160,2
03_Projekt-MAN Frauen in der Werkstatt,03_Projekt-MAN Frauen in der Werkstatt/03_Medien/05_Footage sortiert/02_B-Roll/Roter LKW/C9287.MP4,0.2,0.1,3840,2160,2
03_Projekt-MAN Frauen in der Werkstatt,03_Projekt-MAN Frauen in der Werkstatt/03_Medien/05_Footage sortiert/02_B-Roll/Roter LKW/C9288.MP4,0.2,0.1,3840,2160,2
03_Projekt-MAN Frauen in der Werkstatt,03_Projekt-MAN Frauen in der Werkstatt/03_Medien/05_Footage sortiert/02_B-Roll/Roter LKW/C9292.MP4,0.2,0.1,3840,2160,2
03_Projekt-MAN Frauen in der Werkstatt,03_Projekt-MAN Frauen in der Werkstatt/03_Medien/05_Footage sortiert/02_B-Roll/Roter LKW/C9313.MP4,0.2,0.1,3840,2160,2
03_Projekt-MAN Frauen in der Werkstatt,03_Projekt-MAN Frauen in der Werkstatt/03_Medien/05_Footage sortiert/02_B-Roll/Roter LKW/C9333.MP4,0.2,0.1,3840,2160,2
03_Projekt-MAN Frauen in der Werkstatt,03_Projekt-MAN Frauen in der Werkstatt/03_Medien/05_Footage sortiert/02_B-Roll/Roter LKW/C9338.MP4,0.2,0.1,3840,2160,2
03_Projekt-MAN Frauen in der Werkstatt,03_Projekt-MAN Frauen in der Werkstatt/03_Medien/05_Footage sortiert/02_B-Roll/Roter LKW/C9339.MP4,0.2,0.1,3840,2160,2
03_Projekt-MAN Frauen in der Werkstatt,03_Projekt-MAN Frauen in der Werkstatt/03_Medien/05_Footage sortiert/02_B-Roll/TGE/FX3_0506.MP4,0.2,0.1,3840,2160,2
03_Projekt-MAN Frauen in der Werkstatt,03_Projekt-MAN Frauen in der Werkstatt/03_Medien/05_Footage sortiert/02_B-Roll/TGE/FX3_0510.MP4,0.2,0.1,3840,2160,2
03_Projekt-MAN Frauen in der Werkstatt,03_Projekt-MAN Frauen in der Werkstatt/03_Medien/05_Footage sortiert/02_B-Roll/TGE/FX3_0519.MP4,0.2,0.1,3840,2160,2
03_Projekt-MAN Frauen in der Werkstatt,03_Projekt-MAN Frauen in der Werkstatt/03_Medien/05_Footage sortiert/02_B-Roll/TGE/FX3_0522.MP4,0.2,0.1,3840,2160,2
03_Projekt-MAN Frauen in der Werkstatt,03_Projekt-MAN Frauen in der Werkstatt/03_Medien/05_Footage sortiert/02_B-Roll/Reisebus/FX3_0546.MP4,0.2,0.1,3840,2160,2
03_Projekt-MAN Frauen in der Werkstatt,03_Projekt-MAN Frauen in der Werkstatt/03_Medien/05_Footage sortiert/02_B-Roll/Reisebus/FX3_0553.MP4,0.2,0.1,3840,2160,2
03_Projekt-MAN Frauen in der Werkstatt,03_Projekt-MAN Frauen in der Werkstatt/03_Medien/05_Footage sortiert/02_B-Roll/Fahrzeuge auf dem Hof/FX3_4004.MP4,0.2,0.1,3840,2160,2
03_Projekt-MAN Frauen in der Werkstatt,03_Projekt-MAN Frauen in der Werkstatt/03_Medien/05_Footage sortiert/02_B-Roll/Fahrzeuge auf dem Hof/FX3_4019.MP4,0.2,0.1,3840,2160,2
03_Projekt-MAN Frauen in der Werkstatt,03_Projekt-MAN Frauen in der Werkstatt/03_Medien/05_Footage sortiert/02_B-Roll/Fahrzeuge auf dem Hof/FX3_4020.MP4,0.2,0.1,3840,2160,2
03_Projekt-MAN Frauen in der Werkstatt,03_Projekt-MAN Frauen in der Werkstatt/03_Medien/05_Footage sortiert/02_B-Roll/Fahrzeuge auf dem Hof/C0807.MP4,0.2,0.1,3840,2160,2
03_Projekt-MAN Frauen in der Werkstatt,03_Projekt-MAN Frauen in der Werkstatt/03_Medien/05_Footage sortiert/02_B-Roll/Fahrzeuge auf dem Hof/C0811.MP4,0.2,0.1,3840,2160,2
03_Projekt-MAN Frauen in der Werkstatt,03_Projekt-MAN Frauen in der Werkstatt/03_Medien/05_Footage sortiert/02_B-Roll/Fahrzeuge auf dem Hof/C0827.MP4,0.2,0.1,3840,2160,2
03_Projekt-MAN Frauen in der Werkstatt,03_Projekt-MAN Frauen in der Werkstatt/03_Medien/05_Footage sortiert/02_B-Roll/Fahrzeuge auf dem Hof/C0836.MP4,0.2,0.1,3840,2160,2
03_Projekt-MAN Frauen in der Werkstatt,03_Projekt-MAN Frauen in der Werkstatt/03_Medien/05_Footage sortiert/02_B-Roll/Fahrzeuge auf dem Hof/C0846.MP4,0.2,0.1,3840,2160,2
03_Projekt-MAN Frauen in der Werkstatt,03_Projekt-MAN Frauen in der Werkstatt/03_Medien/05_Footage sortiert/02_B-Roll/Fahrzeuge auf dem Hof/C0869.MP4,0.2,0.1,3840,2160,2
03_Projekt-MAN Frauen in der Werkstatt,03_Projekt-MAN Frauen in der Werkstatt/03_Medien/05_Footage sortiert/02_B-Roll/Fahrzeuge auf dem Hof/C0875.MP4,0.2,0.1,3840,2160,2
03_Projekt-MAN Frauen in der Werkstatt,03_Projekt-MAN Frauen in der Werkstatt/03_Medien/05_Footage sortiert/02_B-Roll/Fahrzeuge auf dem Hof/C0890.MP4,0.2,0.1,3840,2160,2
03_Projekt-MAN Frauen in der Werkstatt,03_Projekt-MAN Frauen in der Werkstatt/03_Medien/05_Footage sortiert/02_B-Roll/Fahrzeuge auf dem Hof/C0897.MP4,0.2,0.1,3840,2160,2
03_Projekt-MAN Frauen in der Werkstatt,03_Projekt-MAN Frauen in der Werkstatt/03_Medien/05_Footage sortiert/1.2 Kompetenz fährt vor/Hook-Szene/FX3_0477.MP4,0.2,0.2,3840,2160,2
03_Projekt-MAN Frauen in der Werkstatt,03_Projekt-MAN Frauen in der Werkstatt/03_Medien/05_Footage sortiert/1.2 Kompetenz fährt vor/Hook-Szene/FX3_0487.MP4,0.2,0.1,3840,2160,2
03_Projekt-MAN Frauen in der Werkstatt,03_Projekt-MAN Frauen in der Werkstatt/03_Medien/05_Footage sortiert/1.2 Kompetenz fährt vor/Hook-Szene/C9257.MP4,0.2,0.1,3840,2160,2
03_Projekt-MAN Frauen in der Werkstatt,03_Projekt-MAN Frauen in der Werkstatt/03_Medien/05_Footage sortiert/1.2 Kompetenz fährt vor/Hook-Szene/C9264.MP4,0.2,0.1,3840,2160,2
03_Projekt-MAN Frauen in der Werkstatt,03_Projekt-MAN Frauen in der Werkstatt/03_Medien/05_Footage sortiert/1.2 Kompetenz fährt vor/Hook-Szene/C9271.MP4,0.2,0.1,3840,2160,2
03_Projekt-MAN Frauen in der Werkstatt,03_Projekt-MAN Frauen in der Werkstatt/03_Medien/05_Footage sortiert/1.2 Kompetenz fährt vor/Hook-Szene/C9277.MP4,0.2,0.1,3840,2160,2
03_Projekt-MAN Frauen in der Werkstatt,03_Projekt-MAN Frauen in der Werkstatt/03_Medien/05_Footage sortiert/1.2 Kompetenz fährt vor/Hook-Szene/C9278.MP4,0.2,0.1,3840,2160,2
03_Projekt-MAN Frauen in der Werkstatt,03_Projekt-MAN Frauen in der Werkstatt/03_Medien/05_Footage sortiert/1.2 Kompetenz fährt vor/Hook-Szene/C9284.MP4,0.2,0.1,3840,2160,2
03_Projekt-MAN Frauen in der Werkstatt,03_Projekt-MAN Frauen in der Werkstatt/04_Exportiert/4.1 Kompetenz zählt/4.1 Kompetenz zählt_V4.mov,0.19,1.2,2160,3840,2
03_Projekt-MAN Frauen in der Werkstatt,03_Projekt-MAN Frauen in der Werkstatt/04_Exportiert/4.1 Kompetenz zählt/4.1 Kompetenz zählt_V5.mov,0.19,1.2,2160,3840,2
03_Projekt-MAN Frauen in der Werkstatt,03_Projekt-MAN Frauen in der Werkstatt/03_Medien/05_Footage sortiert/01_Interviews/02_Interview Tobi NFZ/01_Perspektive A/Proxy/FX3_0490.mov,0.19,4.0,540,960,2
03_Projekt-MAN Frauen in der Werkstatt,03_Projekt-MAN Frauen in der Werkstatt/03_Medien/01_Footage/Kamera-C Fuji DN/DSCF8137.MOV,0.19,0.3,3840,2160,2
03_Projekt-MAN Frauen in der Werkstatt,03_Projekt-MAN Frauen in der Werkstatt/03_Medien/01_Footage/Kamera-C Fuji DN/DSCF8135.MOV,0.19,0.3,3840,2160,2
03_Projekt-MAN Frauen in der Werkstatt,03_Projekt-MAN Frauen in der Werkstatt/05_Finale Videos/4.2.2 Kompetenz fährt vor_V7 Ohne Anfangszene_UT_V2.mov,0.18,1.2,2160,3840,2
03_Projekt-MAN Frauen in der Werkstatt,03_Projekt-MAN Frauen in der Werkstatt/04_Exportiert/4.2 Kompetenz fährt vor/4.2.2 Kompetenz fährt vor_V6 Ohne Anfangszene.mov,0.18,1.2,2160,3840,2
03_Projekt-MAN Frauen in der Werkstatt,03_Projekt-MAN Frauen in der Werkstatt/04_Exportiert/4.2 Kompetenz fährt vor/4.2.2 Kompetenz fährt vor_V7 Ohne Anfangszene.mov,0.18,1.2,2160,3840,2
03_Projekt-MAN Frauen in der Werkstatt,03_Projekt-MAN Frauen in der Werkstatt/04_Exportiert/4.2 Kompetenz fährt vor/4.2.2 Kompetenz fährt vor_V7 Ohne Anfangszene_UT_V2.mov,0.18,1.2,2160,3840,2
03_Projekt-MAN Frauen in der Werkstatt,03_Projekt-MAN Frauen in der Werkstatt/04_Exportiert/4.2 Kompetenz fährt vor/4.2.2 Kompetenz fährt vor_V7 Ohne Anfangszene_UT_V1.mov,0.18,1.2,2160,3840,2
03_Projekt-MAN Frauen in der Werkstatt,03_Projekt-MAN Frauen in der Werkstatt/04_Exportiert/4.1 Kompetenz zählt/4.1 Kompetenz zählt_V1.mov,0.18,1.0,2160,3840,2
03_Projekt-MAN Frauen in der Werkstatt,03_Projekt-MAN Frauen in der Werkstatt/04_Exportiert/4.1 Kompetenz zählt/4.1 Kompetenz zählt_V2.mov,0.18,1.2,2160,3840,2
03_Projekt-MAN Frauen in der Werkstatt,03_Projekt-MAN Frauen in der Werkstatt/04_Exportiert/4.1 Kompetenz zählt/4.1 Kompetenz zählt_V3.mov,0.18,1.2,2160,3840,2
03_Projekt-MAN Frauen in der Werkstatt,03_Projekt-MAN Frauen in der Werkstatt/03_Medien/05_Footage sortiert/02_B-Roll/Grüner LKW/Proxy/FX3_0431.mov,0.18,2.5,540,960,2
03_Projekt-MAN Frauen in der Werkstatt,03_Projekt-MAN Frauen in der Werkstatt/03_Medien/05_Footage sortiert/01_Interviews/02_Interview Tobi NFZ/02_Perspektive B/Proxy/C9295.mov,0.18,3.8,540,960,2
03_Projekt-MAN Frauen in der Werkstatt,03_Projekt-MAN Frauen in der Werkstatt/03_Medien/01_Footage/Kamera-C Fuji DN/DSCF8018.MOV,0.18,0.2,3840,2160,2
03_Projekt-MAN Frauen in der Werkstatt,03_Projekt-MAN Frauen in der Werkstatt/03_Medien/01_Footage/Kamera-C Fuji DN/DSCF8012.MOV,0.18,0.2,3840,2160,2
03_Projekt-MAN Frauen in der Werkstatt,03_Projekt-MAN Frauen in der Werkstatt/03_Medien/01_Footage/Kamera-C Fuji DN/DSCF7826.MOV,0.18,0.2,3840,2160,2
03_Projekt-MAN Frauen in der Werkstatt,03_Projekt-MAN Frauen in der Werkstatt/05_Finale Videos/4.1 Kompetenz zählt_V8_UT_V2.mov,0.17,1.1,2160,3840,2
03_Projekt-MAN Frauen in der Werkstatt,03_Projekt-MAN Frauen in der Werkstatt/04_Exportiert/4.1 Kompetenz zählt/4.1 Kompetenz zählt_V6.mov,0.17,1.1,2160,3840,2
03_Projekt-MAN Frauen in der Werkstatt,03_Projekt-MAN Frauen in der Werkstatt/04_Exportiert/4.1 Kompetenz zählt/4.1 Kompetenz zählt_V7.mov,0.17,1.1,2160,3840,2
03_Projekt-MAN Frauen in der Werkstatt,03_Projekt-MAN Frauen in der Werkstatt/04_Exportiert/4.1 Kompetenz zählt/4.1 Kompetenz zählt_V8.mov,0.17,1.1,2160,3840,2
03_Projekt-MAN Frauen in der Werkstatt,03_Projekt-MAN Frauen in der Werkstatt/04_Exportiert/4.1 Kompetenz zählt/4.1 Kompetenz zählt_V8_UT_V2.mov,0.17,1.1,2160,3840,2
03_Projekt-MAN Frauen in der Werkstatt,03_Projekt-MAN Frauen in der Werkstatt/04_Exportiert/4.1 Kompetenz zählt/4.1 Kompetenz zählt_V8_UT_V1.mov,0.17,1.1,2160,3840,2
03_Projekt-MAN Frauen in der Werkstatt,"03_Projekt-MAN Frauen in der Werkstatt/04_Exportiert/4.3 Klischee fällt, Kompetenz führt/4.3 Klischee fällt, Kompetenz führt_V3.mov",0.17,1.1,2160,3840,2
03_Projekt-MAN Frauen in der Werkstatt,03_Projekt-MAN Frauen in der Werkstatt/03_Medien/05_Footage sortiert/Actioncam/Proxy/DJI_20251211154557_0147_D.mov,0.17,2.5,540,960,2
03_Projekt-MAN Frauen in der Werkstatt,03_Projekt-MAN Frauen in der Werkstatt/03_Medien/01_Footage/Kamera-C Fuji DN/DSCF8126.MOV,0.17,0.2,3840,2160,2
03_Projekt-MAN Frauen in der Werkstatt,03_Projekt-MAN Frauen in der Werkstatt/03_Medien/01_Footage/Kamera-C Fuji DN/DSCF7887.MOV,0.17,0.2,3840,2160,2
03_Projekt-MAN Frauen in der Werkstatt,"03_Projekt-MAN Frauen in der Werkstatt/04_Exportiert/4.3 Klischee fällt, Kompetenz führt/4.3 Klischee fällt, Kompetenz führt_V2.mov",0.16,1.0,2160,3840,2
03_Projekt-MAN Frauen in der Werkstatt,03_Projekt-MAN Frauen in der Werkstatt/04_Exportiert/5.1 MAN Edit/5.1 MAN Edit_V1.mov,0.16,0.5,2160,3840,2
03_Projekt-MAN Frauen in der Werkstatt,03_Projekt-MAN Frauen in der Werkstatt/03_Medien/05_Footage sortiert/Actioncam/DJI_20251211151715_0144_D.MP4,0.16,0.2,3840,2880,2
03_Projekt-MAN Frauen in der Werkstatt,03_Projekt-MAN Frauen in der Werkstatt/03_Medien/05_Footage sortiert/Drohnenfootage/Proxy/DJI_20251211161349_0003_D.mov,0.16,2.4,960,540,0
03_Projekt-MAN Frauen in der Werkstatt,03_Projekt-MAN Frauen in der Werkstatt/03_Medien/05_Footage sortiert/Drohnenfootage/Proxy/DJI_20251211161349_0003_D_stabilized.mov,0.16,2.4,960,540,0
03_Projekt-MAN Frauen in der Werkstatt,03_Projekt-MAN Frauen in der Werkstatt/03_Medien/01_Footage/Kamera-C Fuji DN/DSCF7698.MOV,0.16,0.2,3840,2160,2
03_Projekt-MAN Frauen in der Werkstatt,"03_Projekt-MAN Frauen in der Werkstatt/04_Exportiert/4.3 Klischee fällt, Kompetenz führt/4.3 Klischee fällt, Kompetenz führt_V1.mov",0.15,0.9,2160,3840,2
03_Projekt-MAN Frauen in der Werkstatt,03_Projekt-MAN Frauen in der Werkstatt/03_Medien/01_Footage/Kamera-C Fuji DN/DSCF8128.MOV,0.15,0.2,3840,2160,2
03_Projekt-MAN Frauen in der Werkstatt,03_Projekt-MAN Frauen in der Werkstatt/03_Medien/01_Footage/Kamera-C Fuji DN/DSCF8011.MOV,0.15,0.2,3840,2160,2
03_Projekt-MAN Frauen in der Werkstatt,"03_Projekt-MAN Frauen in der Werkstatt/05_Finale Videos/4.3 Klischee fällt, Kompetenz führt_V6_UT_V2.mov",0.14,1.0,2160,3840,2
03_Projekt-MAN Frauen in der Werkstatt,"03_Projekt-MAN Frauen in der Werkstatt/04_Exportiert/4.3 Klischee fällt, Kompetenz führt/4.3 Klischee fällt, Kompetenz führt_V4.mov",0.14,1.0,2160,3840,2
03_Projekt-MAN Frauen in der Werkstatt,"03_Projekt-MAN Frauen in der Werkstatt/04_Exportiert/4.3 Klischee fällt, Kompetenz führt/4.3 Klischee fällt, Kompetenz führt_V5.mov",0.14,1.0,2160,3840,2
03_Projekt-MAN Frauen in der Werkstatt,"03_Projekt-MAN Frauen in der Werkstatt/04_Exportiert/4.3 Klischee fällt, Kompetenz führt/4.3 Klischee fällt, Kompetenz führt_V6.mov",0.14,1.0,2160,3840,2
03_Projekt-MAN Frauen in der Werkstatt,"03_Projekt-MAN Frauen in der Werkstatt/04_Exportiert/4.3 Klischee fällt, Kompetenz führt/4.3 Klischee fällt, Kompetenz führt_V6_UT_V1.mov",0.14,1.0,2160,3840,2
03_Projekt-MAN Frauen in der Werkstatt,"03_Projekt-MAN Frauen in der Werkstatt/04_Exportiert/4.3 Klischee fällt, Kompetenz führt/4.3 Klischee fällt, Kompetenz führt_V6_UT_V2.mov",0.14,1.0,2160,3840,2
03_Projekt-MAN Frauen in der Werkstatt,03_Projekt-MAN Frauen in der Werkstatt/03_Medien/05_Footage sortiert/Drohnenfootage/Proxy/DJI_20251211162114_0005_D.mov,0.14,2.0,960,540,0
03_Projekt-MAN Frauen in der Werkstatt,03_Projekt-MAN Frauen in der Werkstatt/03_Medien/05_Footage sortiert/Drohnenfootage/Proxy/DJI_20251211162114_0005_D_stabilized.mov,0.14,2.0,960,540,0
03_Projekt-MAN Frauen in der Werkstatt,03_Projekt-MAN Frauen in der Werkstatt/03_Medien/02_Assets/05_Sonstiges/Ai Generiert/Proxy/z_Upload-Image---Internal-Only-Style-41700fd9.mov,0.14,0.1,1212,2152,0
03_Projekt-MAN Frauen in der Werkstatt,03_Projekt-MAN Frauen in der Werkstatt/03_Medien/01_Footage/Kamera-C Fuji DN/DSCF7711.MOV,0.14,0.2,3840,2160,2
03_Projekt-MAN Frauen in der Werkstatt,03_Projekt-MAN Frauen in der Werkstatt/03_Medien/05_Footage sortiert/Lagerfootage/FX3_0541.MP4,0.13,0.1,3840,2160,2
03_Projekt-MAN Frauen in der Werkstatt,03_Projekt-MAN Frauen in der Werkstatt/03_Medien/05_Footage sortiert/Lagerfootage/C0753.MP4,0.13,0.0,3840,2160,2
03_Projekt-MAN Frauen in der Werkstatt,03_Projekt-MAN Frauen in der Werkstatt/03_Medien/05_Footage sortiert/Lagerfootage/C0756.MP4,0.13,0.1,3840,2160,2
03_Projekt-MAN Frauen in der Werkstatt,03_Projekt-MAN Frauen in der Werkstatt/03_Medien/05_Footage sortiert/Lagerfootage/C0759.MP4,0.13,0.1,3840,2160,2
03_Projekt-MAN Frauen in der Werkstatt,03_Projekt-MAN Frauen in der Werkstatt/03_Medien/05_Footage sortiert/Lagerfootage/C0762.MP4,0.13,0.0,3840,2160,2
03_Projekt-MAN Frauen in der Werkstatt,03_Projekt-MAN Frauen in der Werkstatt/03_Medien/05_Footage sortiert/Lagerfootage/C0765.MP4,0.13,0.0,3840,2160,2
03_Projekt-MAN Frauen in der Werkstatt,03_Projekt-MAN Frauen in der Werkstatt/03_Medien/05_Footage sortiert/Lagerfootage/C0768.MP4,0.13,0.1,3840,2160,2
03_Projekt-MAN Frauen in der Werkstatt,03_Projekt-MAN Frauen in der Werkstatt/03_Medien/05_Footage sortiert/02_B-Roll/Grüner LKW/FX3_0392.MP4,0.13,0.1,3840,2160,2
03_Projekt-MAN Frauen in der Werkstatt,03_Projekt-MAN Frauen in der Werkstatt/03_Medien/05_Footage sortiert/02_B-Roll/Grüner LKW/FX3_0415.MP4,0.13,0.1,3840,2160,2
03_Projekt-MAN Frauen in der Werkstatt,03_Projekt-MAN Frauen in der Werkstatt/03_Medien/05_Footage sortiert/02_B-Roll/Grüner LKW/FX3_0444.MP4,0.13,0.0,3840,2160,2
03_Projekt-MAN Frauen in der Werkstatt,03_Projekt-MAN Frauen in der Werkstatt/03_Medien/05_Footage sortiert/02_B-Roll/Grüner LKW/FX3_0462.MP4,0.13,0.1,3840,2160,2
03_Projekt-MAN Frauen in der Werkstatt,03_Projekt-MAN Frauen in der Werkstatt/03_Medien/05_Footage sortiert/02_B-Roll/Grüner LKW/FX3_0464.MP4,0.13,0.1,3840,2160,2
03_Projekt-MAN Frauen in der Werkstatt,03_Projekt-MAN Frauen in der Werkstatt/03_Medien/05_Footage sortiert/02_B-Roll/Grüner LKW/C8961.MP4,0.13,0.1,3840,2160,2
03_Projekt-MAN Frauen in der Werkstatt,03_Projekt-MAN Frauen in der Werkstatt/03_Medien/05_Footage sortiert/02_B-Roll/Grüner LKW/C8962.MP4,0.13,0.1,3840,2160,2
03_Projekt-MAN Frauen in der Werkstatt,03_Projekt-MAN Frauen in der Werkstatt/03_Medien/05_Footage sortiert/02_B-Roll/Grüner LKW/C8964.MP4,0.13,0.0,3840,2160,2
03_Projekt-MAN Frauen in der Werkstatt,03_Projekt-MAN Frauen in der Werkstatt/03_Medien/05_Footage sortiert/02_B-Roll/Grüner LKW/C8967.MP4,0.13,0.0,3840,2160,2
03_Projekt-MAN Frauen in der Werkstatt,03_Projekt-MAN Frauen in der Werkstatt/03_Medien/05_Footage sortiert/02_B-Roll/Grüner LKW/C8970.MP4,0.13,0.0,3840,2160,2
03_Projekt-MAN Frauen in der Werkstatt,03_Projekt-MAN Frauen in der Werkstatt/03_Medien/05_Footage sortiert/02_B-Roll/Grüner LKW/C8971.MP4,0.13,0.1,3840,2160,2
03_Projekt-MAN Frauen in der Werkstatt,03_Projekt-MAN Frauen in der Werkstatt/03_Medien/05_Footage sortiert/02_B-Roll/Grüner LKW/C8972.MP4,0.13,0.1,3840,2160,2
03_Projekt-MAN Frauen in der Werkstatt,03_Projekt-MAN Frauen in der Werkstatt/03_Medien/05_Footage sortiert/02_B-Roll/Grüner LKW/C8974.MP4,0.13,0.1,3840,2160,2
03_Projekt-MAN Frauen in der Werkstatt,03_Projekt-MAN Frauen in der Werkstatt/03_Medien/05_Footage sortiert/02_B-Roll/Grüner LKW/C8975.MP4,0.13,0.1,3840,2160,2
03_Projekt-MAN Frauen in der Werkstatt,03_Projekt-MAN Frauen in der Werkstatt/03_Medien/05_Footage sortiert/02_B-Roll/Grüner LKW/C8976.MP4,0.13,0.1,3840,2160,2
03_Projekt-MAN Frauen in der Werkstatt,03_Projekt-MAN Frauen in der Werkstatt/03_Medien/05_Footage sortiert/02_B-Roll/Grüner LKW/C8978.MP4,0.13,0.0,3840,2160,2
03_Projekt-MAN Frauen in der Werkstatt,03_Projekt-MAN Frauen in der Werkstatt/03_Medien/05_Footage sortiert/02_B-Roll/Grüner LKW/C8979.MP4,0.13,0.1,3840,2160,2
03_Projekt-MAN Frauen in der Werkstatt,03_Projekt-MAN Frauen in der Werkstatt/03_Medien/05_Footage sortiert/02_B-Roll/Grüner LKW/C8981.MP4,0.13,0.1,3840,2160,2
03_Projekt-MAN Frauen in der Werkstatt,03_Projekt-MAN Frauen in der Werkstatt/03_Medien/05_Footage sortiert/02_B-Roll/Grüner LKW/C8986.MP4,0.13,0.1,3840,2160,2
03_Projekt-MAN Frauen in der Werkstatt,03_Projekt-MAN Frauen in der Werkstatt/03_Medien/05_Footage sortiert/02_B-Roll/Grüner LKW/C8987.MP4,0.13,0.1,3840,2160,2
03_Projekt-MAN Frauen in der Werkstatt,03_Projekt-MAN Frauen in der Werkstatt/03_Medien/05_Footage sortiert/02_B-Roll/Grüner LKW/C8993.MP4,0.13,0.1,3840,2160,2
03_Projekt-MAN Frauen in der Werkstatt,03_Projekt-MAN Frauen in der Werkstatt/03_Medien/05_Footage sortiert/02_B-Roll/Grüner LKW/C8996.MP4,0.13,0.1,3840,2160,2
03_Projekt-MAN Frauen in der Werkstatt,03_Projekt-MAN Frauen in der Werkstatt/03_Medien/05_Footage sortiert/02_B-Roll/Grüner LKW/C8997.MP4,0.13,0.1,3840,2160,2
03_Projekt-MAN Frauen in der Werkstatt,03_Projekt-MAN Frauen in der Werkstatt/03_Medien/05_Footage sortiert/02_B-Roll/Grüner LKW/C8998.MP4,0.13,0.1,3840,2160,2
03_Projekt-MAN Frauen in der Werkstatt,03_Projekt-MAN Frauen in der Werkstatt/03_Medien/05_Footage sortiert/02_B-Roll/Grüner LKW/C8999.MP4,0.13,0.0,3840,2160,2
03_Projekt-MAN Frauen in der Werkstatt,03_Projekt-MAN Frauen in der Werkstatt/03_Medien/05_Footage sortiert/02_B-Roll/Grüner LKW/C9001.MP4,0.13,0.0,3840,2160,2
03_Projekt-MAN Frauen in der Werkstatt,03_Projekt-MAN Frauen in der Werkstatt/03_Medien/05_Footage sortiert/02_B-Roll/Grüner LKW/C9005.MP4,0.13,0.1,3840,2160,2
03_Projekt-MAN Frauen in der Werkstatt,03_Projekt-MAN Frauen in der Werkstatt/03_Medien/05_Footage sortiert/02_B-Roll/Grüner LKW/C9009.MP4,0.13,0.1,3840,2160,2
03_Projekt-MAN Frauen in der Werkstatt,03_Projekt-MAN Frauen in der Werkstatt/03_Medien/05_Footage sortiert/02_B-Roll/Grüner LKW/C9024.MP4,0.13,0.0,3840,2160,2
03_Projekt-MAN Frauen in der Werkstatt,03_Projekt-MAN Frauen in der Werkstatt/03_Medien/05_Footage sortiert/02_B-Roll/Grüner LKW/C9025.MP4,0.13,0.1,3840,2160,2
03_Projekt-MAN Frauen in der Werkstatt,03_Projekt-MAN Frauen in der Werkstatt/03_Medien/05_Footage sortiert/02_B-Roll/Grüner LKW/C9030.MP4,0.13,0.0,3840,2160,2
03_Projekt-MAN Frauen in der Werkstatt,03_Projekt-MAN Frauen in der Werkstatt/03_Medien/05_Footage sortiert/02_B-Roll/Grüner LKW/C9056.MP4,0.13,0.0,3840,2160,2
03_Projekt-MAN Frauen in der Werkstatt,03_Projekt-MAN Frauen in der Werkstatt/03_Medien/05_Footage sortiert/02_B-Roll/Grüner LKW/C9057.MP4,0.13,0.1,3840,2160,2
03_Projekt-MAN Frauen in der Werkstatt,03_Projekt-MAN Frauen in der Werkstatt/03_Medien/05_Footage sortiert/02_B-Roll/Grüner LKW/C9061.MP4,0.13,0.1,3840,2160,2
03_Projekt-MAN Frauen in der Werkstatt,03_Projekt-MAN Frauen in der Werkstatt/03_Medien/05_Footage sortiert/02_B-Roll/Grüner LKW/C9064.MP4,0.13,0.1,3840,2160,2
03_Projekt-MAN Frauen in der Werkstatt,03_Projekt-MAN Frauen in der Werkstatt/03_Medien/05_Footage sortiert/02_B-Roll/Grüner LKW/C9065.MP4,0.13,0.0,3840,2160,2
03_Projekt-MAN Frauen in der Werkstatt,03_Projekt-MAN Frauen in der Werkstatt/03_Medien/05_Footage sortiert/02_B-Roll/Grüner LKW/C9067.MP4,0.13,0.1,3840,2160,2
03_Projekt-MAN Frauen in der Werkstatt,03_Projekt-MAN Frauen in der Werkstatt/03_Medien/05_Footage sortiert/02_B-Roll/Grüner LKW/C9069.MP4,0.13,0.1,3840,2160,2
03_Projekt-MAN Frauen in der Werkstatt,03_Projekt-MAN Frauen in der Werkstatt/03_Medien/05_Footage sortiert/02_B-Roll/Grüner LKW/C9073.MP4,0.13,0.1,3840,2160,2
03_Projekt-MAN Frauen in der Werkstatt,03_Projekt-MAN Frauen in der Werkstatt/03_Medien/05_Footage sortiert/02_B-Roll/Grüner LKW/C9074.MP4,0.13,0.1,3840,2160,2
03_Projekt-MAN Frauen in der Werkstatt,03_Projekt-MAN Frauen in der Werkstatt/03_Medien/05_Footage sortiert/02_B-Roll/Grüner LKW/C9080.MP4,0.13,0.1,3840,2160,2
03_Projekt-MAN Frauen in der Werkstatt,03_Projekt-MAN Frauen in der Werkstatt/03_Medien/05_Footage sortiert/02_B-Roll/Grüner LKW/C9081.MP4,0.13,0.1,3840,2160,2
03_Projekt-MAN Frauen in der Werkstatt,03_Projekt-MAN Frauen in der Werkstatt/03_Medien/05_Footage sortiert/02_B-Roll/Grüner LKW/C9088.MP4,0.13,0.1,3840,2160,2
03_Projekt-MAN Frauen in der Werkstatt,03_Projekt-MAN Frauen in der Werkstatt/03_Medien/05_Footage sortiert/02_B-Roll/Grüner LKW/C9089.MP4,0.13,0.1,3840,2160,2
03_Projekt-MAN Frauen in der Werkstatt,03_Projekt-MAN Frauen in der Werkstatt/03_Medien/05_Footage sortiert/02_B-Roll/Grüner LKW/C9091.MP4,0.13,0.1,3840,2160,2
03_Projekt-MAN Frauen in der Werkstatt,03_Projekt-MAN Frauen in der Werkstatt/03_Medien/05_Footage sortiert/02_B-Roll/Grüner LKW/C9094.MP4,0.13,0.1,3840,2160,2
03_Projekt-MAN Frauen in der Werkstatt,03_Projekt-MAN Frauen in der Werkstatt/03_Medien/05_Footage sortiert/02_B-Roll/Grüner LKW/C9095.MP4,0.13,0.0,3840,2160,2
03_Projekt-MAN Frauen in der Werkstatt,03_Projekt-MAN Frauen in der Werkstatt/03_Medien/05_Footage sortiert/02_B-Roll/Grüner LKW/C9103.MP4,0.13,0.0,3840,2160,2
03_Projekt-MAN Frauen in der Werkstatt,03_Projekt-MAN Frauen in der Werkstatt/03_Medien/05_Footage sortiert/02_B-Roll/Grüner LKW/C9105.MP4,0.13,0.1,3840,2160,2
03_Projekt-MAN Frauen in der Werkstatt,03_Projekt-MAN Frauen in der Werkstatt/03_Medien/05_Footage sortiert/02_B-Roll/Grüner LKW/C9109.MP4,0.13,0.1,3840,2160,2
03_Projekt-MAN Frauen in der Werkstatt,03_Projekt-MAN Frauen in der Werkstatt/03_Medien/05_Footage sortiert/02_B-Roll/Grüner LKW/C9113.MP4,0.13,0.1,3840,2160,2
03_Projekt-MAN Frauen in der Werkstatt,03_Projekt-MAN Frauen in der Werkstatt/03_Medien/05_Footage sortiert/02_B-Roll/Grüner LKW/C9118.MP4,0.13,0.1,3840,2160,2
03_Projekt-MAN Frauen in der Werkstatt,03_Projekt-MAN Frauen in der Werkstatt/03_Medien/05_Footage sortiert/02_B-Roll/Grüner LKW/C9119.MP4,0.13,0.1,3840,2160,2
03_Projekt-MAN Frauen in der Werkstatt,03_Projekt-MAN Frauen in der Werkstatt/03_Medien/05_Footage sortiert/02_B-Roll/Grüner LKW/C9125.MP4,0.13,0.1,3840,2160,2
03_Projekt-MAN Frauen in der Werkstatt,03_Projekt-MAN Frauen in der Werkstatt/03_Medien/05_Footage sortiert/02_B-Roll/Grüner LKW/C9128.MP4,0.13,0.1,3840,2160,2
03_Projekt-MAN Frauen in der Werkstatt,03_Projekt-MAN Frauen in der Werkstatt/03_Medien/05_Footage sortiert/02_B-Roll/Grüner LKW/C9129.MP4,0.13,0.1,3840,2160,2
03_Projekt-MAN Frauen in der Werkstatt,03_Projekt-MAN Frauen in der Werkstatt/03_Medien/05_Footage sortiert/02_B-Roll/Grüner LKW/C9133.MP4,0.13,0.0,3840,2160,2
03_Projekt-MAN Frauen in der Werkstatt,03_Projekt-MAN Frauen in der Werkstatt/03_Medien/05_Footage sortiert/02_B-Roll/Grüner LKW/C9136.MP4,0.13,0.1,3840,2160,2
03_Projekt-MAN Frauen in der Werkstatt,03_Projekt-MAN Frauen in der Werkstatt/03_Medien/05_Footage sortiert/02_B-Roll/Grüner LKW/C9143.MP4,0.13,0.0,3840,2160,2
03_Projekt-MAN Frauen in der Werkstatt,03_Projekt-MAN Frauen in der Werkstatt/03_Medien/05_Footage sortiert/02_B-Roll/Grüner LKW/C9146.MP4,0.13,0.1,3840,2160,2
03_Projekt-MAN Frauen in der Werkstatt,03_Projekt-MAN Frauen in der Werkstatt/03_Medien/05_Footage sortiert/02_B-Roll/Grüner LKW/C9156.MP4,0.13,0.0,3840,2160,2
03_Projekt-MAN Frauen in der Werkstatt,03_Projekt-MAN Frauen in der Werkstatt/03_Medien/05_Footage sortiert/02_B-Roll/Grüner LKW/C9159.MP4,0.13,0.1,3840,2160,2
03_Projekt-MAN Frauen in der Werkstatt,03_Projekt-MAN Frauen in der Werkstatt/03_Medien/05_Footage sortiert/02_B-Roll/Grüner LKW/C9163.MP4,0.13,0.1,3840,2160,2
03_Projekt-MAN Frauen in der Werkstatt,03_Projekt-MAN Frauen in der Werkstatt/03_Medien/05_Footage sortiert/02_B-Roll/Grüner LKW/C9164.MP4,0.13,0.1,3840,2160,2
03_Projekt-MAN Frauen in der Werkstatt,03_Projekt-MAN Frauen in der Werkstatt/03_Medien/05_Footage sortiert/02_B-Roll/Grüner LKW/C9165.MP4,0.13,0.0,3840,2160,2
03_Projekt-MAN Frauen in der Werkstatt,03_Projekt-MAN Frauen in der Werkstatt/03_Medien/05_Footage sortiert/02_B-Roll/Grüner LKW/C9167.MP4,0.13,0.1,3840,2160,2
03_Projekt-MAN Frauen in der Werkstatt,03_Projekt-MAN Frauen in der Werkstatt/03_Medien/05_Footage sortiert/02_B-Roll/Grüner LKW/C9170.MP4,0.13,0.1,3840,2160,2
03_Projekt-MAN Frauen in der Werkstatt,03_Projekt-MAN Frauen in der Werkstatt/03_Medien/05_Footage sortiert/02_B-Roll/Grüner LKW/C9171.MP4,0.13,0.1,3840,2160,2
03_Projekt-MAN Frauen in der Werkstatt,03_Projekt-MAN Frauen in der Werkstatt/03_Medien/05_Footage sortiert/02_B-Roll/Grüner LKW/C9174.MP4,0.13,0.1,3840,2160,2
03_Projekt-MAN Frauen in der Werkstatt,03_Projekt-MAN Frauen in der Werkstatt/03_Medien/05_Footage sortiert/02_B-Roll/Grüner LKW/C9176.MP4,0.13,0.0,3840,2160,2
03_Projekt-MAN Frauen in der Werkstatt,03_Projekt-MAN Frauen in der Werkstatt/03_Medien/05_Footage sortiert/02_B-Roll/Grüner LKW/C9180.MP4,0.13,0.0,3840,2160,2
03_Projekt-MAN Frauen in der Werkstatt,03_Projekt-MAN Frauen in der Werkstatt/03_Medien/05_Footage sortiert/02_B-Roll/Grüner LKW/C9183.MP4,0.13,0.1,3840,2160,2
03_Projekt-MAN Frauen in der Werkstatt,03_Projekt-MAN Frauen in der Werkstatt/03_Medien/05_Footage sortiert/02_B-Roll/Grüner LKW/C9193.MP4,0.13,0.1,3840,2160,2
03_Projekt-MAN Frauen in der Werkstatt,03_Projekt-MAN Frauen in der Werkstatt/03_Medien/05_Footage sortiert/02_B-Roll/Grüner LKW/C9199.MP4,0.13,0.1,3840,2160,2
03_Projekt-MAN Frauen in der Werkstatt,03_Projekt-MAN Frauen in der Werkstatt/03_Medien/05_Footage sortiert/02_B-Roll/Grüner LKW/C9200.MP4,0.13,0.0,3840,2160,2
03_Projekt-MAN Frauen in der Werkstatt,03_Projekt-MAN Frauen in der Werkstatt/03_Medien/05_Footage sortiert/02_B-Roll/Grüner LKW/C9205.MP4,0.13,0.0,3840,2160,2
03_Projekt-MAN Frauen in der Werkstatt,03_Projekt-MAN Frauen in der Werkstatt/03_Medien/05_Footage sortiert/02_B-Roll/Grüner LKW/C9212.MP4,0.13,0.1,3840,2160,2
03_Projekt-MAN Frauen in der Werkstatt,03_Projekt-MAN Frauen in der Werkstatt/03_Medien/05_Footage sortiert/02_B-Roll/Grüner LKW/C9217.MP4,0.13,0.0,3840,2160,2
03_Projekt-MAN Frauen in der Werkstatt,03_Projekt-MAN Frauen in der Werkstatt/03_Medien/05_Footage sortiert/02_B-Roll/Grüner LKW/C9219.MP4,0.13,0.0,3840,2160,2
03_Projekt-MAN Frauen in der Werkstatt,03_Projekt-MAN Frauen in der Werkstatt/03_Medien/05_Footage sortiert/02_B-Roll/Grüner LKW/C9221.MP4,0.13,0.1,3840,2160,2
03_Projekt-MAN Frauen in der Werkstatt,03_Projekt-MAN Frauen in der Werkstatt/03_Medien/05_Footage sortiert/02_B-Roll/Grüner LKW/C9228.MP4,0.13,0.0,3840,2160,2
03_Projekt-MAN Frauen in der Werkstatt,03_Projekt-MAN Frauen in der Werkstatt/03_Medien/05_Footage sortiert/02_B-Roll/Grüner LKW/C9229.MP4,0.13,0.1,3840,2160,2
03_Projekt-MAN Frauen in der Werkstatt,03_Projekt-MAN Frauen in der Werkstatt/03_Medien/05_Footage sortiert/02_B-Roll/Allgemeine Tätigkeiten/C0737.MP4,0.13,0.1,3840,2160,2
03_Projekt-MAN Frauen in der Werkstatt,03_Projekt-MAN Frauen in der Werkstatt/03_Medien/05_Footage sortiert/02_B-Roll/Allgemeine Tätigkeiten/C0744.MP4,0.13,0.1,3840,2160,2
03_Projekt-MAN Frauen in der Werkstatt,03_Projekt-MAN Frauen in der Werkstatt/03_Medien/05_Footage sortiert/02_B-Roll/Allgemeine Tätigkeiten/C0747.MP4,0.13,0.1,3840,2160,2
03_Projekt-MAN Frauen in der Werkstatt,03_Projekt-MAN Frauen in der Werkstatt/03_Medien/05_Footage sortiert/02_B-Roll/Allgemeine Tätigkeiten/C0750.MP4,0.13,0.1,3840,2160,2
03_Projekt-MAN Frauen in der Werkstatt,03_Projekt-MAN Frauen in der Werkstatt/03_Medien/05_Footage sortiert/02_B-Roll/Allgemeine Tätigkeiten/C0770.MP4,0.13,0.1,3840,2160,2
03_Projekt-MAN Frauen in der Werkstatt,03_Projekt-MAN Frauen in der Werkstatt/03_Medien/05_Footage sortiert/02_B-Roll/Allgemeine Tätigkeiten/C0772.MP4,0.13,0.1,3840,2160,2
03_Projekt-MAN Frauen in der Werkstatt,03_Projekt-MAN Frauen in der Werkstatt/03_Medien/05_Footage sortiert/02_B-Roll/Allgemeine Tätigkeiten/C0773.MP4,0.13,0.0,3840,2160,2
03_Projekt-MAN Frauen in der Werkstatt,03_Projekt-MAN Frauen in der Werkstatt/03_Medien/05_Footage sortiert/02_B-Roll/Allgemeine Tätigkeiten/C0776.MP4,0.13,0.0,3840,2160,2
03_Projekt-MAN Frauen in der Werkstatt,03_Projekt-MAN Frauen in der Werkstatt/03_Medien/05_Footage sortiert/02_B-Roll/Allgemeine Tätigkeiten/C9033.MP4,0.13,0.0,3840,2160,2
03_Projekt-MAN Frauen in der Werkstatt,03_Projekt-MAN Frauen in der Werkstatt/03_Medien/05_Footage sortiert/02_B-Roll/Allgemeine Tätigkeiten/C9035.MP4,0.13,0.1,3840,2160,2
03_Projekt-MAN Frauen in der Werkstatt,03_Projekt-MAN Frauen in der Werkstatt/03_Medien/05_Footage sortiert/02_B-Roll/Allgemeine Tätigkeiten/C9038.MP4,0.13,0.0,3840,2160,2
03_Projekt-MAN Frauen in der Werkstatt,03_Projekt-MAN Frauen in der Werkstatt/03_Medien/05_Footage sortiert/02_B-Roll/Allgemeine Tätigkeiten/C9046.MP4,0.13,0.0,3840,2160,2
03_Projekt-MAN Frauen in der Werkstatt,03_Projekt-MAN Frauen in der Werkstatt/03_Medien/05_Footage sortiert/02_B-Roll/Allgemeine Tätigkeiten/C9049.MP4,0.13,0.0,3840,2160,2
03_Projekt-MAN Frauen in der Werkstatt,03_Projekt-MAN Frauen in der Werkstatt/03_Medien/05_Footage sortiert/02_B-Roll/Allgemeine Tätigkeiten/C9051.MP4,0.13,0.0,3840,2160,2
03_Projekt-MAN Frauen in der Werkstatt,03_Projekt-MAN Frauen in der Werkstatt/03_Medien/05_Footage sortiert/02_B-Roll/Allgemeine Tätigkeiten/C9356.MP4,0.13,0.1,3840,2160,2
03_Projekt-MAN Frauen in der Werkstatt,03_Projekt-MAN Frauen in der Werkstatt/03_Medien/05_Footage sortiert/02_B-Roll/Allgemeine Tätigkeiten/C9359.MP4,0.13,0.1,3840,2160,2
03_Projekt-MAN Frauen in der Werkstatt,03_Projekt-MAN Frauen in der Werkstatt/03_Medien/05_Footage sortiert/02_B-Roll/Allgemeine Tätigkeiten/C9360.MP4,0.13,0.1,3840,2160,2
03_Projekt-MAN Frauen in der Werkstatt,03_Projekt-MAN Frauen in der Werkstatt/03_Medien/05_Footage sortiert/02_B-Roll/Allgemeine Tätigkeiten/C9363.MP4,0.13,0.1,3840,2160,2
03_Projekt-MAN Frauen in der Werkstatt,03_Projekt-MAN Frauen in der Werkstatt/03_Medien/05_Footage sortiert/02_B-Roll/Allgemeine Tätigkeiten/C9364.MP4,0.13,0.0,3840,2160,2
03_Projekt-MAN Frauen in der Werkstatt,03_Projekt-MAN Frauen in der Werkstatt/03_Medien/05_Footage sortiert/02_B-Roll/Allgemeine Tätigkeiten/C9367.MP4,0.13,0.1,3840,2160,2
03_Projekt-MAN Frauen in der Werkstatt,03_Projekt-MAN Frauen in der Werkstatt/03_Medien/05_Footage sortiert/02_B-Roll/Allgemeine Tätigkeiten/C9368.MP4,0.13,0.0,3840,2160,2
03_Projekt-MAN Frauen in der Werkstatt,03_Projekt-MAN Frauen in der Werkstatt/03_Medien/05_Footage sortiert/02_B-Roll/Allgemeine Tätigkeiten/C9369.MP4,0.13,0.1,3840,2160,2
03_Projekt-MAN Frauen in der Werkstatt,03_Projekt-MAN Frauen in der Werkstatt/03_Medien/05_Footage sortiert/02_B-Roll/Allgemeine Tätigkeiten/C9370.MP4,0.13,0.1,3840,2160,2
03_Projekt-MAN Frauen in der Werkstatt,03_Projekt-MAN Frauen in der Werkstatt/03_Medien/05_Footage sortiert/02_B-Roll/Allgemeine Tätigkeiten/C9372.MP4,0.13,0.1,3840,2160,2
03_Projekt-MAN Frauen in der Werkstatt,03_Projekt-MAN Frauen in der Werkstatt/03_Medien/05_Footage sortiert/02_B-Roll/Allgemeine Tätigkeiten/C9373.MP4,0.13,0.0,3840,2160,2
03_Projekt-MAN Frauen in der Werkstatt,03_Projekt-MAN Frauen in der Werkstatt/03_Medien/05_Footage sortiert/02_B-Roll/Allgemeine Tätigkeiten/C9376.MP4,0.13,0.1,3840,2160,2
03_Projekt-MAN Frauen in der Werkstatt,03_Projekt-MAN Frauen in der Werkstatt/03_Medien/05_Footage sortiert/02_B-Roll/Allgemeine Tätigkeiten/C9377.MP4,0.13,0.0,3840,2160,2
03_Projekt-MAN Frauen in der Werkstatt,03_Projekt-MAN Frauen in der Werkstatt/03_Medien/05_Footage sortiert/02_B-Roll/Allgemeine Tätigkeiten/C9383.MP4,0.13,0.0,3840,2160,2
03_Projekt-MAN Frauen in der Werkstatt,03_Projekt-MAN Frauen in der Werkstatt/03_Medien/05_Footage sortiert/02_B-Roll/Roter LKW/C9238.MP4,0.13,0.1,3840,2160,2
03_Projekt-MAN Frauen in der Werkstatt,03_Projekt-MAN Frauen in der Werkstatt/03_Medien/05_Footage sortiert/02_B-Roll/Roter LKW/C9239.MP4,0.13,0.0,3840,2160,2
03_Projekt-MAN Frauen in der Werkstatt,03_Projekt-MAN Frauen in der Werkstatt/03_Medien/05_Footage sortiert/02_B-Roll/Roter LKW/C9241.MP4,0.13,0.1,3840,2160,2
03_Projekt-MAN Frauen in der Werkstatt,03_Projekt-MAN Frauen in der Werkstatt/03_Medien/05_Footage sortiert/02_B-Roll/Roter LKW/C9245.MP4,0.13,0.1,3840,2160,2
03_Projekt-MAN Frauen in der Werkstatt,03_Projekt-MAN Frauen in der Werkstatt/03_Medien/05_Footage sortiert/02_B-Roll/Roter LKW/C9246.MP4,0.13,0.1,3840,2160,2
03_Projekt-MAN Frauen in der Werkstatt,03_Projekt-MAN Frauen in der Werkstatt/03_Medien/05_Footage sortiert/02_B-Roll/Roter LKW/C9251.MP4,0.13,0.0,3840,2160,2
03_Projekt-MAN Frauen in der Werkstatt,03_Projekt-MAN Frauen in der Werkstatt/03_Medien/05_Footage sortiert/02_B-Roll/Roter LKW/C9285.MP4,0.13,0.0,3840,2160,2
03_Projekt-MAN Frauen in der Werkstatt,03_Projekt-MAN Frauen in der Werkstatt/03_Medien/05_Footage sortiert/02_B-Roll/Roter LKW/C9289.MP4,0.13,0.0,3840,2160,2
03_Projekt-MAN Frauen in der Werkstatt,03_Projekt-MAN Frauen in der Werkstatt/03_Medien/05_Footage sortiert/02_B-Roll/Roter LKW/C9291.MP4,0.13,0.1,3840,2160,2
03_Projekt-MAN Frauen in der Werkstatt,03_Projekt-MAN Frauen in der Werkstatt/03_Medien/05_Footage sortiert/02_B-Roll/Roter LKW/C9301.MP4,0.13,0.1,3840,2160,2
03_Projekt-MAN Frauen in der Werkstatt,03_Projekt-MAN Frauen in der Werkstatt/03_Medien/05_Footage sortiert/02_B-Roll/Roter LKW/C9303.MP4,0.13,0.1,3840,2160,2
03_Projekt-MAN Frauen in der Werkstatt,03_Projekt-MAN Frauen in der Werkstatt/03_Medien/05_Footage sortiert/02_B-Roll/Roter LKW/C9304.MP4,0.13,0.1,3840,2160,2
03_Projekt-MAN Frauen in der Werkstatt,03_Projekt-MAN Frauen in der Werkstatt/03_Medien/05_Footage sortiert/02_B-Roll/Roter LKW/C9308.MP4,0.13,0.1,3840,2160,2
03_Projekt-MAN Frauen in der Werkstatt,03_Projekt-MAN Frauen in der Werkstatt/03_Medien/05_Footage sortiert/02_B-Roll/Roter LKW/C9309.MP4,0.13,0.1,3840,2160,2
03_Projekt-MAN Frauen in der Werkstatt,03_Projekt-MAN Frauen in der Werkstatt/03_Medien/05_Footage sortiert/02_B-Roll/Roter LKW/C9310.MP4,0.13,0.1,3840,2160,2
03_Projekt-MAN Frauen in der Werkstatt,03_Projekt-MAN Frauen in der Werkstatt/03_Medien/05_Footage sortiert/02_B-Roll/Roter LKW/C9314.MP4,0.13,0.1,3840,2160,2
03_Projekt-MAN Frauen in der Werkstatt,03_Projekt-MAN Frauen in der Werkstatt/03_Medien/05_Footage sortiert/02_B-Roll/Roter LKW/C9315.MP4,0.13,0.1,3840,2160,2
03_Projekt-MAN Frauen in der Werkstatt,03_Projekt-MAN Frauen in der Werkstatt/03_Medien/05_Footage sortiert/02_B-Roll/Roter LKW/C9316.MP4,0.13,0.1,3840,2160,2
03_Projekt-MAN Frauen in der Werkstatt,03_Projekt-MAN Frauen in der Werkstatt/03_Medien/05_Footage sortiert/02_B-Roll/Roter LKW/C9317.MP4,0.13,0.0,3840,2160,2
03_Projekt-MAN Frauen in der Werkstatt,03_Projekt-MAN Frauen in der Werkstatt/03_Medien/05_Footage sortiert/02_B-Roll/Roter LKW/C9323.MP4,0.13,0.1,3840,2160,2
03_Projekt-MAN Frauen in der Werkstatt,03_Projekt-MAN Frauen in der Werkstatt/03_Medien/05_Footage sortiert/02_B-Roll/Roter LKW/C9324.MP4,0.13,0.1,3840,2160,2
03_Projekt-MAN Frauen in der Werkstatt,03_Projekt-MAN Frauen in der Werkstatt/03_Medien/05_Footage sortiert/02_B-Roll/Roter LKW/C9326.MP4,0.13,0.1,3840,2160,2
03_Projekt-MAN Frauen in der Werkstatt,03_Projekt-MAN Frauen in der Werkstatt/03_Medien/05_Footage sortiert/02_B-Roll/Roter LKW/C9328.MP4,0.13,0.1,3840,2160,2
03_Projekt-MAN Frauen in der Werkstatt,03_Projekt-MAN Frauen in der Werkstatt/03_Medien/05_Footage sortiert/02_B-Roll/Roter LKW/C9329.MP4,0.13,0.1,3840,2160,2
03_Projekt-MAN Frauen in der Werkstatt,03_Projekt-MAN Frauen in der Werkstatt/03_Medien/05_Footage sortiert/02_B-Roll/Roter LKW/C9330.MP4,0.13,0.0,3840,2160,2
03_Projekt-MAN Frauen in der Werkstatt,03_Projekt-MAN Frauen in der Werkstatt/03_Medien/05_Footage sortiert/02_B-Roll/Roter LKW/C9334.MP4,0.13,0.0,3840,2160,2
03_Projekt-MAN Frauen in der Werkstatt,03_Projekt-MAN Frauen in der Werkstatt/03_Medien/05_Footage sortiert/02_B-Roll/Roter LKW/C9336.MP4,0.13,0.0,3840,2160,2
03_Projekt-MAN Frauen in der Werkstatt,03_Projekt-MAN Frauen in der Werkstatt/03_Medien/05_Footage sortiert/02_B-Roll/Roter LKW/C9337.MP4,0.13,0.0,3840,2160,2
03_Projekt-MAN Frauen in der Werkstatt,03_Projekt-MAN Frauen in der Werkstatt/03_Medien/05_Footage sortiert/02_B-Roll/Roter LKW/C9342.MP4,0.13,0.1,3840,2160,2
03_Projekt-MAN Frauen in der Werkstatt,03_Projekt-MAN Frauen in der Werkstatt/03_Medien/05_Footage sortiert/02_B-Roll/Roter LKW/C9344.MP4,0.13,0.0,3840,2160,2
03_Projekt-MAN Frauen in der Werkstatt,03_Projekt-MAN Frauen in der Werkstatt/03_Medien/05_Footage sortiert/02_B-Roll/Roter LKW/C9345.MP4,0.13,0.1,3840,2160,2
03_Projekt-MAN Frauen in der Werkstatt,03_Projekt-MAN Frauen in der Werkstatt/03_Medien/05_Footage sortiert/02_B-Roll/Roter LKW/C9346.MP4,0.13,0.1,3840,2160,2
03_Projekt-MAN Frauen in der Werkstatt,03_Projekt-MAN Frauen in der Werkstatt/03_Medien/05_Footage sortiert/02_B-Roll/Roter LKW/C9347.MP4,0.13,0.1,3840,2160,2
03_Projekt-MAN Frauen in der Werkstatt,03_Projekt-MAN Frauen in der Werkstatt/03_Medien/05_Footage sortiert/02_B-Roll/Roter LKW/C9348.MP4,0.13,0.0,3840,2160,2
03_Projekt-MAN Frauen in der Werkstatt,03_Projekt-MAN Frauen in der Werkstatt/03_Medien/05_Footage sortiert/02_B-Roll/Roter LKW/C9350.MP4,0.13,0.1,3840,2160,2
03_Projekt-MAN Frauen in der Werkstatt,03_Projekt-MAN Frauen in der Werkstatt/03_Medien/05_Footage sortiert/02_B-Roll/Teamfoto/FX3_0494.MP4,0.13,0.1,3840,2160,2
03_Projekt-MAN Frauen in der Werkstatt,03_Projekt-MAN Frauen in der Werkstatt/03_Medien/05_Footage sortiert/02_B-Roll/Teamfoto/FX3_0496.MP4,0.13,0.1,3840,2160,2
03_Projekt-MAN Frauen in der Werkstatt,03_Projekt-MAN Frauen in der Werkstatt/03_Medien/05_Footage sortiert/02_B-Roll/Teamfoto/FX3_0498.MP4,0.13,0.0,3840,2160,2
03_Projekt-MAN Frauen in der Werkstatt,03_Projekt-MAN Frauen in der Werkstatt/03_Medien/05_Footage sortiert/02_B-Roll/Teamfoto/FX3_0500.MP4,0.13,0.1,3840,2160,2
03_Projekt-MAN Frauen in der Werkstatt,03_Projekt-MAN Frauen in der Werkstatt/03_Medien/05_Footage sortiert/02_B-Roll/Teamfoto/FX3_0503.MP4,0.13,0.1,3840,2160,2
03_Projekt-MAN Frauen in der Werkstatt,03_Projekt-MAN Frauen in der Werkstatt/03_Medien/05_Footage sortiert/02_B-Roll/TGE/FX3_0516.MP4,0.13,0.1,3840,2160,2
03_Projekt-MAN Frauen in der Werkstatt,03_Projekt-MAN Frauen in der Werkstatt/03_Medien/05_Footage sortiert/02_B-Roll/TGE/FX3_0517.MP4,0.13,0.1,3840,2160,2
03_Projekt-MAN Frauen in der Werkstatt,03_Projekt-MAN Frauen in der Werkstatt/03_Medien/05_Footage sortiert/02_B-Roll/TGE/C9355.MP4,0.13,0.1,3840,2160,2
03_Projekt-MAN Frauen in der Werkstatt,03_Projekt-MAN Frauen in der Werkstatt/03_Medien/05_Footage sortiert/02_B-Roll/Reisebus/FX3_0544.MP4,0.13,0.1,3840,2160,2
03_Projekt-MAN Frauen in der Werkstatt,03_Projekt-MAN Frauen in der Werkstatt/03_Medien/05_Footage sortiert/02_B-Roll/Reisebus/FX3_0547.MP4,0.13,0.0,3840,2160,2
03_Projekt-MAN Frauen in der Werkstatt,03_Projekt-MAN Frauen in der Werkstatt/03_Medien/05_Footage sortiert/02_B-Roll/Reisebus/FX3_0548.MP4,0.13,0.1,3840,2160,2
03_Projekt-MAN Frauen in der Werkstatt,03_Projekt-MAN Frauen in der Werkstatt/03_Medien/05_Footage sortiert/02_B-Roll/Fahrzeuge auf dem Hof/C0778.MP4,0.13,0.1,3840,2160,2
03_Projekt-MAN Frauen in der Werkstatt,03_Projekt-MAN Frauen in der Werkstatt/03_Medien/05_Footage sortiert/02_B-Roll/Fahrzeuge auf dem Hof/C0783.MP4,0.13,0.1,3840,2160,2
03_Projekt-MAN Frauen in der Werkstatt,03_Projekt-MAN Frauen in der Werkstatt/03_Medien/05_Footage sortiert/02_B-Roll/Fahrzeuge auf dem Hof/C0785.MP4,0.13,0.1,3840,2160,2
03_Projekt-MAN Frauen in der Werkstatt,03_Projekt-MAN Frauen in der Werkstatt/03_Medien/05_Footage sortiert/02_B-Roll/Fahrzeuge auf dem Hof/C0786.MP4,0.13,0.0,3840,2160,2
03_Projekt-MAN Frauen in der Werkstatt,03_Projekt-MAN Frauen in der Werkstatt/03_Medien/05_Footage sortiert/02_B-Roll/Fahrzeuge auf dem Hof/C0789.MP4,0.13,0.1,3840,2160,2
03_Projekt-MAN Frauen in der Werkstatt,03_Projekt-MAN Frauen in der Werkstatt/03_Medien/05_Footage sortiert/02_B-Roll/Fahrzeuge auf dem Hof/C0793.MP4,0.13,0.1,3840,2160,2
03_Projekt-MAN Frauen in der Werkstatt,03_Projekt-MAN Frauen in der Werkstatt/03_Medien/05_Footage sortiert/02_B-Roll/Fahrzeuge auf dem Hof/C0796.MP4,0.13,0.0,3840,2160,2
03_Projekt-MAN Frauen in der Werkstatt,03_Projekt-MAN Frauen in der Werkstatt/03_Medien/05_Footage sortiert/02_B-Roll/Fahrzeuge auf dem Hof/C0798.MP4,0.13,0.1,3840,2160,2
03_Projekt-MAN Frauen in der Werkstatt,03_Projekt-MAN Frauen in der Werkstatt/03_Medien/05_Footage sortiert/02_B-Roll/Fahrzeuge auf dem Hof/C0800.MP4,0.13,0.1,3840,2160,2
03_Projekt-MAN Frauen in der Werkstatt,03_Projekt-MAN Frauen in der Werkstatt/03_Medien/05_Footage sortiert/02_B-Roll/Fahrzeuge auf dem Hof/C0801.MP4,0.13,0.0,3840,2160,2
03_Projekt-MAN Frauen in der Werkstatt,03_Projekt-MAN Frauen in der Werkstatt/03_Medien/05_Footage sortiert/02_B-Roll/Fahrzeuge auf dem Hof/C0802.MP4,0.13,0.1,3840,2160,2
03_Projekt-MAN Frauen in der Werkstatt,03_Projekt-MAN Frauen in der Werkstatt/03_Medien/05_Footage sortiert/02_B-Roll/Fahrzeuge auf dem Hof/C0806.MP4,0.13,0.1,3840,2160,2
03_Projekt-MAN Frauen in der Werkstatt,03_Projekt-MAN Frauen in der Werkstatt/03_Medien/05_Footage sortiert/02_B-Roll/Fahrzeuge auf dem Hof/C0808.MP4,0.13,0.1,3840,2160,2
03_Projekt-MAN Frauen in der Werkstatt,03_Projekt-MAN Frauen in der Werkstatt/03_Medien/05_Footage sortiert/02_B-Roll/Fahrzeuge auf dem Hof/C0809.MP4,0.13,0.1,3840,2160,2
03_Projekt-MAN Frauen in der Werkstatt,03_Projekt-MAN Frauen in der Werkstatt/03_Medien/05_Footage sortiert/02_B-Roll/Fahrzeuge auf dem Hof/C0816.MP4,0.13,0.0,3840,2160,2
03_Projekt-MAN Frauen in der Werkstatt,03_Projekt-MAN Frauen in der Werkstatt/03_Medien/05_Footage sortiert/02_B-Roll/Fahrzeuge auf dem Hof/C0823.MP4,0.13,0.1,3840,2160,2
03_Projekt-MAN Frauen in der Werkstatt,03_Projekt-MAN Frauen in der Werkstatt/03_Medien/05_Footage sortiert/02_B-Roll/Fahrzeuge auf dem Hof/C0824.MP4,0.13,0.0,3840,2160,2
03_Projekt-MAN Frauen in der Werkstatt,03_Projekt-MAN Frauen in der Werkstatt/03_Medien/05_Footage sortiert/02_B-Roll/Fahrzeuge auf dem Hof/C0831.MP4,0.13,0.1,3840,2160,2
03_Projekt-MAN Frauen in der Werkstatt,03_Projekt-MAN Frauen in der Werkstatt/03_Medien/05_Footage sortiert/02_B-Roll/Fahrzeuge auf dem Hof/C0832.MP4,0.13,0.0,3840,2160,2
03_Projekt-MAN Frauen in der Werkstatt,03_Projekt-MAN Frauen in der Werkstatt/03_Medien/05_Footage sortiert/02_B-Roll/Fahrzeuge auf dem Hof/C0833.MP4,0.13,0.1,3840,2160,2
03_Projekt-MAN Frauen in der Werkstatt,03_Projekt-MAN Frauen in der Werkstatt/03_Medien/05_Footage sortiert/02_B-Roll/Fahrzeuge auf dem Hof/C0834.MP4,0.13,0.1,3840,2160,2
03_Projekt-MAN Frauen in der Werkstatt,03_Projekt-MAN Frauen in der Werkstatt/03_Medien/05_Footage sortiert/02_B-Roll/Fahrzeuge auf dem Hof/C0835.MP4,0.13,0.1,3840,2160,2
03_Projekt-MAN Frauen in der Werkstatt,03_Projekt-MAN Frauen in der Werkstatt/03_Medien/05_Footage sortiert/02_B-Roll/Fahrzeuge auf dem Hof/C0839.MP4,0.13,0.0,3840,2160,2
03_Projekt-MAN Frauen in der Werkstatt,03_Projekt-MAN Frauen in der Werkstatt/03_Medien/05_Footage sortiert/02_B-Roll/Fahrzeuge auf dem Hof/C0840.MP4,0.13,0.1,3840,2160,2
03_Projekt-MAN Frauen in der Werkstatt,03_Projekt-MAN Frauen in der Werkstatt/03_Medien/05_Footage sortiert/02_B-Roll/Fahrzeuge auf dem Hof/C0842.MP4,0.13,0.1,3840,2160,2
03_Projekt-MAN Frauen in der Werkstatt,03_Projekt-MAN Frauen in der Werkstatt/03_Medien/05_Footage sortiert/02_B-Roll/Fahrzeuge auf dem Hof/C0847.MP4,0.13,0.1,3840,2160,2
03_Projekt-MAN Frauen in der Werkstatt,03_Projekt-MAN Frauen in der Werkstatt/03_Medien/05_Footage sortiert/02_B-Roll/Fahrzeuge auf dem Hof/C0849.MP4,0.13,0.0,3840,2160,2
03_Projekt-MAN Frauen in der Werkstatt,03_Projekt-MAN Frauen in der Werkstatt/03_Medien/05_Footage sortiert/02_B-Roll/Fahrzeuge auf dem Hof/C0850.MP4,0.13,0.1,3840,2160,2
03_Projekt-MAN Frauen in der Werkstatt,03_Projekt-MAN Frauen in der Werkstatt/03_Medien/05_Footage sortiert/02_B-Roll/Fahrzeuge auf dem Hof/C0853.MP4,0.13,0.1,3840,2160,2
03_Projekt-MAN Frauen in der Werkstatt,03_Projekt-MAN Frauen in der Werkstatt/03_Medien/05_Footage sortiert/02_B-Roll/Fahrzeuge auf dem Hof/C0854.MP4,0.13,0.0,3840,2160,2
03_Projekt-MAN Frauen in der Werkstatt,03_Projekt-MAN Frauen in der Werkstatt/03_Medien/05_Footage sortiert/02_B-Roll/Fahrzeuge auf dem Hof/C0855.MP4,0.13,0.1,3840,2160,2
03_Projekt-MAN Frauen in der Werkstatt,03_Projekt-MAN Frauen in der Werkstatt/03_Medien/05_Footage sortiert/02_B-Roll/Fahrzeuge auf dem Hof/C0857.MP4,0.13,0.0,3840,2160,2
03_Projekt-MAN Frauen in der Werkstatt,03_Projekt-MAN Frauen in der Werkstatt/03_Medien/05_Footage sortiert/02_B-Roll/Fahrzeuge auf dem Hof/C0859.MP4,0.13,0.1,3840,2160,2
03_Projekt-MAN Frauen in der Werkstatt,03_Projekt-MAN Frauen in der Werkstatt/03_Medien/05_Footage sortiert/02_B-Roll/Fahrzeuge auf dem Hof/C0860.MP4,0.13,0.1,3840,2160,2
03_Projekt-MAN Frauen in der Werkstatt,03_Projekt-MAN Frauen in der Werkstatt/03_Medien/05_Footage sortiert/02_B-Roll/Fahrzeuge auf dem Hof/C0862.MP4,0.13,0.0,3840,2160,2
03_Projekt-MAN Frauen in der Werkstatt,03_Projekt-MAN Frauen in der Werkstatt/03_Medien/05_Footage sortiert/02_B-Roll/Fahrzeuge auf dem Hof/C0865.MP4,0.13,0.0,3840,2160,2
03_Projekt-MAN Frauen in der Werkstatt,03_Projekt-MAN Frauen in der Werkstatt/03_Medien/05_Footage sortiert/02_B-Roll/Fahrzeuge auf dem Hof/C0867.MP4,0.13,0.0,3840,2160,2
03_Projekt-MAN Frauen in der Werkstatt,03_Projekt-MAN Frauen in der Werkstatt/03_Medien/05_Footage sortiert/02_B-Roll/Fahrzeuge auf dem Hof/C0868.MP4,0.13,0.0,3840,2160,2
03_Projekt-MAN Frauen in der Werkstatt,03_Projekt-MAN Frauen in der Werkstatt/03_Medien/05_Footage sortiert/02_B-Roll/Fahrzeuge auf dem Hof/C0870.MP4,0.13,0.1,3840,2160,2
03_Projekt-MAN Frauen in der Werkstatt,03_Projekt-MAN Frauen in der Werkstatt/03_Medien/05_Footage sortiert/02_B-Roll/Fahrzeuge auf dem Hof/C0871.MP4,0.13,0.0,3840,2160,2
03_Projekt-MAN Frauen in der Werkstatt,03_Projekt-MAN Frauen in der Werkstatt/03_Medien/05_Footage sortiert/02_B-Roll/Fahrzeuge auf dem Hof/C0873.MP4,0.13,0.1,3840,2160,2
03_Projekt-MAN Frauen in der Werkstatt,03_Projekt-MAN Frauen in der Werkstatt/03_Medien/05_Footage sortiert/02_B-Roll/Fahrzeuge auf dem Hof/C0876.MP4,0.13,0.1,3840,2160,2
03_Projekt-MAN Frauen in der Werkstatt,03_Projekt-MAN Frauen in der Werkstatt/03_Medien/05_Footage sortiert/02_B-Roll/Fahrzeuge auf dem Hof/C0877.MP4,0.13,0.1,3840,2160,2
03_Projekt-MAN Frauen in der Werkstatt,03_Projekt-MAN Frauen in der Werkstatt/03_Medien/05_Footage sortiert/02_B-Roll/Fahrzeuge auf dem Hof/C0878.MP4,0.13,0.0,3840,2160,2
03_Projekt-MAN Frauen in der Werkstatt,03_Projekt-MAN Frauen in der Werkstatt/03_Medien/05_Footage sortiert/02_B-Roll/Fahrzeuge auf dem Hof/C0880.MP4,0.13,0.1,3840,2160,2
03_Projekt-MAN Frauen in der Werkstatt,03_Projekt-MAN Frauen in der Werkstatt/03_Medien/05_Footage sortiert/02_B-Roll/Fahrzeuge auf dem Hof/C0882.MP4,0.13,0.0,3840,2160,2
03_Projekt-MAN Frauen in der Werkstatt,03_Projekt-MAN Frauen in der Werkstatt/03_Medien/05_Footage sortiert/02_B-Roll/Fahrzeuge auf dem Hof/C0884.MP4,0.13,0.1,3840,2160,2
03_Projekt-MAN Frauen in der Werkstatt,03_Projekt-MAN Frauen in der Werkstatt/03_Medien/05_Footage sortiert/02_B-Roll/Fahrzeuge auf dem Hof/C0889.MP4,0.13,0.1,3840,2160,2
03_Projekt-MAN Frauen in der Werkstatt,03_Projekt-MAN Frauen in der Werkstatt/03_Medien/05_Footage sortiert/02_B-Roll/Fahrzeuge auf dem Hof/C0894.MP4,0.13,0.0,3840,2160,2
03_Projekt-MAN Frauen in der Werkstatt,03_Projekt-MAN Frauen in der Werkstatt/03_Medien/05_Footage sortiert/02_B-Roll/Fahrzeuge auf dem Hof/C0895.MP4,0.13,0.1,3840,2160,2
03_Projekt-MAN Frauen in der Werkstatt,03_Projekt-MAN Frauen in der Werkstatt/03_Medien/05_Footage sortiert/02_B-Roll/Fahrzeuge auf dem Hof/C0896.MP4,0.13,0.0,3840,2160,2
03_Projekt-MAN Frauen in der Werkstatt,03_Projekt-MAN Frauen in der Werkstatt/03_Medien/05_Footage sortiert/02_B-Roll/Fahrzeuge auf dem Hof/C0898.MP4,0.13,0.1,3840,2160,2
03_Projekt-MAN Frauen in der Werkstatt,03_Projekt-MAN Frauen in der Werkstatt/03_Medien/05_Footage sortiert/02_B-Roll/Fahrzeuge auf dem Hof/C0899.MP4,0.13,0.0,3840,2160,2
03_Projekt-MAN Frauen in der Werkstatt,03_Projekt-MAN Frauen in der Werkstatt/03_Medien/05_Footage sortiert/02_B-Roll/Fahrzeuge auf dem Hof/C0900.MP4,0.13,0.1,3840,2160,2
03_Projekt-MAN Frauen in der Werkstatt,03_Projekt-MAN Frauen in der Werkstatt/03_Medien/05_Footage sortiert/02_B-Roll/Fahrzeuge auf dem Hof/C0902.MP4,0.13,0.1,3840,2160,2
03_Projekt-MAN Frauen in der Werkstatt,03_Projekt-MAN Frauen in der Werkstatt/03_Medien/05_Footage sortiert/1.2 Kompetenz fährt vor/Hook-Szene/FX3_0483.MP4,0.13,0.1,3840,2160,2
03_Projekt-MAN Frauen in der Werkstatt,03_Projekt-MAN Frauen in der Werkstatt/03_Medien/05_Footage sortiert/1.2 Kompetenz fährt vor/Hook-Szene/FX3_0485.MP4,0.13,0.1,3840,2160,2
03_Projekt-MAN Frauen in der Werkstatt,03_Projekt-MAN Frauen in der Werkstatt/03_Medien/05_Footage sortiert/1.2 Kompetenz fährt vor/Hook-Szene/C9258.MP4,0.13,0.1,3840,2160,2
03_Projekt-MAN Frauen in der Werkstatt,03_Projekt-MAN Frauen in der Werkstatt/03_Medien/05_Footage sortiert/1.2 Kompetenz fährt vor/Hook-Szene/C9262.MP4,0.13,0.1,3840,2160,2
03_Projekt-MAN Frauen in der Werkstatt,03_Projekt-MAN Frauen in der Werkstatt/03_Medien/05_Footage sortiert/1.2 Kompetenz fährt vor/Hook-Szene/C9265.MP4,0.13,0.1,3840,2160,2
03_Projekt-MAN Frauen in der Werkstatt,03_Projekt-MAN Frauen in der Werkstatt/03_Medien/05_Footage sortiert/1.2 Kompetenz fährt vor/Hook-Szene/C9266.MP4,0.13,0.0,3840,2160,2
03_Projekt-MAN Frauen in der Werkstatt,03_Projekt-MAN Frauen in der Werkstatt/03_Medien/05_Footage sortiert/1.2 Kompetenz fährt vor/Hook-Szene/C9268.MP4,0.13,0.1,3840,2160,2
03_Projekt-MAN Frauen in der Werkstatt,03_Projekt-MAN Frauen in der Werkstatt/03_Medien/05_Footage sortiert/1.2 Kompetenz fährt vor/Hook-Szene/C9272.MP4,0.13,0.1,3840,2160,2
03_Projekt-MAN Frauen in der Werkstatt,03_Projekt-MAN Frauen in der Werkstatt/03_Medien/05_Footage sortiert/1.2 Kompetenz fährt vor/Hook-Szene/C9275.MP4,0.13,0.0,3840,2160,2
03_Projekt-MAN Frauen in der Werkstatt,03_Projekt-MAN Frauen in der Werkstatt/03_Medien/05_Footage sortiert/1.2 Kompetenz fährt vor/Hook-Szene/C9280.MP4,0.13,0.1,3840,2160,2
03_Projekt-MAN Frauen in der Werkstatt,03_Projekt-MAN Frauen in der Werkstatt/03_Medien/05_Footage sortiert/1.2 Kompetenz fährt vor/Hook-Szene/C9281.MP4,0.13,0.0,3840,2160,2
03_Projekt-MAN Frauen in der Werkstatt,03_Projekt-MAN Frauen in der Werkstatt/03_Medien/05_Footage sortiert/1.2 Kompetenz fährt vor/Hook-Szene/C9283.MP4,0.13,0.1,3840,2160,2
03_Projekt-MAN Frauen in der Werkstatt,03_Projekt-MAN Frauen in der Werkstatt/03_Medien/01_Footage/Kamera-C Fuji DN/DSCF8013.MOV,0.13,0.2,3840,2160,2
03_Projekt-MAN Frauen in der Werkstatt,03_Projekt-MAN Frauen in der Werkstatt/03_Medien/01_Footage/Kamera-C Fuji DN/DSCF7831.MOV,0.13,0.2,3840,2160,2
03_Projekt-MAN Frauen in der Werkstatt,03_Projekt-MAN Frauen in der Werkstatt/03_Medien/01_Footage/Kamera-C Fuji DN/DSCF7754.MOV,0.13,0.2,3840,2160,2
03_Projekt-MAN Frauen in der Werkstatt,03_Projekt-MAN Frauen in der Werkstatt/03_Medien/01_Footage/Kamera-C Fuji DN/DSCF7710.MOV,0.13,0.2,3840,2160,2
03_Projekt-MAN Frauen in der Werkstatt,03_Projekt-MAN Frauen in der Werkstatt/03_Medien/01_Footage/Kamera-C Fuji DN/DSCF7640.MOV,0.13,0.2,3840,2160,2
03_Projekt-MAN Frauen in der Werkstatt,03_Projekt-MAN Frauen in der Werkstatt/03_Medien/05_Footage sortiert/Drohnenfootage/Proxy/DJI_0112.mov,0.12,1.7,960,540,0
03_Projekt-MAN Frauen in der Werkstatt,03_Projekt-MAN Frauen in der Werkstatt/03_Medien/02_Assets/05_Sonstiges/Compound Clip 1 Render.mov,0.12,0.0,2160,3840,0
03_Projekt-MAN Frauen in der Werkstatt,03_Projekt-MAN Frauen in der Werkstatt/03_Medien/01_Footage/Kamera-C Fuji DN/DSCF8047.MOV,0.12,0.2,3840,2160,2
03_Projekt-MAN Frauen in der Werkstatt,03_Projekt-MAN Frauen in der Werkstatt/03_Medien/01_Footage/Kamera-C Fuji DN/DSCF7637.MOV,0.12,0.2,3840,2160,2
03_Projekt-MAN Frauen in der Werkstatt,03_Projekt-MAN Frauen in der Werkstatt/03_Medien/01_Footage/Kamera-C Fuji DN/DSCF7636.MOV,0.12,0.2,3840,2160,2
03_Projekt-MAN Frauen in der Werkstatt,03_Projekt-MAN Frauen in der Werkstatt/03_Medien/01_Footage/Kamera-C Fuji DN/DSCF7632.MOV,0.12,0.2,3840,2160,2
03_Projekt-MAN Frauen in der Werkstatt,03_Projekt-MAN Frauen in der Werkstatt/03_Medien/05_Footage sortiert/Drohnenfootage/Proxy/DJI_20251211161615_0004_D.mov,0.11,1.6,960,540,0
03_Projekt-MAN Frauen in der Werkstatt,03_Projekt-MAN Frauen in der Werkstatt/03_Medien/05_Footage sortiert/Drohnenfootage/Proxy/DJI_20251211161615_0004_D_stabilized.mov,0.11,1.6,960,540,0
03_Projekt-MAN Frauen in der Werkstatt,03_Projekt-MAN Frauen in der Werkstatt/03_Medien/02_Assets/05_Sonstiges/Ai Generiert/Proxy/z_Upload-Image---Internal-Only-Style-6f788ed6.mov,0.11,0.1,1080,1920,0
03_Projekt-MAN Frauen in der Werkstatt,03_Projekt-MAN Frauen in der Werkstatt/03_Medien/02_Assets/05_Sonstiges/Ai Generiert/Proxy/z_Upload-Image---Internal-Only-Style-f6611d43.mov,0.11,0.1,1080,1920,0
03_Projekt-MAN Frauen in der Werkstatt,03_Projekt-MAN Frauen in der Werkstatt/03_Medien/01_Footage/Kamera-C Fuji DN/DSCF7697.MOV,0.11,0.1,3840,2160,2
03_Projekt-MAN Frauen in der Werkstatt,03_Projekt-MAN Frauen in der Werkstatt/03_Medien/01_Footage/Kamera-C Fuji DN/DSCF8134.MOV,0.1,0.1,3840,2160,2
03_Projekt-MAN Frauen in der Werkstatt,03_Projekt-MAN Frauen in der Werkstatt/03_Medien/01_Footage/Kamera-C Fuji DN/DSCF7709.MOV,0.1,0.1,3840,2160,2
03_Projekt-MAN Frauen in der Werkstatt,03_Projekt-MAN Frauen in der Werkstatt/03_Medien/01_Footage/Kamera-C Fuji DN/DSCF7642.MOV,0.1,0.1,3840,2160,2
03_Projekt-MAN Frauen in der Werkstatt,03_Projekt-MAN Frauen in der Werkstatt/03_Medien/01_Footage/Kamera-C Fuji DN/DSCF7635.MOV,0.1,0.1,3840,2160,2
03_Projekt-MAN Frauen in der Werkstatt,03_Projekt-MAN Frauen in der Werkstatt/03_Medien/05_Footage sortiert/02_B-Roll/Grüner LKW/Proxy/C9016.mov,0.09,1.3,540,960,2
03_Projekt-MAN Frauen in der Werkstatt,03_Projekt-MAN Frauen in der Werkstatt/03_Medien/01_Footage/Kamera-C Fuji DN/DSCF8136.MOV,0.09,0.1,3840,2160,2
03_Projekt-MAN Frauen in der Werkstatt,03_Projekt-MAN Frauen in der Werkstatt/03_Medien/01_Footage/Kamera-C Fuji DN/DSCF8014.MOV,0.09,0.1,3840,2160,2
03_Projekt-MAN Frauen in der Werkstatt,03_Projekt-MAN Frauen in der Werkstatt/03_Medien/01_Footage/Kamera-C Fuji DN/DSCF7975.MOV,0.09,0.1,3840,2160,2
03_Projekt-MAN Frauen in der Werkstatt,03_Projekt-MAN Frauen in der Werkstatt/03_Medien/01_Footage/Kamera-C Fuji DN/DSCF7828.MOV,0.09,0.1,3840,2160,2
03_Projekt-MAN Frauen in der Werkstatt,03_Projekt-MAN Frauen in der Werkstatt/03_Medien/01_Footage/Kamera-C Fuji DN/DSCF7708.MOV,0.09,0.1,3840,2160,2
03_Projekt-MAN Frauen in der Werkstatt,03_Projekt-MAN Frauen in der Werkstatt/03_Medien/01_Footage/Kamera-C Fuji DN/DSCF7695.MOV,0.09,0.1,3840,2160,2
03_Projekt-MAN Frauen in der Werkstatt,03_Projekt-MAN Frauen in der Werkstatt/03_Medien/01_Footage/Kamera-C Fuji DN/DSCF7641.MOV,0.09,0.1,3840,2160,2
03_Projekt-MAN Frauen in der Werkstatt,03_Projekt-MAN Frauen in der Werkstatt/03_Medien/01_Footage/Kamera-C Fuji DN/DSCF7631.MOV,0.09,0.1,3840,2160,2
03_Projekt-MAN Frauen in der Werkstatt,03_Projekt-MAN Frauen in der Werkstatt/03_Medien/01_Footage/Kamera-C Fuji DN/DSCF7630.MOV,0.09,0.1,3840,2160,2
03_Projekt-MAN Frauen in der Werkstatt,03_Projekt-MAN Frauen in der Werkstatt/03_Medien/01_Footage/Kamera-C Fuji DN/DSCF7619.MOV,0.09,0.1,3840,2160,2
03_Projekt-MAN Frauen in der Werkstatt,03_Projekt-MAN Frauen in der Werkstatt/03_Medien/01_Footage/Kamera-C Fuji DN/DSCF7618.MOV,0.09,0.1,3840,2160,2
03_Projekt-MAN Frauen in der Werkstatt,03_Projekt-MAN Frauen in der Werkstatt/04_Exportiert/5.1 MAN Edit/5.1 MAN Edit_V2.mov,0.08,0.5,2160,3840,2
03_Projekt-MAN Frauen in der Werkstatt,03_Projekt-MAN Frauen in der Werkstatt/03_Medien/05_Footage sortiert/02_B-Roll/Fahrzeuge auf dem Hof/Proxy/FX3_4000.mov,0.08,1.1,540,960,2
03_Projekt-MAN Frauen in der Werkstatt,03_Projekt-MAN Frauen in der Werkstatt/03_Medien/05_Footage sortiert/02_B-Roll/Grüner LKW/Proxy/FX3_0461.mov,0.08,1.1,540,960,2
03_Projekt-MAN Frauen in der Werkstatt,03_Projekt-MAN Frauen in der Werkstatt/03_Medien/02_Assets/03_Bildmaterial/283418_Square Pixels Social Media Square Film Frame_By_Piotrek_Naumowicz_Artlist_2K.mp4,0.08,0.2,2160,2160,0
03_Projekt-MAN Frauen in der Werkstatt,03_Projekt-MAN Frauen in der Werkstatt/03_Medien/02_Assets/03_Bildmaterial/6592068_Noise Abstract Glitch Glitch Texture_By_Hermit_Sage_Creative_Studio_Artlist_4K.mp4,0.08,0.2,3840,2160,0
03_Projekt-MAN Frauen in der Werkstatt,03_Projekt-MAN Frauen in der Werkstatt/03_Medien/01_Footage/Kamera-C Fuji DN/DSCF8015.MOV,0.08,0.1,3840,2160,2
03_Projekt-MAN Frauen in der Werkstatt,03_Projekt-MAN Frauen in der Werkstatt/03_Medien/01_Footage/Kamera-C Fuji DN/DSCF8010.MOV,0.08,0.1,3840,2160,2
03_Projekt-MAN Frauen in der Werkstatt,03_Projekt-MAN Frauen in der Werkstatt/03_Medien/01_Footage/Kamera-C Fuji DN/DSCF7707.MOV,0.08,0.1,3840,2160,2
03_Projekt-MAN Frauen in der Werkstatt,03_Projekt-MAN Frauen in der Werkstatt/03_Medien/01_Footage/Kamera-C Fuji DN/DSCF7638.MOV,0.08,0.1,3840,2160,2
03_Projekt-MAN Frauen in der Werkstatt,03_Projekt-MAN Frauen in der Werkstatt/03_Medien/01_Footage/Kamera-C Fuji DN/DSCF7633.MOV,0.08,0.1,3840,2160,2
03_Projekt-MAN Frauen in der Werkstatt,03_Projekt-MAN Frauen in der Werkstatt/03_Medien/05_Footage sortiert/Aussortiert/FX3_0391.MP4,0.07,0.0,3840,2160,2
03_Projekt-MAN Frauen in der Werkstatt,03_Projekt-MAN Frauen in der Werkstatt/03_Medien/05_Footage sortiert/Lagerfootage/C0752.MP4,0.07,0.0,3840,2160,2
03_Projekt-MAN Frauen in der Werkstatt,03_Projekt-MAN Frauen in der Werkstatt/03_Medien/05_Footage sortiert/Lagerfootage/C0754.MP4,0.07,0.0,3840,2160,2
03_Projekt-MAN Frauen in der Werkstatt,03_Projekt-MAN Frauen in der Werkstatt/03_Medien/05_Footage sortiert/Lagerfootage/C0755.MP4,0.07,0.0,3840,2160,2
03_Projekt-MAN Frauen in der Werkstatt,03_Projekt-MAN Frauen in der Werkstatt/03_Medien/05_Footage sortiert/Lagerfootage/C0757.MP4,0.07,0.0,3840,2160,2
03_Projekt-MAN Frauen in der Werkstatt,03_Projekt-MAN Frauen in der Werkstatt/03_Medien/05_Footage sortiert/Lagerfootage/C0760.MP4,0.07,0.0,3840,2160,2
03_Projekt-MAN Frauen in der Werkstatt,03_Projekt-MAN Frauen in der Werkstatt/03_Medien/05_Footage sortiert/Lagerfootage/C0761.MP4,0.07,0.0,3840,2160,2
03_Projekt-MAN Frauen in der Werkstatt,03_Projekt-MAN Frauen in der Werkstatt/03_Medien/05_Footage sortiert/Lagerfootage/C0763.MP4,0.07,0.0,3840,2160,2
03_Projekt-MAN Frauen in der Werkstatt,03_Projekt-MAN Frauen in der Werkstatt/03_Medien/05_Footage sortiert/Lagerfootage/C0764.MP4,0.07,0.0,3840,2160,2
03_Projekt-MAN Frauen in der Werkstatt,03_Projekt-MAN Frauen in der Werkstatt/03_Medien/05_Footage sortiert/Lagerfootage/C0766.MP4,0.07,0.0,3840,2160,2
03_Projekt-MAN Frauen in der Werkstatt,03_Projekt-MAN Frauen in der Werkstatt/03_Medien/05_Footage sortiert/Lagerfootage/C0767.MP4,0.07,0.0,3840,2160,2
03_Projekt-MAN Frauen in der Werkstatt,03_Projekt-MAN Frauen in der Werkstatt/03_Medien/05_Footage sortiert/02_B-Roll/Grüner LKW/FX3_0395.MP4,0.07,0.0,3840,2160,2
03_Projekt-MAN Frauen in der Werkstatt,03_Projekt-MAN Frauen in der Werkstatt/03_Medien/05_Footage sortiert/02_B-Roll/Grüner LKW/FX3_0396.MP4,0.07,0.0,3840,2160,2
03_Projekt-MAN Frauen in der Werkstatt,03_Projekt-MAN Frauen in der Werkstatt/03_Medien/05_Footage sortiert/02_B-Roll/Grüner LKW/FX3_0397.MP4,0.07,0.0,3840,2160,2
03_Projekt-MAN Frauen in der Werkstatt,03_Projekt-MAN Frauen in der Werkstatt/03_Medien/05_Footage sortiert/02_B-Roll/Grüner LKW/FX3_0401.MP4,0.07,0.0,3840,2160,2
03_Projekt-MAN Frauen in der Werkstatt,03_Projekt-MAN Frauen in der Werkstatt/03_Medien/05_Footage sortiert/02_B-Roll/Grüner LKW/FX3_0404.MP4,0.07,0.0,3840,2160,2
03_Projekt-MAN Frauen in der Werkstatt,03_Projekt-MAN Frauen in der Werkstatt/03_Medien/05_Footage sortiert/02_B-Roll/Grüner LKW/FX3_0413.MP4,0.07,0.0,3840,2160,2
03_Projekt-MAN Frauen in der Werkstatt,03_Projekt-MAN Frauen in der Werkstatt/03_Medien/05_Footage sortiert/02_B-Roll/Grüner LKW/FX3_0419.MP4,0.07,0.0,3840,2160,2
03_Projekt-MAN Frauen in der Werkstatt,03_Projekt-MAN Frauen in der Werkstatt/03_Medien/05_Footage sortiert/02_B-Roll/Grüner LKW/FX3_0422.MP4,0.07,0.0,3840,2160,2
03_Projekt-MAN Frauen in der Werkstatt,03_Projekt-MAN Frauen in der Werkstatt/03_Medien/05_Footage sortiert/02_B-Roll/Grüner LKW/FX3_0459.MP4,0.07,0.0,3840,2160,2
03_Projekt-MAN Frauen in der Werkstatt,03_Projekt-MAN Frauen in der Werkstatt/03_Medien/05_Footage sortiert/02_B-Roll/Grüner LKW/C8965.MP4,0.07,0.0,3840,2160,2
03_Projekt-MAN Frauen in der Werkstatt,03_Projekt-MAN Frauen in der Werkstatt/03_Medien/05_Footage sortiert/02_B-Roll/Grüner LKW/C8966.MP4,0.07,0.0,3840,2160,2
03_Projekt-MAN Frauen in der Werkstatt,03_Projekt-MAN Frauen in der Werkstatt/03_Medien/05_Footage sortiert/02_B-Roll/Grüner LKW/C8968.MP4,0.07,0.0,3840,2160,2
03_Projekt-MAN Frauen in der Werkstatt,03_Projekt-MAN Frauen in der Werkstatt/03_Medien/05_Footage sortiert/02_B-Roll/Grüner LKW/C8969.MP4,0.07,0.0,3840,2160,2
03_Projekt-MAN Frauen in der Werkstatt,03_Projekt-MAN Frauen in der Werkstatt/03_Medien/05_Footage sortiert/02_B-Roll/Grüner LKW/C8973.MP4,0.07,0.0,3840,2160,2
03_Projekt-MAN Frauen in der Werkstatt,03_Projekt-MAN Frauen in der Werkstatt/03_Medien/05_Footage sortiert/02_B-Roll/Grüner LKW/C8977.MP4,0.07,0.0,3840,2160,2
03_Projekt-MAN Frauen in der Werkstatt,03_Projekt-MAN Frauen in der Werkstatt/03_Medien/05_Footage sortiert/02_B-Roll/Grüner LKW/C8980.MP4,0.07,0.0,3840,2160,2
03_Projekt-MAN Frauen in der Werkstatt,03_Projekt-MAN Frauen in der Werkstatt/03_Medien/05_Footage sortiert/02_B-Roll/Grüner LKW/C8982.MP4,0.07,0.0,3840,2160,2
03_Projekt-MAN Frauen in der Werkstatt,03_Projekt-MAN Frauen in der Werkstatt/03_Medien/05_Footage sortiert/02_B-Roll/Grüner LKW/C8990.MP4,0.07,0.0,3840,2160,2
03_Projekt-MAN Frauen in der Werkstatt,03_Projekt-MAN Frauen in der Werkstatt/03_Medien/05_Footage sortiert/02_B-Roll/Grüner LKW/C8991.MP4,0.07,0.0,3840,2160,2
03_Projekt-MAN Frauen in der Werkstatt,03_Projekt-MAN Frauen in der Werkstatt/03_Medien/05_Footage sortiert/02_B-Roll/Grüner LKW/C8995.MP4,0.07,0.0,3840,2160,2
03_Projekt-MAN Frauen in der Werkstatt,03_Projekt-MAN Frauen in der Werkstatt/03_Medien/05_Footage sortiert/02_B-Roll/Grüner LKW/C9000.MP4,0.07,0.0,3840,2160,2
03_Projekt-MAN Frauen in der Werkstatt,03_Projekt-MAN Frauen in der Werkstatt/03_Medien/05_Footage sortiert/02_B-Roll/Grüner LKW/C9002.MP4,0.07,0.0,3840,2160,2
03_Projekt-MAN Frauen in der Werkstatt,03_Projekt-MAN Frauen in der Werkstatt/03_Medien/05_Footage sortiert/02_B-Roll/Grüner LKW/C9004.MP4,0.07,0.0,3840,2160,2
03_Projekt-MAN Frauen in der Werkstatt,03_Projekt-MAN Frauen in der Werkstatt/03_Medien/05_Footage sortiert/02_B-Roll/Grüner LKW/C9006.MP4,0.07,0.0,3840,2160,2
03_Projekt-MAN Frauen in der Werkstatt,03_Projekt-MAN Frauen in der Werkstatt/03_Medien/05_Footage sortiert/02_B-Roll/Grüner LKW/C9007.MP4,0.07,0.0,3840,2160,2
03_Projekt-MAN Frauen in der Werkstatt,03_Projekt-MAN Frauen in der Werkstatt/03_Medien/05_Footage sortiert/02_B-Roll/Grüner LKW/C9008.MP4,0.07,0.0,3840,2160,2
03_Projekt-MAN Frauen in der Werkstatt,03_Projekt-MAN Frauen in der Werkstatt/03_Medien/05_Footage sortiert/02_B-Roll/Grüner LKW/C9010.MP4,0.07,0.0,3840,2160,2
03_Projekt-MAN Frauen in der Werkstatt,03_Projekt-MAN Frauen in der Werkstatt/03_Medien/05_Footage sortiert/02_B-Roll/Grüner LKW/C9011.MP4,0.07,0.0,3840,2160,2
03_Projekt-MAN Frauen in der Werkstatt,03_Projekt-MAN Frauen in der Werkstatt/03_Medien/05_Footage sortiert/02_B-Roll/Grüner LKW/C9012.MP4,0.07,0.0,3840,2160,2
03_Projekt-MAN Frauen in der Werkstatt,03_Projekt-MAN Frauen in der Werkstatt/03_Medien/05_Footage sortiert/02_B-Roll/Grüner LKW/C9013.MP4,0.07,0.0,3840,2160,2
03_Projekt-MAN Frauen in der Werkstatt,03_Projekt-MAN Frauen in der Werkstatt/03_Medien/05_Footage sortiert/02_B-Roll/Grüner LKW/C9014.MP4,0.07,0.0,3840,2160,2
03_Projekt-MAN Frauen in der Werkstatt,03_Projekt-MAN Frauen in der Werkstatt/03_Medien/05_Footage sortiert/02_B-Roll/Grüner LKW/C9020.MP4,0.07,0.0,3840,2160,2
03_Projekt-MAN Frauen in der Werkstatt,03_Projekt-MAN Frauen in der Werkstatt/03_Medien/05_Footage sortiert/02_B-Roll/Grüner LKW/C9027.MP4,0.07,0.0,3840,2160,2
03_Projekt-MAN Frauen in der Werkstatt,03_Projekt-MAN Frauen in der Werkstatt/03_Medien/05_Footage sortiert/02_B-Roll/Grüner LKW/C9028.MP4,0.07,0.0,3840,2160,2
03_Projekt-MAN Frauen in der Werkstatt,03_Projekt-MAN Frauen in der Werkstatt/03_Medien/05_Footage sortiert/02_B-Roll/Grüner LKW/C9029.MP4,0.07,0.0,3840,2160,2
03_Projekt-MAN Frauen in der Werkstatt,03_Projekt-MAN Frauen in der Werkstatt/03_Medien/05_Footage sortiert/02_B-Roll/Grüner LKW/C9058.MP4,0.07,0.0,3840,2160,2
03_Projekt-MAN Frauen in der Werkstatt,03_Projekt-MAN Frauen in der Werkstatt/03_Medien/05_Footage sortiert/02_B-Roll/Grüner LKW/C9059.MP4,0.07,0.0,3840,2160,2
03_Projekt-MAN Frauen in der Werkstatt,03_Projekt-MAN Frauen in der Werkstatt/03_Medien/05_Footage sortiert/02_B-Roll/Grüner LKW/C9062.MP4,0.07,0.0,3840,2160,2
03_Projekt-MAN Frauen in der Werkstatt,03_Projekt-MAN Frauen in der Werkstatt/03_Medien/05_Footage sortiert/02_B-Roll/Grüner LKW/C9063.MP4,0.07,0.0,3840,2160,2
03_Projekt-MAN Frauen in der Werkstatt,03_Projekt-MAN Frauen in der Werkstatt/03_Medien/05_Footage sortiert/02_B-Roll/Grüner LKW/C9066.MP4,0.07,0.0,3840,2160,2
03_Projekt-MAN Frauen in der Werkstatt,03_Projekt-MAN Frauen in der Werkstatt/03_Medien/05_Footage sortiert/02_B-Roll/Grüner LKW/C9070.MP4,0.07,0.0,3840,2160,2
03_Projekt-MAN Frauen in der Werkstatt,03_Projekt-MAN Frauen in der Werkstatt/03_Medien/05_Footage sortiert/02_B-Roll/Grüner LKW/C9071.MP4,0.07,0.0,3840,2160,2
03_Projekt-MAN Frauen in der Werkstatt,03_Projekt-MAN Frauen in der Werkstatt/03_Medien/05_Footage sortiert/02_B-Roll/Grüner LKW/C9072.MP4,0.07,0.0,3840,2160,2
03_Projekt-MAN Frauen in der Werkstatt,03_Projekt-MAN Frauen in der Werkstatt/03_Medien/05_Footage sortiert/02_B-Roll/Grüner LKW/C9078.MP4,0.07,0.0,3840,2160,2
03_Projekt-MAN Frauen in der Werkstatt,03_Projekt-MAN Frauen in der Werkstatt/03_Medien/05_Footage sortiert/02_B-Roll/Grüner LKW/C9079.MP4,0.07,0.0,3840,2160,2
03_Projekt-MAN Frauen in der Werkstatt,03_Projekt-MAN Frauen in der Werkstatt/03_Medien/05_Footage sortiert/02_B-Roll/Grüner LKW/C9090.MP4,0.07,0.0,3840,2160,2
03_Projekt-MAN Frauen in der Werkstatt,03_Projekt-MAN Frauen in der Werkstatt/03_Medien/05_Footage sortiert/02_B-Roll/Grüner LKW/C9092.MP4,0.07,0.0,3840,2160,2
03_Projekt-MAN Frauen in der Werkstatt,03_Projekt-MAN Frauen in der Werkstatt/03_Medien/05_Footage sortiert/02_B-Roll/Grüner LKW/C9093.MP4,0.07,0.0,3840,2160,2
03_Projekt-MAN Frauen in der Werkstatt,03_Projekt-MAN Frauen in der Werkstatt/03_Medien/05_Footage sortiert/02_B-Roll/Grüner LKW/C9096.MP4,0.07,0.0,3840,2160,2
03_Projekt-MAN Frauen in der Werkstatt,03_Projekt-MAN Frauen in der Werkstatt/03_Medien/05_Footage sortiert/02_B-Roll/Grüner LKW/C9097.MP4,0.07,0.0,3840,2160,2
03_Projekt-MAN Frauen in der Werkstatt,03_Projekt-MAN Frauen in der Werkstatt/03_Medien/05_Footage sortiert/02_B-Roll/Grüner LKW/C9098.MP4,0.07,0.0,3840,2160,2
03_Projekt-MAN Frauen in der Werkstatt,03_Projekt-MAN Frauen in der Werkstatt/03_Medien/05_Footage sortiert/02_B-Roll/Grüner LKW/C9099.MP4,0.07,0.0,3840,2160,2
03_Projekt-MAN Frauen in der Werkstatt,03_Projekt-MAN Frauen in der Werkstatt/03_Medien/05_Footage sortiert/02_B-Roll/Grüner LKW/C9102.MP4,0.07,0.0,3840,2160,2
03_Projekt-MAN Frauen in der Werkstatt,03_Projekt-MAN Frauen in der Werkstatt/03_Medien/05_Footage sortiert/02_B-Roll/Grüner LKW/C9104.MP4,0.07,0.0,3840,2160,2
03_Projekt-MAN Frauen in der Werkstatt,03_Projekt-MAN Frauen in der Werkstatt/03_Medien/05_Footage sortiert/02_B-Roll/Grüner LKW/C9106.MP4,0.07,0.0,3840,2160,2
03_Projekt-MAN Frauen in der Werkstatt,03_Projekt-MAN Frauen in der Werkstatt/03_Medien/05_Footage sortiert/02_B-Roll/Grüner LKW/C9108.MP4,0.07,0.0,3840,2160,2
03_Projekt-MAN Frauen in der Werkstatt,03_Projekt-MAN Frauen in der Werkstatt/03_Medien/05_Footage sortiert/02_B-Roll/Grüner LKW/C9110.MP4,0.07,0.0,3840,2160,2
03_Projekt-MAN Frauen in der Werkstatt,03_Projekt-MAN Frauen in der Werkstatt/03_Medien/05_Footage sortiert/02_B-Roll/Grüner LKW/C9111.MP4,0.07,0.0,3840,2160,2
03_Projekt-MAN Frauen in der Werkstatt,03_Projekt-MAN Frauen in der Werkstatt/03_Medien/05_Footage sortiert/02_B-Roll/Grüner LKW/C9112.MP4,0.07,0.0,3840,2160,2
03_Projekt-MAN Frauen in der Werkstatt,03_Projekt-MAN Frauen in der Werkstatt/03_Medien/05_Footage sortiert/02_B-Roll/Grüner LKW/C9115.MP4,0.07,0.0,3840,2160,2
03_Projekt-MAN Frauen in der Werkstatt,03_Projekt-MAN Frauen in der Werkstatt/03_Medien/05_Footage sortiert/02_B-Roll/Grüner LKW/C9116.MP4,0.07,0.0,3840,2160,2
03_Projekt-MAN Frauen in der Werkstatt,03_Projekt-MAN Frauen in der Werkstatt/03_Medien/05_Footage sortiert/02_B-Roll/Grüner LKW/C9120.MP4,0.07,0.0,3840,2160,2
03_Projekt-MAN Frauen in der Werkstatt,03_Projekt-MAN Frauen in der Werkstatt/03_Medien/05_Footage sortiert/02_B-Roll/Grüner LKW/C9121.MP4,0.07,0.0,3840,2160,2
03_Projekt-MAN Frauen in der Werkstatt,03_Projekt-MAN Frauen in der Werkstatt/03_Medien/05_Footage sortiert/02_B-Roll/Grüner LKW/C9124.MP4,0.07,0.0,3840,2160,2
03_Projekt-MAN Frauen in der Werkstatt,03_Projekt-MAN Frauen in der Werkstatt/03_Medien/05_Footage sortiert/02_B-Roll/Grüner LKW/C9126.MP4,0.07,0.0,3840,2160,2
03_Projekt-MAN Frauen in der Werkstatt,03_Projekt-MAN Frauen in der Werkstatt/03_Medien/05_Footage sortiert/02_B-Roll/Grüner LKW/C9131.MP4,0.07,0.0,3840,2160,2
03_Projekt-MAN Frauen in der Werkstatt,03_Projekt-MAN Frauen in der Werkstatt/03_Medien/05_Footage sortiert/02_B-Roll/Grüner LKW/C9132.MP4,0.07,0.0,3840,2160,2
03_Projekt-MAN Frauen in der Werkstatt,03_Projekt-MAN Frauen in der Werkstatt/03_Medien/05_Footage sortiert/02_B-Roll/Grüner LKW/C9135.MP4,0.07,0.0,3840,2160,2
03_Projekt-MAN Frauen in der Werkstatt,03_Projekt-MAN Frauen in der Werkstatt/03_Medien/05_Footage sortiert/02_B-Roll/Grüner LKW/C9137.MP4,0.07,0.0,3840,2160,2
03_Projekt-MAN Frauen in der Werkstatt,03_Projekt-MAN Frauen in der Werkstatt/03_Medien/05_Footage sortiert/02_B-Roll/Grüner LKW/C9138.MP4,0.07,0.0,3840,2160,2
03_Projekt-MAN Frauen in der Werkstatt,03_Projekt-MAN Frauen in der Werkstatt/03_Medien/05_Footage sortiert/02_B-Roll/Grüner LKW/C9139.MP4,0.07,0.0,3840,2160,2
03_Projekt-MAN Frauen in der Werkstatt,03_Projekt-MAN Frauen in der Werkstatt/03_Medien/05_Footage sortiert/02_B-Roll/Grüner LKW/C9140.MP4,0.07,0.0,3840,2160,2
03_Projekt-MAN Frauen in der Werkstatt,03_Projekt-MAN Frauen in der Werkstatt/03_Medien/05_Footage sortiert/02_B-Roll/Grüner LKW/C9141.MP4,0.07,0.0,3840,2160,2
03_Projekt-MAN Frauen in der Werkstatt,03_Projekt-MAN Frauen in der Werkstatt/03_Medien/05_Footage sortiert/02_B-Roll/Grüner LKW/C9142.MP4,0.07,0.0,3840,2160,2
03_Projekt-MAN Frauen in der Werkstatt,03_Projekt-MAN Frauen in der Werkstatt/03_Medien/05_Footage sortiert/02_B-Roll/Grüner LKW/C9144.MP4,0.07,0.0,3840,2160,2
03_Projekt-MAN Frauen in der Werkstatt,03_Projekt-MAN Frauen in der Werkstatt/03_Medien/05_Footage sortiert/02_B-Roll/Grüner LKW/C9145.MP4,0.07,0.0,3840,2160,2
03_Projekt-MAN Frauen in der Werkstatt,03_Projekt-MAN Frauen in der Werkstatt/03_Medien/05_Footage sortiert/02_B-Roll/Grüner LKW/C9147.MP4,0.07,0.0,3840,2160,2
03_Projekt-MAN Frauen in der Werkstatt,03_Projekt-MAN Frauen in der Werkstatt/03_Medien/05_Footage sortiert/02_B-Roll/Grüner LKW/C9148.MP4,0.07,0.0,3840,2160,2
03_Projekt-MAN Frauen in der Werkstatt,03_Projekt-MAN Frauen in der Werkstatt/03_Medien/05_Footage sortiert/02_B-Roll/Grüner LKW/C9149.MP4,0.07,0.0,3840,2160,2
03_Projekt-MAN Frauen in der Werkstatt,03_Projekt-MAN Frauen in der Werkstatt/03_Medien/05_Footage sortiert/02_B-Roll/Grüner LKW/C9153.MP4,0.07,0.0,3840,2160,2
03_Projekt-MAN Frauen in der Werkstatt,03_Projekt-MAN Frauen in der Werkstatt/03_Medien/05_Footage sortiert/02_B-Roll/Grüner LKW/C9154.MP4,0.07,0.0,3840,2160,2
03_Projekt-MAN Frauen in der Werkstatt,03_Projekt-MAN Frauen in der Werkstatt/03_Medien/05_Footage sortiert/02_B-Roll/Grüner LKW/C9155.MP4,0.07,0.0,3840,2160,2
03_Projekt-MAN Frauen in der Werkstatt,03_Projekt-MAN Frauen in der Werkstatt/03_Medien/05_Footage sortiert/02_B-Roll/Grüner LKW/C9157.MP4,0.07,0.0,3840,2160,2
03_Projekt-MAN Frauen in der Werkstatt,03_Projekt-MAN Frauen in der Werkstatt/03_Medien/05_Footage sortiert/02_B-Roll/Grüner LKW/C9158.MP4,0.07,0.0,3840,2160,2
03_Projekt-MAN Frauen in der Werkstatt,03_Projekt-MAN Frauen in der Werkstatt/03_Medien/05_Footage sortiert/02_B-Roll/Grüner LKW/C9160.MP4,0.07,0.0,3840,2160,2
03_Projekt-MAN Frauen in der Werkstatt,03_Projekt-MAN Frauen in der Werkstatt/03_Medien/05_Footage sortiert/02_B-Roll/Grüner LKW/C9161.MP4,0.07,0.0,3840,2160,2
03_Projekt-MAN Frauen in der Werkstatt,03_Projekt-MAN Frauen in der Werkstatt/03_Medien/05_Footage sortiert/02_B-Roll/Grüner LKW/C9168.MP4,0.07,0.0,3840,2160,2
03_Projekt-MAN Frauen in der Werkstatt,03_Projekt-MAN Frauen in der Werkstatt/03_Medien/05_Footage sortiert/02_B-Roll/Grüner LKW/C9172.MP4,0.07,0.0,3840,2160,2
03_Projekt-MAN Frauen in der Werkstatt,03_Projekt-MAN Frauen in der Werkstatt/03_Medien/05_Footage sortiert/02_B-Roll/Grüner LKW/C9175.MP4,0.07,0.0,3840,2160,2
03_Projekt-MAN Frauen in der Werkstatt,03_Projekt-MAN Frauen in der Werkstatt/03_Medien/05_Footage sortiert/02_B-Roll/Grüner LKW/C9177.MP4,0.07,0.0,3840,2160,2
03_Projekt-MAN Frauen in der Werkstatt,03_Projekt-MAN Frauen in der Werkstatt/03_Medien/05_Footage sortiert/02_B-Roll/Grüner LKW/C9178.MP4,0.07,0.0,3840,2160,2
03_Projekt-MAN Frauen in der Werkstatt,03_Projekt-MAN Frauen in der Werkstatt/03_Medien/05_Footage sortiert/02_B-Roll/Grüner LKW/C9179.MP4,0.07,0.0,3840,2160,2
03_Projekt-MAN Frauen in der Werkstatt,03_Projekt-MAN Frauen in der Werkstatt/03_Medien/05_Footage sortiert/02_B-Roll/Grüner LKW/C9186.MP4,0.07,0.0,3840,2160,2
03_Projekt-MAN Frauen in der Werkstatt,03_Projekt-MAN Frauen in der Werkstatt/03_Medien/05_Footage sortiert/02_B-Roll/Grüner LKW/C9189.MP4,0.07,0.0,3840,2160,2
03_Projekt-MAN Frauen in der Werkstatt,03_Projekt-MAN Frauen in der Werkstatt/03_Medien/05_Footage sortiert/02_B-Roll/Grüner LKW/C9190.MP4,0.07,0.0,3840,2160,2
03_Projekt-MAN Frauen in der Werkstatt,03_Projekt-MAN Frauen in der Werkstatt/03_Medien/05_Footage sortiert/02_B-Roll/Grüner LKW/C9194.MP4,0.07,0.0,3840,2160,2
03_Projekt-MAN Frauen in der Werkstatt,03_Projekt-MAN Frauen in der Werkstatt/03_Medien/05_Footage sortiert/02_B-Roll/Grüner LKW/C9197.MP4,0.07,0.0,3840,2160,2
03_Projekt-MAN Frauen in der Werkstatt,03_Projekt-MAN Frauen in der Werkstatt/03_Medien/05_Footage sortiert/02_B-Roll/Grüner LKW/C9198.MP4,0.07,0.0,3840,2160,2
03_Projekt-MAN Frauen in der Werkstatt,03_Projekt-MAN Frauen in der Werkstatt/03_Medien/05_Footage sortiert/02_B-Roll/Grüner LKW/C9201.MP4,0.07,0.0,3840,2160,2
03_Projekt-MAN Frauen in der Werkstatt,03_Projekt-MAN Frauen in der Werkstatt/03_Medien/05_Footage sortiert/02_B-Roll/Grüner LKW/C9202.MP4,0.07,0.0,3840,2160,2
03_Projekt-MAN Frauen in der Werkstatt,03_Projekt-MAN Frauen in der Werkstatt/03_Medien/05_Footage sortiert/02_B-Roll/Grüner LKW/C9204.MP4,0.07,0.0,3840,2160,2
03_Projekt-MAN Frauen in der Werkstatt,03_Projekt-MAN Frauen in der Werkstatt/03_Medien/05_Footage sortiert/02_B-Roll/Grüner LKW/C9207.MP4,0.07,0.0,3840,2160,2
03_Projekt-MAN Frauen in der Werkstatt,03_Projekt-MAN Frauen in der Werkstatt/03_Medien/05_Footage sortiert/02_B-Roll/Grüner LKW/C9209.MP4,0.07,0.0,3840,2160,2
03_Projekt-MAN Frauen in der Werkstatt,03_Projekt-MAN Frauen in der Werkstatt/03_Medien/05_Footage sortiert/02_B-Roll/Grüner LKW/C9210.MP4,0.07,0.0,3840,2160,2
03_Projekt-MAN Frauen in der Werkstatt,03_Projekt-MAN Frauen in der Werkstatt/03_Medien/05_Footage sortiert/02_B-Roll/Grüner LKW/C9213.MP4,0.07,0.0,3840,2160,2
03_Projekt-MAN Frauen in der Werkstatt,03_Projekt-MAN Frauen in der Werkstatt/03_Medien/05_Footage sortiert/02_B-Roll/Grüner LKW/C9215.MP4,0.07,0.0,3840,2160,2
03_Projekt-MAN Frauen in der Werkstatt,03_Projekt-MAN Frauen in der Werkstatt/03_Medien/05_Footage sortiert/02_B-Roll/Grüner LKW/C9218.MP4,0.07,0.0,3840,2160,2
03_Projekt-MAN Frauen in der Werkstatt,03_Projekt-MAN Frauen in der Werkstatt/03_Medien/05_Footage sortiert/02_B-Roll/Grüner LKW/C9223.MP4,0.07,0.0,3840,2160,2
03_Projekt-MAN Frauen in der Werkstatt,03_Projekt-MAN Frauen in der Werkstatt/03_Medien/05_Footage sortiert/02_B-Roll/Grüner LKW/C9225.MP4,0.07,0.0,3840,2160,2
03_Projekt-MAN Frauen in der Werkstatt,03_Projekt-MAN Frauen in der Werkstatt/03_Medien/05_Footage sortiert/02_B-Roll/Grüner LKW/C9226.MP4,0.07,0.0,3840,2160,2
03_Projekt-MAN Frauen in der Werkstatt,03_Projekt-MAN Frauen in der Werkstatt/03_Medien/05_Footage sortiert/02_B-Roll/Grüner LKW/C9232.MP4,0.07,0.0,3840,2160,2
03_Projekt-MAN Frauen in der Werkstatt,03_Projekt-MAN Frauen in der Werkstatt/03_Medien/05_Footage sortiert/02_B-Roll/Grüner LKW/C9233.MP4,0.07,0.0,3840,2160,2
03_Projekt-MAN Frauen in der Werkstatt,03_Projekt-MAN Frauen in der Werkstatt/03_Medien/05_Footage sortiert/02_B-Roll/Allgemeine Tätigkeiten/C0738.MP4,0.07,0.0,3840,2160,2
03_Projekt-MAN Frauen in der Werkstatt,03_Projekt-MAN Frauen in der Werkstatt/03_Medien/05_Footage sortiert/02_B-Roll/Allgemeine Tätigkeiten/C0743.MP4,0.07,0.0,3840,2160,2
03_Projekt-MAN Frauen in der Werkstatt,03_Projekt-MAN Frauen in der Werkstatt/03_Medien/05_Footage sortiert/02_B-Roll/Allgemeine Tätigkeiten/C0745.MP4,0.07,0.0,3840,2160,2
03_Projekt-MAN Frauen in der Werkstatt,03_Projekt-MAN Frauen in der Werkstatt/03_Medien/05_Footage sortiert/02_B-Roll/Allgemeine Tätigkeiten/C0746.MP4,0.07,0.0,3840,2160,2
03_Projekt-MAN Frauen in der Werkstatt,03_Projekt-MAN Frauen in der Werkstatt/03_Medien/05_Footage sortiert/02_B-Roll/Allgemeine Tätigkeiten/C0748.MP4,0.07,0.0,3840,2160,2
03_Projekt-MAN Frauen in der Werkstatt,03_Projekt-MAN Frauen in der Werkstatt/03_Medien/05_Footage sortiert/02_B-Roll/Allgemeine Tätigkeiten/C0749.MP4,0.07,0.0,3840,2160,2
03_Projekt-MAN Frauen in der Werkstatt,03_Projekt-MAN Frauen in der Werkstatt/03_Medien/05_Footage sortiert/02_B-Roll/Allgemeine Tätigkeiten/C0769.MP4,0.07,0.0,3840,2160,2
03_Projekt-MAN Frauen in der Werkstatt,03_Projekt-MAN Frauen in der Werkstatt/03_Medien/05_Footage sortiert/02_B-Roll/Allgemeine Tätigkeiten/C0771.MP4,0.07,0.0,3840,2160,2
03_Projekt-MAN Frauen in der Werkstatt,03_Projekt-MAN Frauen in der Werkstatt/03_Medien/05_Footage sortiert/02_B-Roll/Allgemeine Tätigkeiten/C0774.MP4,0.07,0.0,3840,2160,2
03_Projekt-MAN Frauen in der Werkstatt,03_Projekt-MAN Frauen in der Werkstatt/03_Medien/05_Footage sortiert/02_B-Roll/Allgemeine Tätigkeiten/C0775.MP4,0.07,0.0,3840,2160,2
03_Projekt-MAN Frauen in der Werkstatt,03_Projekt-MAN Frauen in der Werkstatt/03_Medien/05_Footage sortiert/02_B-Roll/Allgemeine Tätigkeiten/C9031.MP4,0.07,0.0,3840,2160,2
03_Projekt-MAN Frauen in der Werkstatt,03_Projekt-MAN Frauen in der Werkstatt/03_Medien/05_Footage sortiert/02_B-Roll/Allgemeine Tätigkeiten/C9032.MP4,0.07,0.0,3840,2160,2
03_Projekt-MAN Frauen in der Werkstatt,03_Projekt-MAN Frauen in der Werkstatt/03_Medien/05_Footage sortiert/02_B-Roll/Allgemeine Tätigkeiten/C9034.MP4,0.07,0.0,3840,2160,2
03_Projekt-MAN Frauen in der Werkstatt,03_Projekt-MAN Frauen in der Werkstatt/03_Medien/05_Footage sortiert/02_B-Roll/Allgemeine Tätigkeiten/C9036.MP4,0.07,0.0,3840,2160,2
03_Projekt-MAN Frauen in der Werkstatt,03_Projekt-MAN Frauen in der Werkstatt/03_Medien/05_Footage sortiert/02_B-Roll/Allgemeine Tätigkeiten/C9039.MP4,0.07,0.0,3840,2160,2
03_Projekt-MAN Frauen in der Werkstatt,03_Projekt-MAN Frauen in der Werkstatt/03_Medien/05_Footage sortiert/02_B-Roll/Allgemeine Tätigkeiten/C9040.MP4,0.07,0.0,3840,2160,2
03_Projekt-MAN Frauen in der Werkstatt,03_Projekt-MAN Frauen in der Werkstatt/03_Medien/05_Footage sortiert/02_B-Roll/Allgemeine Tätigkeiten/C9041.MP4,0.07,0.0,3840,2160,2
03_Projekt-MAN Frauen in der Werkstatt,03_Projekt-MAN Frauen in der Werkstatt/03_Medien/05_Footage sortiert/02_B-Roll/Allgemeine Tätigkeiten/C9042.MP4,0.07,0.0,3840,2160,2
03_Projekt-MAN Frauen in der Werkstatt,03_Projekt-MAN Frauen in der Werkstatt/03_Medien/05_Footage sortiert/02_B-Roll/Allgemeine Tätigkeiten/C9045.MP4,0.07,0.0,3840,2160,2
03_Projekt-MAN Frauen in der Werkstatt,03_Projekt-MAN Frauen in der Werkstatt/03_Medien/05_Footage sortiert/02_B-Roll/Allgemeine Tätigkeiten/C9047.MP4,0.07,0.0,3840,2160,2
03_Projekt-MAN Frauen in der Werkstatt,03_Projekt-MAN Frauen in der Werkstatt/03_Medien/05_Footage sortiert/02_B-Roll/Allgemeine Tätigkeiten/C9050.MP4,0.07,0.0,3840,2160,2
03_Projekt-MAN Frauen in der Werkstatt,03_Projekt-MAN Frauen in der Werkstatt/03_Medien/05_Footage sortiert/02_B-Roll/Allgemeine Tätigkeiten/C9052.MP4,0.07,0.0,3840,2160,2
03_Projekt-MAN Frauen in der Werkstatt,03_Projekt-MAN Frauen in der Werkstatt/03_Medien/05_Footage sortiert/02_B-Roll/Allgemeine Tätigkeiten/C9053.MP4,0.07,0.0,3840,2160,2
03_Projekt-MAN Frauen in der Werkstatt,03_Projekt-MAN Frauen in der Werkstatt/03_Medien/05_Footage sortiert/02_B-Roll/Allgemeine Tätigkeiten/C9054.MP4,0.07,0.0,3840,2160,2
03_Projekt-MAN Frauen in der Werkstatt,03_Projekt-MAN Frauen in der Werkstatt/03_Medien/05_Footage sortiert/02_B-Roll/Allgemeine Tätigkeiten/C9358.MP4,0.07,0.0,3840,2160,2
03_Projekt-MAN Frauen in der Werkstatt,03_Projekt-MAN Frauen in der Werkstatt/03_Medien/05_Footage sortiert/02_B-Roll/Allgemeine Tätigkeiten/C9362.MP4,0.07,0.0,3840,2160,2
03_Projekt-MAN Frauen in der Werkstatt,03_Projekt-MAN Frauen in der Werkstatt/03_Medien/05_Footage sortiert/02_B-Roll/Allgemeine Tätigkeiten/C9365.MP4,0.07,0.0,3840,2160,2
03_Projekt-MAN Frauen in der Werkstatt,03_Projekt-MAN Frauen in der Werkstatt/03_Medien/05_Footage sortiert/02_B-Roll/Allgemeine Tätigkeiten/C9366.MP4,0.07,0.0,3840,2160,2
03_Projekt-MAN Frauen in der Werkstatt,03_Projekt-MAN Frauen in der Werkstatt/03_Medien/05_Footage sortiert/02_B-Roll/Allgemeine Tätigkeiten/C9371.MP4,0.07,0.0,3840,2160,2
03_Projekt-MAN Frauen in der Werkstatt,03_Projekt-MAN Frauen in der Werkstatt/03_Medien/05_Footage sortiert/02_B-Roll/Allgemeine Tätigkeiten/C9374.MP4,0.07,0.0,3840,2160,2
03_Projekt-MAN Frauen in der Werkstatt,03_Projekt-MAN Frauen in der Werkstatt/03_Medien/05_Footage sortiert/02_B-Roll/Allgemeine Tätigkeiten/C9380.MP4,0.07,0.0,3840,2160,2
03_Projekt-MAN Frauen in der Werkstatt,03_Projekt-MAN Frauen in der Werkstatt/03_Medien/05_Footage sortiert/02_B-Roll/Allgemeine Tätigkeiten/C9382.MP4,0.07,0.0,3840,2160,2
03_Projekt-MAN Frauen in der Werkstatt,03_Projekt-MAN Frauen in der Werkstatt/03_Medien/05_Footage sortiert/02_B-Roll/Roter LKW/C9234.MP4,0.07,0.0,3840,2160,2
03_Projekt-MAN Frauen in der Werkstatt,03_Projekt-MAN Frauen in der Werkstatt/03_Medien/05_Footage sortiert/02_B-Roll/Roter LKW/C9236.MP4,0.07,0.0,3840,2160,2
03_Projekt-MAN Frauen in der Werkstatt,03_Projekt-MAN Frauen in der Werkstatt/03_Medien/05_Footage sortiert/02_B-Roll/Roter LKW/C9237.MP4,0.07,0.0,3840,2160,2
03_Projekt-MAN Frauen in der Werkstatt,03_Projekt-MAN Frauen in der Werkstatt/03_Medien/05_Footage sortiert/02_B-Roll/Roter LKW/C9240.MP4,0.07,0.0,3840,2160,2
03_Projekt-MAN Frauen in der Werkstatt,03_Projekt-MAN Frauen in der Werkstatt/03_Medien/05_Footage sortiert/02_B-Roll/Roter LKW/C9242.MP4,0.07,0.0,3840,2160,2
03_Projekt-MAN Frauen in der Werkstatt,03_Projekt-MAN Frauen in der Werkstatt/03_Medien/05_Footage sortiert/02_B-Roll/Roter LKW/C9243.MP4,0.07,0.0,3840,2160,2
03_Projekt-MAN Frauen in der Werkstatt,03_Projekt-MAN Frauen in der Werkstatt/03_Medien/05_Footage sortiert/02_B-Roll/Roter LKW/C9244.MP4,0.07,0.0,3840,2160,2
03_Projekt-MAN Frauen in der Werkstatt,03_Projekt-MAN Frauen in der Werkstatt/03_Medien/05_Footage sortiert/02_B-Roll/Roter LKW/C9253.MP4,0.07,0.0,3840,2160,2
03_Projekt-MAN Frauen in der Werkstatt,03_Projekt-MAN Frauen in der Werkstatt/03_Medien/05_Footage sortiert/02_B-Roll/Roter LKW/C9290.MP4,0.07,0.0,3840,2160,2
03_Projekt-MAN Frauen in der Werkstatt,03_Projekt-MAN Frauen in der Werkstatt/03_Medien/05_Footage sortiert/02_B-Roll/Roter LKW/C9293.MP4,0.07,0.0,3840,2160,2
03_Projekt-MAN Frauen in der Werkstatt,03_Projekt-MAN Frauen in der Werkstatt/03_Medien/05_Footage sortiert/02_B-Roll/Roter LKW/C9298.MP4,0.07,0.1,3840,2160,2
03_Projekt-MAN Frauen in der Werkstatt,03_Projekt-MAN Frauen in der Werkstatt/03_Medien/05_Footage sortiert/02_B-Roll/Roter LKW/C9305.MP4,0.07,0.0,3840,2160,2
03_Projekt-MAN Frauen in der Werkstatt,03_Projekt-MAN Frauen in der Werkstatt/03_Medien/05_Footage sortiert/02_B-Roll/Roter LKW/C9306.MP4,0.07,0.0,3840,2160,2
03_Projekt-MAN Frauen in der Werkstatt,03_Projekt-MAN Frauen in der Werkstatt/03_Medien/05_Footage sortiert/02_B-Roll/Roter LKW/C9307.MP4,0.07,0.0,3840,2160,2
03_Projekt-MAN Frauen in der Werkstatt,03_Projekt-MAN Frauen in der Werkstatt/03_Medien/05_Footage sortiert/02_B-Roll/Roter LKW/C9318.MP4,0.07,0.0,3840,2160,2
03_Projekt-MAN Frauen in der Werkstatt,03_Projekt-MAN Frauen in der Werkstatt/03_Medien/05_Footage sortiert/02_B-Roll/Roter LKW/C9320.MP4,0.07,0.0,3840,2160,2
03_Projekt-MAN Frauen in der Werkstatt,03_Projekt-MAN Frauen in der Werkstatt/03_Medien/05_Footage sortiert/02_B-Roll/Roter LKW/C9321.MP4,0.07,0.0,3840,2160,2
03_Projekt-MAN Frauen in der Werkstatt,03_Projekt-MAN Frauen in der Werkstatt/03_Medien/05_Footage sortiert/02_B-Roll/Roter LKW/C9322.MP4,0.07,0.0,3840,2160,2
03_Projekt-MAN Frauen in der Werkstatt,03_Projekt-MAN Frauen in der Werkstatt/03_Medien/05_Footage sortiert/02_B-Roll/Roter LKW/C9325.MP4,0.07,0.0,3840,2160,2
03_Projekt-MAN Frauen in der Werkstatt,03_Projekt-MAN Frauen in der Werkstatt/03_Medien/05_Footage sortiert/02_B-Roll/Roter LKW/C9327.MP4,0.07,0.0,3840,2160,2
03_Projekt-MAN Frauen in der Werkstatt,03_Projekt-MAN Frauen in der Werkstatt/03_Medien/05_Footage sortiert/02_B-Roll/Roter LKW/C9331.MP4,0.07,0.0,3840,2160,2
03_Projekt-MAN Frauen in der Werkstatt,03_Projekt-MAN Frauen in der Werkstatt/03_Medien/05_Footage sortiert/02_B-Roll/Roter LKW/C9332.MP4,0.07,0.0,3840,2160,2
03_Projekt-MAN Frauen in der Werkstatt,03_Projekt-MAN Frauen in der Werkstatt/03_Medien/05_Footage sortiert/02_B-Roll/Roter LKW/C9335.MP4,0.07,0.0,3840,2160,2
03_Projekt-MAN Frauen in der Werkstatt,03_Projekt-MAN Frauen in der Werkstatt/03_Medien/05_Footage sortiert/02_B-Roll/Roter LKW/C9340.MP4,0.07,0.0,3840,2160,2
03_Projekt-MAN Frauen in der Werkstatt,03_Projekt-MAN Frauen in der Werkstatt/03_Medien/05_Footage sortiert/02_B-Roll/Roter LKW/C9341.MP4,0.07,0.0,3840,2160,2
03_Projekt-MAN Frauen in der Werkstatt,03_Projekt-MAN Frauen in der Werkstatt/03_Medien/05_Footage sortiert/02_B-Roll/Roter LKW/C9343.MP4,0.07,0.0,3840,2160,2
03_Projekt-MAN Frauen in der Werkstatt,03_Projekt-MAN Frauen in der Werkstatt/03_Medien/05_Footage sortiert/02_B-Roll/Roter LKW/C9349.MP4,0.07,0.0,3840,2160,2
03_Projekt-MAN Frauen in der Werkstatt,03_Projekt-MAN Frauen in der Werkstatt/03_Medien/05_Footage sortiert/02_B-Roll/Roter LKW/C9351.MP4,0.07,0.0,3840,2160,2
03_Projekt-MAN Frauen in der Werkstatt,03_Projekt-MAN Frauen in der Werkstatt/03_Medien/05_Footage sortiert/02_B-Roll/Roter LKW/C9352.MP4,0.07,0.0,3840,2160,2
03_Projekt-MAN Frauen in der Werkstatt,03_Projekt-MAN Frauen in der Werkstatt/03_Medien/05_Footage sortiert/02_B-Roll/Roter LKW/C9353.MP4,0.07,0.0,3840,2160,2
03_Projekt-MAN Frauen in der Werkstatt,03_Projekt-MAN Frauen in der Werkstatt/03_Medien/05_Footage sortiert/02_B-Roll/Teamfoto/FX3_0492.MP4,0.07,0.0,3840,2160,2
03_Projekt-MAN Frauen in der Werkstatt,03_Projekt-MAN Frauen in der Werkstatt/03_Medien/05_Footage sortiert/02_B-Roll/Teamfoto/FX3_0493.MP4,0.07,0.0,3840,2160,2
03_Projekt-MAN Frauen in der Werkstatt,03_Projekt-MAN Frauen in der Werkstatt/03_Medien/05_Footage sortiert/02_B-Roll/Teamfoto/FX3_0495.MP4,0.07,0.0,3840,2160,2
03_Projekt-MAN Frauen in der Werkstatt,03_Projekt-MAN Frauen in der Werkstatt/03_Medien/05_Footage sortiert/02_B-Roll/Teamfoto/FX3_0501.MP4,0.07,0.0,3840,2160,2
03_Projekt-MAN Frauen in der Werkstatt,03_Projekt-MAN Frauen in der Werkstatt/03_Medien/05_Footage sortiert/02_B-Roll/Teamfoto/FX3_0502.MP4,0.07,0.0,3840,2160,2
03_Projekt-MAN Frauen in der Werkstatt,03_Projekt-MAN Frauen in der Werkstatt/03_Medien/05_Footage sortiert/02_B-Roll/TGE/C9354.MP4,0.07,0.0,3840,2160,2
03_Projekt-MAN Frauen in der Werkstatt,03_Projekt-MAN Frauen in der Werkstatt/03_Medien/05_Footage sortiert/02_B-Roll/Fahrzeuge auf dem Hof/FX3_3999.MP4,0.07,0.0,3840,2160,2
03_Projekt-MAN Frauen in der Werkstatt,03_Projekt-MAN Frauen in der Werkstatt/03_Medien/05_Footage sortiert/02_B-Roll/Fahrzeuge auf dem Hof/FX3_4009.MP4,0.07,0.0,3840,2160,2
03_Projekt-MAN Frauen in der Werkstatt,03_Projekt-MAN Frauen in der Werkstatt/03_Medien/05_Footage sortiert/02_B-Roll/Fahrzeuge auf dem Hof/FX3_4013.MP4,0.07,0.0,3840,2160,2
03_Projekt-MAN Frauen in der Werkstatt,03_Projekt-MAN Frauen in der Werkstatt/03_Medien/05_Footage sortiert/02_B-Roll/Fahrzeuge auf dem Hof/FX3_4023.MP4,0.07,0.0,3840,2160,2
03_Projekt-MAN Frauen in der Werkstatt,03_Projekt-MAN Frauen in der Werkstatt/03_Medien/05_Footage sortiert/02_B-Roll/Fahrzeuge auf dem Hof/FX3_4026.MP4,0.07,0.0,3840,2160,2
03_Projekt-MAN Frauen in der Werkstatt,03_Projekt-MAN Frauen in der Werkstatt/03_Medien/05_Footage sortiert/02_B-Roll/Fahrzeuge auf dem Hof/C0777.MP4,0.07,0.0,3840,2160,2
03_Projekt-MAN Frauen in der Werkstatt,03_Projekt-MAN Frauen in der Werkstatt/03_Medien/05_Footage sortiert/02_B-Roll/Fahrzeuge auf dem Hof/C0779.MP4,0.07,0.0,3840,2160,2
03_Projekt-MAN Frauen in der Werkstatt,03_Projekt-MAN Frauen in der Werkstatt/03_Medien/05_Footage sortiert/02_B-Roll/Fahrzeuge auf dem Hof/C0780.MP4,0.07,0.0,3840,2160,2
03_Projekt-MAN Frauen in der Werkstatt,03_Projekt-MAN Frauen in der Werkstatt/03_Medien/05_Footage sortiert/02_B-Roll/Fahrzeuge auf dem Hof/C0781.MP4,0.07,0.0,3840,2160,2
03_Projekt-MAN Frauen in der Werkstatt,03_Projekt-MAN Frauen in der Werkstatt/03_Medien/05_Footage sortiert/02_B-Roll/Fahrzeuge auf dem Hof/C0782.MP4,0.07,0.0,3840,2160,2
03_Projekt-MAN Frauen in der Werkstatt,03_Projekt-MAN Frauen in der Werkstatt/03_Medien/05_Footage sortiert/02_B-Roll/Fahrzeuge auf dem Hof/C0784.MP4,0.07,0.0,3840,2160,2
03_Projekt-MAN Frauen in der Werkstatt,03_Projekt-MAN Frauen in der Werkstatt/03_Medien/05_Footage sortiert/02_B-Roll/Fahrzeuge auf dem Hof/C0787.MP4,0.07,0.0,3840,2160,2
03_Projekt-MAN Frauen in der Werkstatt,03_Projekt-MAN Frauen in der Werkstatt/03_Medien/05_Footage sortiert/02_B-Roll/Fahrzeuge auf dem Hof/C0788.MP4,0.07,0.0,3840,2160,2
03_Projekt-MAN Frauen in der Werkstatt,03_Projekt-MAN Frauen in der Werkstatt/03_Medien/05_Footage sortiert/02_B-Roll/Fahrzeuge auf dem Hof/C0790.MP4,0.07,0.0,3840,2160,2
03_Projekt-MAN Frauen in der Werkstatt,03_Projekt-MAN Frauen in der Werkstatt/03_Medien/05_Footage sortiert/02_B-Roll/Fahrzeuge auf dem Hof/C0791.MP4,0.07,0.0,3840,2160,2
03_Projekt-MAN Frauen in der Werkstatt,03_Projekt-MAN Frauen in der Werkstatt/03_Medien/05_Footage sortiert/02_B-Roll/Fahrzeuge auf dem Hof/C0792.MP4,0.07,0.0,3840,2160,2
03_Projekt-MAN Frauen in der Werkstatt,03_Projekt-MAN Frauen in der Werkstatt/03_Medien/05_Footage sortiert/02_B-Roll/Fahrzeuge auf dem Hof/C0794.MP4,0.07,0.0,3840,2160,2
03_Projekt-MAN Frauen in der Werkstatt,03_Projekt-MAN Frauen in der Werkstatt/03_Medien/05_Footage sortiert/02_B-Roll/Fahrzeuge auf dem Hof/C0795.MP4,0.07,0.0,3840,2160,2
03_Projekt-MAN Frauen in der Werkstatt,03_Projekt-MAN Frauen in der Werkstatt/03_Medien/05_Footage sortiert/02_B-Roll/Fahrzeuge auf dem Hof/C0797.MP4,0.07,0.0,3840,2160,2
03_Projekt-MAN Frauen in der Werkstatt,03_Projekt-MAN Frauen in der Werkstatt/03_Medien/05_Footage sortiert/02_B-Roll/Fahrzeuge auf dem Hof/C0799.MP4,0.07,0.0,3840,2160,2
03_Projekt-MAN Frauen in der Werkstatt,03_Projekt-MAN Frauen in der Werkstatt/03_Medien/05_Footage sortiert/02_B-Roll/Fahrzeuge auf dem Hof/C0803.MP4,0.07,0.0,3840,2160,2
03_Projekt-MAN Frauen in der Werkstatt,03_Projekt-MAN Frauen in der Werkstatt/03_Medien/05_Footage sortiert/02_B-Roll/Fahrzeuge auf dem Hof/C0804.MP4,0.07,0.0,3840,2160,2
03_Projekt-MAN Frauen in der Werkstatt,03_Projekt-MAN Frauen in der Werkstatt/03_Medien/05_Footage sortiert/02_B-Roll/Fahrzeuge auf dem Hof/C0805.MP4,0.07,0.0,3840,2160,2
03_Projekt-MAN Frauen in der Werkstatt,03_Projekt-MAN Frauen in der Werkstatt/03_Medien/05_Footage sortiert/02_B-Roll/Fahrzeuge auf dem Hof/C0810.MP4,0.07,0.0,3840,2160,2
03_Projekt-MAN Frauen in der Werkstatt,03_Projekt-MAN Frauen in der Werkstatt/03_Medien/05_Footage sortiert/02_B-Roll/Fahrzeuge auf dem Hof/C0812.MP4,0.07,0.0,3840,2160,2
03_Projekt-MAN Frauen in der Werkstatt,03_Projekt-MAN Frauen in der Werkstatt/03_Medien/05_Footage sortiert/02_B-Roll/Fahrzeuge auf dem Hof/C0813.MP4,0.07,0.0,3840,2160,2
03_Projekt-MAN Frauen in der Werkstatt,03_Projekt-MAN Frauen in der Werkstatt/03_Medien/05_Footage sortiert/02_B-Roll/Fahrzeuge auf dem Hof/C0814.MP4,0.07,0.0,3840,2160,2
03_Projekt-MAN Frauen in der Werkstatt,03_Projekt-MAN Frauen in der Werkstatt/03_Medien/05_Footage sortiert/02_B-Roll/Fahrzeuge auf dem Hof/C0815.MP4,0.07,0.0,3840,2160,2
03_Projekt-MAN Frauen in der Werkstatt,03_Projekt-MAN Frauen in der Werkstatt/03_Medien/05_Footage sortiert/02_B-Roll/Fahrzeuge auf dem Hof/C0817.MP4,0.07,0.0,3840,2160,2
03_Projekt-MAN Frauen in der Werkstatt,03_Projekt-MAN Frauen in der Werkstatt/03_Medien/05_Footage sortiert/02_B-Roll/Fahrzeuge auf dem Hof/C0818.MP4,0.07,0.0,3840,2160,2
03_Projekt-MAN Frauen in der Werkstatt,03_Projekt-MAN Frauen in der Werkstatt/03_Medien/05_Footage sortiert/02_B-Roll/Fahrzeuge auf dem Hof/C0819.MP4,0.07,0.0,3840,2160,2
03_Projekt-MAN Frauen in der Werkstatt,03_Projekt-MAN Frauen in der Werkstatt/03_Medien/05_Footage sortiert/02_B-Roll/Fahrzeuge auf dem Hof/C0820.MP4,0.07,0.0,3840,2160,2
03_Projekt-MAN Frauen in der Werkstatt,03_Projekt-MAN Frauen in der Werkstatt/03_Medien/05_Footage sortiert/02_B-Roll/Fahrzeuge auf dem Hof/C0821.MP4,0.07,0.0,3840,2160,2
03_Projekt-MAN Frauen in der Werkstatt,03_Projekt-MAN Frauen in der Werkstatt/03_Medien/05_Footage sortiert/02_B-Roll/Fahrzeuge auf dem Hof/C0822.MP4,0.07,0.0,3840,2160,2
03_Projekt-MAN Frauen in der Werkstatt,03_Projekt-MAN Frauen in der Werkstatt/03_Medien/05_Footage sortiert/02_B-Roll/Fahrzeuge auf dem Hof/C0825.MP4,0.07,0.0,3840,2160,2
03_Projekt-MAN Frauen in der Werkstatt,03_Projekt-MAN Frauen in der Werkstatt/03_Medien/05_Footage sortiert/02_B-Roll/Fahrzeuge auf dem Hof/C0826.MP4,0.07,0.0,3840,2160,2
03_Projekt-MAN Frauen in der Werkstatt,03_Projekt-MAN Frauen in der Werkstatt/03_Medien/05_Footage sortiert/02_B-Roll/Fahrzeuge auf dem Hof/C0828.MP4,0.07,0.0,3840,2160,2
03_Projekt-MAN Frauen in der Werkstatt,03_Projekt-MAN Frauen in der Werkstatt/03_Medien/05_Footage sortiert/02_B-Roll/Fahrzeuge auf dem Hof/C0829.MP4,0.07,0.0,3840,2160,2
03_Projekt-MAN Frauen in der Werkstatt,03_Projekt-MAN Frauen in der Werkstatt/03_Medien/05_Footage sortiert/02_B-Roll/Fahrzeuge auf dem Hof/C0830.MP4,0.07,0.0,3840,2160,2
03_Projekt-MAN Frauen in der Werkstatt,03_Projekt-MAN Frauen in der Werkstatt/03_Medien/05_Footage sortiert/02_B-Roll/Fahrzeuge auf dem Hof/C0837.MP4,0.07,0.0,3840,2160,2
03_Projekt-MAN Frauen in der Werkstatt,03_Projekt-MAN Frauen in der Werkstatt/03_Medien/05_Footage sortiert/02_B-Roll/Fahrzeuge auf dem Hof/C0838.MP4,0.07,0.0,3840,2160,2
03_Projekt-MAN Frauen in der Werkstatt,03_Projekt-MAN Frauen in der Werkstatt/03_Medien/05_Footage sortiert/02_B-Roll/Fahrzeuge auf dem Hof/C0841.MP4,0.07,0.0,3840,2160,2
03_Projekt-MAN Frauen in der Werkstatt,03_Projekt-MAN Frauen in der Werkstatt/03_Medien/05_Footage sortiert/02_B-Roll/Fahrzeuge auf dem Hof/C0843.MP4,0.07,0.0,3840,2160,2
03_Projekt-MAN Frauen in der Werkstatt,03_Projekt-MAN Frauen in der Werkstatt/03_Medien/05_Footage sortiert/02_B-Roll/Fahrzeuge auf dem Hof/C0844.MP4,0.07,0.0,3840,2160,2
03_Projekt-MAN Frauen in der Werkstatt,03_Projekt-MAN Frauen in der Werkstatt/03_Medien/05_Footage sortiert/02_B-Roll/Fahrzeuge auf dem Hof/C0845.MP4,0.07,0.0,3840,2160,2
03_Projekt-MAN Frauen in der Werkstatt,03_Projekt-MAN Frauen in der Werkstatt/03_Medien/05_Footage sortiert/02_B-Roll/Fahrzeuge auf dem Hof/C0848.MP4,0.07,0.0,3840,2160,2
03_Projekt-MAN Frauen in der Werkstatt,03_Projekt-MAN Frauen in der Werkstatt/03_Medien/05_Footage sortiert/02_B-Roll/Fahrzeuge auf dem Hof/C0851.MP4,0.07,0.0,3840,2160,2
03_Projekt-MAN Frauen in der Werkstatt,03_Projekt-MAN Frauen in der Werkstatt/03_Medien/05_Footage sortiert/02_B-Roll/Fahrzeuge auf dem Hof/C0852.MP4,0.07,0.0,3840,2160,2
03_Projekt-MAN Frauen in der Werkstatt,03_Projekt-MAN Frauen in der Werkstatt/03_Medien/05_Footage sortiert/02_B-Roll/Fahrzeuge auf dem Hof/C0856.MP4,0.07,0.0,3840,2160,2
03_Projekt-MAN Frauen in der Werkstatt,03_Projekt-MAN Frauen in der Werkstatt/03_Medien/05_Footage sortiert/02_B-Roll/Fahrzeuge auf dem Hof/C0858.MP4,0.07,0.0,3840,2160,2
03_Projekt-MAN Frauen in der Werkstatt,03_Projekt-MAN Frauen in der Werkstatt/03_Medien/05_Footage sortiert/02_B-Roll/Fahrzeuge auf dem Hof/C0861.MP4,0.07,0.0,3840,2160,2
03_Projekt-MAN Frauen in der Werkstatt,03_Projekt-MAN Frauen in der Werkstatt/03_Medien/05_Footage sortiert/02_B-Roll/Fahrzeuge auf dem Hof/C0863.MP4,0.07,0.0,3840,2160,2
03_Projekt-MAN Frauen in der Werkstatt,03_Projekt-MAN Frauen in der Werkstatt/03_Medien/05_Footage sortiert/02_B-Roll/Fahrzeuge auf dem Hof/C0864.MP4,0.07,0.0,3840,2160,2
03_Projekt-MAN Frauen in der Werkstatt,03_Projekt-MAN Frauen in der Werkstatt/03_Medien/05_Footage sortiert/02_B-Roll/Fahrzeuge auf dem Hof/C0866.MP4,0.07,0.0,3840,2160,2
03_Projekt-MAN Frauen in der Werkstatt,03_Projekt-MAN Frauen in der Werkstatt/03_Medien/05_Footage sortiert/02_B-Roll/Fahrzeuge auf dem Hof/C0874.MP4,0.07,0.0,3840,2160,2
03_Projekt-MAN Frauen in der Werkstatt,03_Projekt-MAN Frauen in der Werkstatt/03_Medien/05_Footage sortiert/02_B-Roll/Fahrzeuge auf dem Hof/C0879.MP4,0.07,0.0,3840,2160,2
03_Projekt-MAN Frauen in der Werkstatt,03_Projekt-MAN Frauen in der Werkstatt/03_Medien/05_Footage sortiert/02_B-Roll/Fahrzeuge auf dem Hof/C0881.MP4,0.07,0.0,3840,2160,2
03_Projekt-MAN Frauen in der Werkstatt,03_Projekt-MAN Frauen in der Werkstatt/03_Medien/05_Footage sortiert/02_B-Roll/Fahrzeuge auf dem Hof/C0885.MP4,0.07,0.0,3840,2160,2
03_Projekt-MAN Frauen in der Werkstatt,03_Projekt-MAN Frauen in der Werkstatt/03_Medien/05_Footage sortiert/02_B-Roll/Fahrzeuge auf dem Hof/C0886.MP4,0.07,0.0,3840,2160,2
03_Projekt-MAN Frauen in der Werkstatt,03_Projekt-MAN Frauen in der Werkstatt/03_Medien/05_Footage sortiert/02_B-Roll/Fahrzeuge auf dem Hof/C0887.MP4,0.07,0.0,3840,2160,2
03_Projekt-MAN Frauen in der Werkstatt,03_Projekt-MAN Frauen in der Werkstatt/03_Medien/05_Footage sortiert/02_B-Roll/Fahrzeuge auf dem Hof/C0888.MP4,0.07,0.0,3840,2160,2
03_Projekt-MAN Frauen in der Werkstatt,03_Projekt-MAN Frauen in der Werkstatt/03_Medien/05_Footage sortiert/02_B-Roll/Fahrzeuge auf dem Hof/C0891.MP4,0.07,0.0,3840,2160,2
03_Projekt-MAN Frauen in der Werkstatt,03_Projekt-MAN Frauen in der Werkstatt/03_Medien/05_Footage sortiert/02_B-Roll/Fahrzeuge auf dem Hof/C0892.MP4,0.07,0.0,3840,2160,2
03_Projekt-MAN Frauen in der Werkstatt,03_Projekt-MAN Frauen in der Werkstatt/03_Medien/05_Footage sortiert/02_B-Roll/Fahrzeuge auf dem Hof/C0893.MP4,0.07,0.0,3840,2160,2
03_Projekt-MAN Frauen in der Werkstatt,03_Projekt-MAN Frauen in der Werkstatt/03_Medien/05_Footage sortiert/02_B-Roll/Fahrzeuge auf dem Hof/C0901.MP4,0.07,0.0,3840,2160,2
03_Projekt-MAN Frauen in der Werkstatt,03_Projekt-MAN Frauen in der Werkstatt/03_Medien/05_Footage sortiert/02_B-Roll/Fahrzeuge auf dem Hof/Proxy/FX3_4017.mov,0.07,1.0,540,960,2
03_Projekt-MAN Frauen in der Werkstatt,03_Projekt-MAN Frauen in der Werkstatt/03_Medien/05_Footage sortiert/02_B-Roll/Fahrzeuge auf dem Hof/Proxy/FX3_4021.mov,0.07,1.0,540,960,2
03_Projekt-MAN Frauen in der Werkstatt,03_Projekt-MAN Frauen in der Werkstatt/03_Medien/05_Footage sortiert/02_B-Roll/Fahrzeuge auf dem Hof/Proxy/FX3_4024.mov,0.07,1.0,540,960,2
03_Projekt-MAN Frauen in der Werkstatt,03_Projekt-MAN Frauen in der Werkstatt/03_Medien/05_Footage sortiert/02_B-Roll/Allgemeine Tätigkeiten/Proxy/FX3_0426.mov,0.07,1.0,540,960,2
03_Projekt-MAN Frauen in der Werkstatt,03_Projekt-MAN Frauen in der Werkstatt/03_Medien/05_Footage sortiert/1.2 Kompetenz fährt vor/Hook-Szene/FX3_0470.MP4,0.07,0.0,3840,2160,2
03_Projekt-MAN Frauen in der Werkstatt,03_Projekt-MAN Frauen in der Werkstatt/03_Medien/05_Footage sortiert/1.2 Kompetenz fährt vor/Hook-Szene/FX3_0473.MP4,0.07,0.0,3840,2160,2
03_Projekt-MAN Frauen in der Werkstatt,03_Projekt-MAN Frauen in der Werkstatt/03_Medien/05_Footage sortiert/1.2 Kompetenz fährt vor/Hook-Szene/FX3_0474.MP4,0.07,0.0,3840,2160,2
03_Projekt-MAN Frauen in der Werkstatt,03_Projekt-MAN Frauen in der Werkstatt/03_Medien/05_Footage sortiert/1.2 Kompetenz fährt vor/Hook-Szene/C9261.MP4,0.07,0.0,3840,2160,2
03_Projekt-MAN Frauen in der Werkstatt,03_Projekt-MAN Frauen in der Werkstatt/03_Medien/05_Footage sortiert/1.2 Kompetenz fährt vor/Hook-Szene/C9263.MP4,0.07,0.0,3840,2160,2
03_Projekt-MAN Frauen in der Werkstatt,03_Projekt-MAN Frauen in der Werkstatt/03_Medien/05_Footage sortiert/1.2 Kompetenz fährt vor/Hook-Szene/C9267.MP4,0.07,0.0,3840,2160,2
03_Projekt-MAN Frauen in der Werkstatt,03_Projekt-MAN Frauen in der Werkstatt/03_Medien/05_Footage sortiert/1.2 Kompetenz fährt vor/Hook-Szene/C9269.MP4,0.07,0.0,3840,2160,2
03_Projekt-MAN Frauen in der Werkstatt,03_Projekt-MAN Frauen in der Werkstatt/03_Medien/05_Footage sortiert/1.2 Kompetenz fährt vor/Hook-Szene/C9273.MP4,0.07,0.0,3840,2160,2
03_Projekt-MAN Frauen in der Werkstatt,03_Projekt-MAN Frauen in der Werkstatt/03_Medien/05_Footage sortiert/1.2 Kompetenz fährt vor/Hook-Szene/C9276.MP4,0.07,0.0,3840,2160,2
03_Projekt-MAN Frauen in der Werkstatt,03_Projekt-MAN Frauen in der Werkstatt/03_Medien/05_Footage sortiert/1.2 Kompetenz fährt vor/Hook-Szene/C9279.MP4,0.07,0.0,3840,2160,2
03_Projekt-MAN Frauen in der Werkstatt,03_Projekt-MAN Frauen in der Werkstatt/03_Medien/05_Footage sortiert/1.2 Kompetenz fährt vor/Hook-Szene/C9282.MP4,0.07,0.0,3840,2160,2
03_Projekt-MAN Frauen in der Werkstatt,03_Projekt-MAN Frauen in der Werkstatt/03_Medien/02_Assets/03_Bildmaterial/6592078_Noise Abstract Glitch Glitch Texture_By_Hermit_Sage_Creative_Studio_Artlist_4K.mp4,0.07,0.2,3840,2160,0
03_Projekt-MAN Frauen in der Werkstatt,03_Projekt-MAN Frauen in der Werkstatt/03_Medien/02_Assets/04_Stock Footage/z_Upload-Image---Internal-Only-Style-d3d4279a-2.mp4,0.07,0.2,1212,2152,0
03_Projekt-MAN Frauen in der Werkstatt,03_Projekt-MAN Frauen in der Werkstatt/03_Medien/02_Assets/04_Stock Footage/MAN Driving Professionals： EfficientCruise ｜ MAN Truck & Bus.mp4,0.07,4.4,1920,1080,2
03_Projekt-MAN Frauen in der Werkstatt,03_Projekt-MAN Frauen in der Werkstatt/03_Medien/01_Footage/Kamera-C Fuji DN/DSCF8016.MOV,0.07,0.1,3840,2160,2
03_Projekt-MAN Frauen in der Werkstatt,03_Projekt-MAN Frauen in der Werkstatt/03_Medien/01_Footage/Kamera-C Fuji DN/DSCF7886.MOV,0.07,0.1,3840,2160,2
03_Projekt-MAN Frauen in der Werkstatt,03_Projekt-MAN Frauen in der Werkstatt/03_Medien/01_Footage/Kamera-C Fuji DN/DSCF7825.MOV,0.07,0.1,3840,2160,2
03_Projekt-MAN Frauen in der Werkstatt,03_Projekt-MAN Frauen in der Werkstatt/03_Medien/01_Footage/Kamera-C Fuji DN/DSCF7706.MOV,0.07,0.1,3840,2160,2
03_Projekt-MAN Frauen in der Werkstatt,03_Projekt-MAN Frauen in der Werkstatt/03_Medien/01_Footage/Kamera-C Fuji DN/DSCF7620.MOV,0.07,0.1,3840,2160,2
03_Projekt-MAN Frauen in der Werkstatt,03_Projekt-MAN Frauen in der Werkstatt/03_Medien/05_Footage sortiert/02_B-Roll/Fahrzeuge auf dem Hof/Proxy/FX3_4012.mov,0.06,0.9,540,960,2
03_Projekt-MAN Frauen in der Werkstatt,03_Projekt-MAN Frauen in der Werkstatt/03_Medien/05_Footage sortiert/02_B-Roll/Fahrzeuge auf dem Hof/Proxy/FX3_4016.mov,0.06,0.9,540,960,2
03_Projekt-MAN Frauen in der Werkstatt,03_Projekt-MAN Frauen in der Werkstatt/03_Medien/05_Footage sortiert/02_B-Roll/TGE/Proxy/FX3_0520.mov,0.06,0.9,540,960,2
03_Projekt-MAN Frauen in der Werkstatt,03_Projekt-MAN Frauen in der Werkstatt/03_Medien/05_Footage sortiert/02_B-Roll/Roter LKW/Proxy/FX3_0468.mov,0.06,0.9,540,960,2
03_Projekt-MAN Frauen in der Werkstatt,03_Projekt-MAN Frauen in der Werkstatt/03_Medien/05_Footage sortiert/02_B-Roll/Grüner LKW/Proxy/C9015.mov,0.06,0.8,540,960,2
03_Projekt-MAN Frauen in der Werkstatt,03_Projekt-MAN Frauen in der Werkstatt/03_Medien/05_Footage sortiert/02_B-Roll/Grüner LKW/Proxy/FX3_0433.mov,0.06,0.8,540,960,2
03_Projekt-MAN Frauen in der Werkstatt,03_Projekt-MAN Frauen in der Werkstatt/03_Medien/05_Footage sortiert/02_B-Roll/Grüner LKW/Proxy/FX3_0463.mov,0.06,0.8,540,960,2
03_Projekt-MAN Frauen in der Werkstatt,03_Projekt-MAN Frauen in der Werkstatt/03_Medien/02_Assets/03_Bildmaterial/178650_Rapid images and colors _By_Coral_Yefet_Artlist_4K.mp4,0.06,0.2,4096,2160,0
03_Projekt-MAN Frauen in der Werkstatt,03_Projekt-MAN Frauen in der Werkstatt/03_Medien/02_Assets/03_Bildmaterial/6592080_Noise Abstract Glitch Glitch Texture_By_Hermit_Sage_Creative_Studio_Artlist_4K.mp4,0.06,0.2,3840,2160,0
03_Projekt-MAN Frauen in der Werkstatt,03_Projekt-MAN Frauen in der Werkstatt/03_Medien/01_Footage/Kamera-C Fuji DN/DSCF7830.MOV,0.06,0.1,3840,2160,2
03_Projekt-MAN Frauen in der Werkstatt,03_Projekt-MAN Frauen in der Werkstatt/03_Medien/01_Footage/Kamera-C Fuji DN/DSCF7705.MOV,0.06,0.1,3840,2160,2
03_Projekt-MAN Frauen in der Werkstatt,03_Projekt-MAN Frauen in der Werkstatt/03_Medien/01_Footage/Kamera-C Fuji DN/Proxy/DSCF8127.mov,0.06,1.2,540,960,2
03_Projekt-MAN Frauen in der Werkstatt,03_Projekt-MAN Frauen in der Werkstatt/03_Medien/05_Footage sortiert/Drohnenfootage/Proxy/DJI_0106.mov,0.05,0.7,960,540,0
03_Projekt-MAN Frauen in der Werkstatt,03_Projekt-MAN Frauen in der Werkstatt/03_Medien/05_Footage sortiert/02_B-Roll/Grüner LKW/Proxy/C9018.mov,0.05,0.7,540,960,2
03_Projekt-MAN Frauen in der Werkstatt,03_Projekt-MAN Frauen in der Werkstatt/03_Medien/05_Footage sortiert/02_B-Roll/Grüner LKW/Proxy/FX3_0448.mov,0.05,0.8,540,960,2
03_Projekt-MAN Frauen in der Werkstatt,03_Projekt-MAN Frauen in der Werkstatt/03_Medien/01_Footage/Kamera-C Fuji DN/DSCF8104.MOV,0.05,0.1,3840,2160,2
03_Projekt-MAN Frauen in der Werkstatt,03_Projekt-MAN Frauen in der Werkstatt/03_Medien/01_Footage/Kamera-C Fuji DN/DSCF7992.MOV,0.05,0.1,3840,2160,2
03_Projekt-MAN Frauen in der Werkstatt,03_Projekt-MAN Frauen in der Werkstatt/03_Medien/01_Footage/Kamera-C Fuji DN/DSCF7616.MOV,0.05,0.1,3840,2160,2
03_Projekt-MAN Frauen in der Werkstatt,03_Projekt-MAN Frauen in der Werkstatt/05_Finale Videos/4.2 Feed.mov,0.04,1.2,1080,1350,2
03_Projekt-MAN Frauen in der Werkstatt,03_Projekt-MAN Frauen in der Werkstatt/03_Medien/04_Story-Videos/copy_0320FB53-6602-4F27-9748-7B05889A6510.mov,0.04,0.5,1032,1834,2
03_Projekt-MAN Frauen in der Werkstatt,03_Projekt-MAN Frauen in der Werkstatt/03_Medien/05_Footage sortiert/Drohnenfootage/Proxy/DJI_0109.mov,0.04,0.6,960,540,0
03_Projekt-MAN Frauen in der Werkstatt,03_Projekt-MAN Frauen in der Werkstatt/03_Medien/05_Footage sortiert/02_B-Roll/Fahrzeuge auf dem Hof/Proxy/FX3_4005.mov,0.04,0.6,540,960,2
03_Projekt-MAN Frauen in der Werkstatt,03_Projekt-MAN Frauen in der Werkstatt/03_Medien/05_Footage sortiert/02_B-Roll/Fahrzeuge auf dem Hof/Proxy/FX3_4010.mov,0.04,0.6,540,960,2
03_Projekt-MAN Frauen in der Werkstatt,03_Projekt-MAN Frauen in der Werkstatt/03_Medien/05_Footage sortiert/02_B-Roll/Fahrzeuge auf dem Hof/Proxy/FX3_4011.mov,0.04,0.6,540,960,2
03_Projekt-MAN Frauen in der Werkstatt,03_Projekt-MAN Frauen in der Werkstatt/03_Medien/05_Footage sortiert/02_B-Roll/Fahrzeuge auf dem Hof/Proxy/FX3_4014.mov,0.04,0.6,540,960,2
03_Projekt-MAN Frauen in der Werkstatt,03_Projekt-MAN Frauen in der Werkstatt/03_Medien/05_Footage sortiert/02_B-Roll/TGE/Proxy/FX3_0521.mov,0.04,0.6,540,960,2
03_Projekt-MAN Frauen in der Werkstatt,03_Projekt-MAN Frauen in der Werkstatt/03_Medien/05_Footage sortiert/02_B-Roll/Grüner LKW/Proxy/FX3_0432.mov,0.04,0.6,540,960,2
03_Projekt-MAN Frauen in der Werkstatt,03_Projekt-MAN Frauen in der Werkstatt/03_Medien/05_Footage sortiert/02_B-Roll/Grüner LKW/Proxy/FX3_0451.mov,0.04,0.6,540,960,2
03_Projekt-MAN Frauen in der Werkstatt,03_Projekt-MAN Frauen in der Werkstatt/03_Medien/05_Footage sortiert/1.2 Kompetenz fährt vor/Hook-Szene/Proxy/C9254.mov,0.04,0.5,540,960,2
03_Projekt-MAN Frauen in der Werkstatt,03_Projekt-MAN Frauen in der Werkstatt/03_Medien/05_Footage sortiert/1.2 Kompetenz fährt vor/Hook-Szene/Proxy/FX3_0481.mov,0.04,0.9,540,960,2
03_Projekt-MAN Frauen in der Werkstatt,03_Projekt-MAN Frauen in der Werkstatt/03_Medien/05_Footage sortiert/1.2 Kompetenz fährt vor/Hook-Szene/Proxy/FX3_0486.mov,0.04,0.6,540,960,2
03_Projekt-MAN Frauen in der Werkstatt,03_Projekt-MAN Frauen in der Werkstatt/03_Medien/02_Assets/03_Bildmaterial/178621_Broken screen _By_Coral_Yefet_Artlist_4K.mp4,0.04,0.1,4096,2160,0
03_Projekt-MAN Frauen in der Werkstatt,03_Projekt-MAN Frauen in der Werkstatt/03_Medien/02_Assets/03_Bildmaterial/6592073_Noise Abstract Glitch Glitch Texture_By_Hermit_Sage_Creative_Studio_Artlist_4K.mp4,0.04,0.1,3840,2160,0
03_Projekt-MAN Frauen in der Werkstatt,03_Projekt-MAN Frauen in der Werkstatt/03_Medien/02_Assets/03_Bildmaterial/6592072_Noise Abstract Glitch Glitch Texture_By_Hermit_Sage_Creative_Studio_Artlist_4K.mp4,0.04,0.1,3840,2160,0
03_Projekt-MAN Frauen in der Werkstatt,03_Projekt-MAN Frauen in der Werkstatt/03_Medien/01_Footage/Kamera-C Fuji DN/DSCF8009.MOV,0.04,0.1,3840,2160,2
03_Projekt-MAN Frauen in der Werkstatt,03_Projekt-MAN Frauen in der Werkstatt/03_Medien/01_Footage/Kamera-C Fuji DN/DSCF7696.MOV,0.04,0.1,3840,2160,2
03_Projekt-MAN Frauen in der Werkstatt,03_Projekt-MAN Frauen in der Werkstatt/03_Medien/01_Footage/Kamera-C Fuji DN/Proxy/DSCF7888.mov,0.04,0.8,540,960,2
03_Projekt-MAN Frauen in der Werkstatt,03_Projekt-MAN Frauen in der Werkstatt/05_Finale Videos/4.3 Feed.mov,0.03,1.0,1080,1350,2
03_Projekt-MAN Frauen in der Werkstatt,03_Projekt-MAN Frauen in der Werkstatt/05_Finale Videos/4.1 Feed.mov,0.03,1.1,1080,1350,2
03_Projekt-MAN Frauen in der Werkstatt,03_Projekt-MAN Frauen in der Werkstatt/03_Medien/05_Footage sortiert/Lagerfootage/Proxy/FX3_0530.mov,0.03,0.4,540,960,2
03_Projekt-MAN Frauen in der Werkstatt,03_Projekt-MAN Frauen in der Werkstatt/03_Medien/05_Footage sortiert/02_B-Roll/Fahrzeuge auf dem Hof/Proxy/FX3_4002.mov,0.03,0.4,540,960,2
03_Projekt-MAN Frauen in der Werkstatt,03_Projekt-MAN Frauen in der Werkstatt/03_Medien/05_Footage sortiert/02_B-Roll/Fahrzeuge auf dem Hof/Proxy/FX3_4001.mov,0.03,0.4,540,960,2
03_Projekt-MAN Frauen in der Werkstatt,03_Projekt-MAN Frauen in der Werkstatt/03_Medien/05_Footage sortiert/02_B-Roll/Fahrzeuge auf dem Hof/Proxy/FX3_4007.mov,0.03,0.4,540,960,2
03_Projekt-MAN Frauen in der Werkstatt,03_Projekt-MAN Frauen in der Werkstatt/03_Medien/05_Footage sortiert/02_B-Roll/Fahrzeuge auf dem Hof/Proxy/FX3_4008.mov,0.03,0.5,540,960,2
03_Projekt-MAN Frauen in der Werkstatt,03_Projekt-MAN Frauen in der Werkstatt/03_Medien/05_Footage sortiert/02_B-Roll/Fahrzeuge auf dem Hof/Proxy/FX3_4027.mov,0.03,0.5,540,960,2
03_Projekt-MAN Frauen in der Werkstatt,03_Projekt-MAN Frauen in der Werkstatt/03_Medien/05_Footage sortiert/02_B-Roll/Reisebus/Proxy/FX3_0542.mov,0.03,0.4,540,960,2
03_Projekt-MAN Frauen in der Werkstatt,03_Projekt-MAN Frauen in der Werkstatt/03_Medien/05_Footage sortiert/02_B-Roll/Reisebus/Proxy/FX3_0527.mov,0.03,0.5,540,960,2
03_Projekt-MAN Frauen in der Werkstatt,03_Projekt-MAN Frauen in der Werkstatt/03_Medien/05_Footage sortiert/02_B-Roll/Reisebus/Proxy/FX3_0549.mov,0.03,0.5,540,960,2
03_Projekt-MAN Frauen in der Werkstatt,03_Projekt-MAN Frauen in der Werkstatt/03_Medien/05_Footage sortiert/02_B-Roll/Reisebus/Proxy/FX3_0555.mov,0.03,0.4,540,960,2
03_Projekt-MAN Frauen in der Werkstatt,03_Projekt-MAN Frauen in der Werkstatt/03_Medien/05_Footage sortiert/02_B-Roll/TGE/Proxy/FX3_0514.mov,0.03,0.4,540,960,2
03_Projekt-MAN Frauen in der Werkstatt,03_Projekt-MAN Frauen in der Werkstatt/03_Medien/05_Footage sortiert/02_B-Roll/Teamfoto/Proxy/C9297.mov,0.03,0.7,960,540,2
03_Projekt-MAN Frauen in der Werkstatt,03_Projekt-MAN Frauen in der Werkstatt/03_Medien/05_Footage sortiert/02_B-Roll/Roter LKW/Proxy/FX3_0469.mov,0.03,0.4,540,960,2
03_Projekt-MAN Frauen in der Werkstatt,03_Projekt-MAN Frauen in der Werkstatt/03_Medien/05_Footage sortiert/02_B-Roll/Allgemeine Tätigkeiten/Proxy/C0740.mov,0.03,0.4,540,960,2
03_Projekt-MAN Frauen in der Werkstatt,03_Projekt-MAN Frauen in der Werkstatt/03_Medien/05_Footage sortiert/02_B-Roll/Allgemeine Tätigkeiten/Proxy/FX3_0425.mov,0.03,0.4,540,960,2
03_Projekt-MAN Frauen in der Werkstatt,03_Projekt-MAN Frauen in der Werkstatt/03_Medien/05_Footage sortiert/02_B-Roll/Grüner LKW/Proxy/C9017.mov,0.03,0.5,540,960,2
03_Projekt-MAN Frauen in der Werkstatt,03_Projekt-MAN Frauen in der Werkstatt/03_Medien/05_Footage sortiert/02_B-Roll/Grüner LKW/Proxy/C9187.mov,0.03,0.4,540,960,2
03_Projekt-MAN Frauen in der Werkstatt,03_Projekt-MAN Frauen in der Werkstatt/03_Medien/05_Footage sortiert/02_B-Roll/Grüner LKW/Proxy/FX3_0399.mov,0.03,0.4,540,960,2
03_Projekt-MAN Frauen in der Werkstatt,03_Projekt-MAN Frauen in der Werkstatt/03_Medien/05_Footage sortiert/02_B-Roll/Grüner LKW/Proxy/FX3_0434.mov,0.03,0.5,540,960,2
03_Projekt-MAN Frauen in der Werkstatt,03_Projekt-MAN Frauen in der Werkstatt/03_Medien/05_Footage sortiert/02_B-Roll/Grüner LKW/Proxy/FX3_0441.mov,0.03,0.4,540,960,2
03_Projekt-MAN Frauen in der Werkstatt,03_Projekt-MAN Frauen in der Werkstatt/03_Medien/05_Footage sortiert/02_B-Roll/Grüner LKW/Proxy/FX3_0445.mov,0.03,0.5,540,960,2
03_Projekt-MAN Frauen in der Werkstatt,03_Projekt-MAN Frauen in der Werkstatt/03_Medien/05_Footage sortiert/02_B-Roll/Grüner LKW/Proxy/FX3_0465.mov,0.03,0.4,540,960,2
03_Projekt-MAN Frauen in der Werkstatt,03_Projekt-MAN Frauen in der Werkstatt/03_Medien/05_Footage sortiert/02_B-Roll/Grüner LKW/Proxy/FX3_0467.mov,0.03,0.4,540,960,2
03_Projekt-MAN Frauen in der Werkstatt,03_Projekt-MAN Frauen in der Werkstatt/03_Medien/05_Footage sortiert/1.2 Kompetenz fährt vor/Hook-Szene/Proxy/C9256.mov,0.03,0.5,540,960,2
03_Projekt-MAN Frauen in der Werkstatt,03_Projekt-MAN Frauen in der Werkstatt/03_Medien/05_Footage sortiert/1.2 Kompetenz fährt vor/Hook-Szene/Proxy/FX3_0471.mov,0.03,0.6,540,960,2
03_Projekt-MAN Frauen in der Werkstatt,03_Projekt-MAN Frauen in der Werkstatt/03_Medien/02_Assets/03_Bildmaterial/225709_Effect Overlay Grainy Film Grain_By_Eden_Omer_Levi_Artlist_HD.mp4,0.03,0.1,1920,1080,2
03_Projekt-MAN Frauen in der Werkstatt,03_Projekt-MAN Frauen in der Werkstatt/03_Medien/01_Footage/Kamera-C Fuji DN/DSCF7885.MOV,0.03,0.0,3840,2160,2
03_Projekt-MAN Frauen in der Werkstatt,03_Projekt-MAN Frauen in der Werkstatt/03_Medien/01_Footage/Kamera-C Fuji DN/DSCF7639.MOV,0.03,0.0,3840,2160,2
03_Projekt-MAN Frauen in der Werkstatt,03_Projekt-MAN Frauen in der Werkstatt/03_Medien/01_Footage/Kamera-C Fuji DN/DSCF7617.MOV,0.03,0.0,3840,2160,2
03_Projekt-MAN Frauen in der Werkstatt,03_Projekt-MAN Frauen in der Werkstatt/04_Exportiert/TGE Video/TGE Video mit Overlay.mov,0.02,0.1,2160,3840,2
03_Projekt-MAN Frauen in der Werkstatt,03_Projekt-MAN Frauen in der Werkstatt/04_Exportiert/TGE Video/TGE Video ohne Overlay.mov,0.02,0.1,2160,3840,2
03_Projekt-MAN Frauen in der Werkstatt,03_Projekt-MAN Frauen in der Werkstatt/03_Medien/04_Story-Videos/copy_7B5B4527-E83B-4B94-99AF-6CA8496C90E0.mov,0.02,0.3,1032,1834,2
03_Projekt-MAN Frauen in der Werkstatt,03_Projekt-MAN Frauen in der Werkstatt/03_Medien/05_Footage sortiert/Drohnenfootage/Proxy/DJI_0108.mov,0.02,0.3,960,540,0
03_Projekt-MAN Frauen in der Werkstatt,03_Projekt-MAN Frauen in der Werkstatt/03_Medien/05_Footage sortiert/Lagerfootage/Proxy/FX3_0534.mov,0.02,0.3,540,960,2
03_Projekt-MAN Frauen in der Werkstatt,03_Projekt-MAN Frauen in der Werkstatt/03_Medien/05_Footage sortiert/Lagerfootage/Proxy/FX3_0535.mov,0.02,0.4,540,960,2
03_Projekt-MAN Frauen in der Werkstatt,03_Projekt-MAN Frauen in der Werkstatt/03_Medien/05_Footage sortiert/Lagerfootage/Proxy/FX3_0540.mov,0.02,0.3,540,960,2
03_Projekt-MAN Frauen in der Werkstatt,03_Projekt-MAN Frauen in der Werkstatt/03_Medien/05_Footage sortiert/02_B-Roll/Fahrzeuge auf dem Hof/Proxy/FX3_0556.mov,0.02,0.3,540,960,2
03_Projekt-MAN Frauen in der Werkstatt,03_Projekt-MAN Frauen in der Werkstatt/03_Medien/05_Footage sortiert/02_B-Roll/Fahrzeuge auf dem Hof/Proxy/FX3_4022.mov,0.02,0.3,540,960,2
03_Projekt-MAN Frauen in der Werkstatt,03_Projekt-MAN Frauen in der Werkstatt/03_Medien/05_Footage sortiert/02_B-Roll/Fahrzeuge auf dem Hof/Proxy/FX3_4028.mov,0.02,0.2,540,960,2
03_Projekt-MAN Frauen in der Werkstatt,03_Projekt-MAN Frauen in der Werkstatt/03_Medien/05_Footage sortiert/02_B-Roll/Fahrzeuge auf dem Hof/Proxy/FX3_4030.mov,0.02,0.2,540,960,2
03_Projekt-MAN Frauen in der Werkstatt,03_Projekt-MAN Frauen in der Werkstatt/03_Medien/05_Footage sortiert/02_B-Roll/Fahrzeuge auf dem Hof/Proxy/FX3_4031.mov,0.02,0.3,540,960,2
03_Projekt-MAN Frauen in der Werkstatt,03_Projekt-MAN Frauen in der Werkstatt/03_Medien/05_Footage sortiert/02_B-Roll/Fahrzeuge auf dem Hof/Proxy/FX3_4032.mov,0.02,0.3,540,960,2
03_Projekt-MAN Frauen in der Werkstatt,03_Projekt-MAN Frauen in der Werkstatt/03_Medien/05_Footage sortiert/02_B-Roll/Fahrzeuge auf dem Hof/Proxy/FX3_4032_stabilized.mov,0.02,0.3,540,960,0
03_Projekt-MAN Frauen in der Werkstatt,03_Projekt-MAN Frauen in der Werkstatt/03_Medien/05_Footage sortiert/02_B-Roll/Fahrzeuge auf dem Hof/Proxy/FX3_4024_3stabilized.mov,0.02,0.3,540,960,0
03_Projekt-MAN Frauen in der Werkstatt,03_Projekt-MAN Frauen in der Werkstatt/03_Medien/05_Footage sortiert/02_B-Roll/Reisebus/Proxy/FX3_0529.mov,0.02,0.4,540,960,2
03_Projekt-MAN Frauen in der Werkstatt,03_Projekt-MAN Frauen in der Werkstatt/03_Medien/05_Footage sortiert/02_B-Roll/Reisebus/Proxy/FX3_0525.mov,0.02,0.3,540,960,2
03_Projekt-MAN Frauen in der Werkstatt,03_Projekt-MAN Frauen in der Werkstatt/03_Medien/05_Footage sortiert/02_B-Roll/Reisebus/Proxy/FX3_0551.mov,0.02,0.2,540,960,2
03_Projekt-MAN Frauen in der Werkstatt,03_Projekt-MAN Frauen in der Werkstatt/03_Medien/05_Footage sortiert/02_B-Roll/TGE/Proxy/FX3_0508.mov,0.02,0.3,540,960,2
03_Projekt-MAN Frauen in der Werkstatt,03_Projekt-MAN Frauen in der Werkstatt/03_Medien/05_Footage sortiert/02_B-Roll/TGE/Proxy/FX3_0505.mov,0.02,0.3,540,960,2
03_Projekt-MAN Frauen in der Werkstatt,03_Projekt-MAN Frauen in der Werkstatt/03_Medien/05_Footage sortiert/02_B-Roll/TGE/Proxy/FX3_0513.mov,0.02,0.3,540,960,2
03_Projekt-MAN Frauen in der Werkstatt,03_Projekt-MAN Frauen in der Werkstatt/03_Medien/05_Footage sortiert/02_B-Roll/TGE/Proxy/FX3_0511.mov,0.02,0.2,540,960,2
03_Projekt-MAN Frauen in der Werkstatt,03_Projekt-MAN Frauen in der Werkstatt/03_Medien/05_Footage sortiert/02_B-Roll/TGE/Proxy/FX3_0515.mov,0.02,0.3,540,960,2
03_Projekt-MAN Frauen in der Werkstatt,03_Projekt-MAN Frauen in der Werkstatt/03_Medien/05_Footage sortiert/02_B-Roll/TGE/Proxy/FX3_0518.mov,0.02,0.3,540,960,2
03_Projekt-MAN Frauen in der Werkstatt,03_Projekt-MAN Frauen in der Werkstatt/03_Medien/05_Footage sortiert/02_B-Roll/Teamfoto/Proxy/FX3_0499.mov,0.02,0.2,540,960,2
03_Projekt-MAN Frauen in der Werkstatt,03_Projekt-MAN Frauen in der Werkstatt/03_Medien/05_Footage sortiert/02_B-Roll/Roter LKW/Proxy/C9248.mov,0.02,0.2,540,960,2
03_Projekt-MAN Frauen in der Werkstatt,03_Projekt-MAN Frauen in der Werkstatt/03_Medien/05_Footage sortiert/02_B-Roll/Roter LKW/Proxy/C9311.mov,0.02,0.2,540,960,2
03_Projekt-MAN Frauen in der Werkstatt,03_Projekt-MAN Frauen in der Werkstatt/03_Medien/05_Footage sortiert/02_B-Roll/Allgemeine Tätigkeiten/Proxy/C9375.mov,0.02,0.2,540,960,2
03_Projekt-MAN Frauen in der Werkstatt,03_Projekt-MAN Frauen in der Werkstatt/03_Medien/05_Footage sortiert/02_B-Roll/Allgemeine Tätigkeiten/Proxy/C9378.mov,0.02,0.3,540,960,2
03_Projekt-MAN Frauen in der Werkstatt,03_Projekt-MAN Frauen in der Werkstatt/03_Medien/05_Footage sortiert/02_B-Roll/Allgemeine Tätigkeiten/Proxy/FX3_0427.mov,0.02,0.3,540,960,2
03_Projekt-MAN Frauen in der Werkstatt,03_Projekt-MAN Frauen in der Werkstatt/03_Medien/05_Footage sortiert/02_B-Roll/Allgemeine Tätigkeiten/Proxy/FX3_0429.mov,0.02,0.2,540,960,2
03_Projekt-MAN Frauen in der Werkstatt,03_Projekt-MAN Frauen in der Werkstatt/03_Medien/05_Footage sortiert/02_B-Roll/Grüner LKW/Proxy/C8960.mov,0.02,0.2,540,960,2
03_Projekt-MAN Frauen in der Werkstatt,03_Projekt-MAN Frauen in der Werkstatt/03_Medien/05_Footage sortiert/02_B-Roll/Grüner LKW/Proxy/C9019.mov,0.02,0.3,540,960,2
03_Projekt-MAN Frauen in der Werkstatt,03_Projekt-MAN Frauen in der Werkstatt/03_Medien/05_Footage sortiert/02_B-Roll/Grüner LKW/Proxy/C9021.mov,0.02,0.4,960,540,2
03_Projekt-MAN Frauen in der Werkstatt,03_Projekt-MAN Frauen in der Werkstatt/03_Medien/05_Footage sortiert/02_B-Roll/Grüner LKW/Proxy/C9022.mov,0.02,0.3,960,540,2
03_Projekt-MAN Frauen in der Werkstatt,03_Projekt-MAN Frauen in der Werkstatt/03_Medien/05_Footage sortiert/02_B-Roll/Grüner LKW/Proxy/C9026.mov,0.02,0.3,960,540,2
03_Projekt-MAN Frauen in der Werkstatt,03_Projekt-MAN Frauen in der Werkstatt/03_Medien/05_Footage sortiert/02_B-Roll/Grüner LKW/Proxy/C9152.mov,0.02,0.2,540,960,2
03_Projekt-MAN Frauen in der Werkstatt,03_Projekt-MAN Frauen in der Werkstatt/03_Medien/05_Footage sortiert/02_B-Roll/Grüner LKW/Proxy/C9188.mov,0.02,0.2,540,960,2
03_Projekt-MAN Frauen in der Werkstatt,03_Projekt-MAN Frauen in der Werkstatt/03_Medien/05_Footage sortiert/02_B-Roll/Grüner LKW/Proxy/FX3_0398.mov,0.02,0.3,540,960,2
03_Projekt-MAN Frauen in der Werkstatt,03_Projekt-MAN Frauen in der Werkstatt/03_Medien/05_Footage sortiert/02_B-Roll/Grüner LKW/Proxy/FX3_0402.mov,0.02,0.3,540,960,2
03_Projekt-MAN Frauen in der Werkstatt,03_Projekt-MAN Frauen in der Werkstatt/03_Medien/05_Footage sortiert/02_B-Roll/Grüner LKW/Proxy/FX3_0403.mov,0.02,0.3,540,960,2
03_Projekt-MAN Frauen in der Werkstatt,03_Projekt-MAN Frauen in der Werkstatt/03_Medien/05_Footage sortiert/02_B-Roll/Grüner LKW/Proxy/FX3_0410.mov,0.02,0.3,540,960,2
03_Projekt-MAN Frauen in der Werkstatt,03_Projekt-MAN Frauen in der Werkstatt/03_Medien/05_Footage sortiert/02_B-Roll/Grüner LKW/Proxy/FX3_0412.mov,0.02,0.3,540,960,2
03_Projekt-MAN Frauen in der Werkstatt,03_Projekt-MAN Frauen in der Werkstatt/03_Medien/05_Footage sortiert/02_B-Roll/Grüner LKW/Proxy/FX3_0423.mov,0.02,0.4,540,960,2
03_Projekt-MAN Frauen in der Werkstatt,03_Projekt-MAN Frauen in der Werkstatt/03_Medien/05_Footage sortiert/02_B-Roll/Grüner LKW/Proxy/FX3_0424.mov,0.02,0.2,540,960,2
03_Projekt-MAN Frauen in der Werkstatt,03_Projekt-MAN Frauen in der Werkstatt/03_Medien/05_Footage sortiert/02_B-Roll/Grüner LKW/Proxy/FX3_0430.mov,0.02,0.3,540,960,2
03_Projekt-MAN Frauen in der Werkstatt,03_Projekt-MAN Frauen in der Werkstatt/03_Medien/05_Footage sortiert/02_B-Roll/Grüner LKW/Proxy/FX3_0437.mov,0.02,0.2,540,960,2
03_Projekt-MAN Frauen in der Werkstatt,03_Projekt-MAN Frauen in der Werkstatt/03_Medien/05_Footage sortiert/02_B-Roll/Grüner LKW/Proxy/FX3_0438.mov,0.02,0.3,540,960,2
03_Projekt-MAN Frauen in der Werkstatt,03_Projekt-MAN Frauen in der Werkstatt/03_Medien/05_Footage sortiert/02_B-Roll/Grüner LKW/Proxy/FX3_0443.mov,0.02,0.3,540,960,2
03_Projekt-MAN Frauen in der Werkstatt,03_Projekt-MAN Frauen in der Werkstatt/03_Medien/05_Footage sortiert/02_B-Roll/Grüner LKW/Proxy/FX3_0446.mov,0.02,0.2,540,960,2
03_Projekt-MAN Frauen in der Werkstatt,03_Projekt-MAN Frauen in der Werkstatt/03_Medien/05_Footage sortiert/02_B-Roll/Grüner LKW/Proxy/FX3_0450.mov,0.02,0.3,540,960,2
03_Projekt-MAN Frauen in der Werkstatt,03_Projekt-MAN Frauen in der Werkstatt/03_Medien/05_Footage sortiert/02_B-Roll/Grüner LKW/Proxy/FX3_0452.mov,0.02,0.2,540,960,2
03_Projekt-MAN Frauen in der Werkstatt,03_Projekt-MAN Frauen in der Werkstatt/03_Medien/05_Footage sortiert/02_B-Roll/Grüner LKW/Proxy/FX3_0457.mov,0.02,0.2,540,960,2
03_Projekt-MAN Frauen in der Werkstatt,03_Projekt-MAN Frauen in der Werkstatt/03_Medien/05_Footage sortiert/02_B-Roll/Grüner LKW/Proxy/FX3_0466.mov,0.02,0.3,540,960,2
03_Projekt-MAN Frauen in der Werkstatt,03_Projekt-MAN Frauen in der Werkstatt/03_Medien/05_Footage sortiert/01_Interviews/04_Interview Markus Chef/02_Perspektive B/Proxy/C9299.mov,0.02,0.4,540,960,2
03_Projekt-MAN Frauen in der Werkstatt,03_Projekt-MAN Frauen in der Werkstatt/03_Medien/05_Footage sortiert/1.2 Kompetenz fährt vor/Hook-Szene/Proxy/C9260.mov,0.02,0.3,540,960,2
03_Projekt-MAN Frauen in der Werkstatt,03_Projekt-MAN Frauen in der Werkstatt/03_Medien/05_Footage sortiert/1.2 Kompetenz fährt vor/Hook-Szene/Proxy/FX3_0478.mov,0.02,0.3,540,960,2
03_Projekt-MAN Frauen in der Werkstatt,03_Projekt-MAN Frauen in der Werkstatt/03_Medien/05_Footage sortiert/1.2 Kompetenz fährt vor/Hook-Szene/Proxy/FX3_0476.mov,0.02,0.4,540,960,2
03_Projekt-MAN Frauen in der Werkstatt,03_Projekt-MAN Frauen in der Werkstatt/03_Medien/05_Footage sortiert/1.2 Kompetenz fährt vor/Hook-Szene/Proxy/FX3_0488.mov,0.02,0.3,540,960,2
03_Projekt-MAN Frauen in der Werkstatt,03_Projekt-MAN Frauen in der Werkstatt/03_Medien/05_Footage sortiert/1.2 Kompetenz fährt vor/Hook-Szene/Proxy/FX3_0480.mov,0.02,0.5,540,960,2
03_Projekt-MAN Frauen in der Werkstatt,03_Projekt-MAN Frauen in der Werkstatt/03_Medien/02_Assets/03_Bildmaterial/416913_Vhs Noise Flickering Transition_By_Thomas_Gellert_Artlist_4K.mp4,0.02,0.1,3840,2160,0
03_Projekt-MAN Frauen in der Werkstatt,03_Projekt-MAN Frauen in der Werkstatt/03_Medien/02_Assets/05_Sonstiges/Ai Generiert/z_Upload-Image---Internal-Only-Style-57104771.mp4,0.02,0.2,1080,1920,0
03_Projekt-MAN Frauen in der Werkstatt,03_Projekt-MAN Frauen in der Werkstatt/03_Medien/02_Assets/05_Sonstiges/Ai Generiert/z_Upload-Image---Internal-Only-Style-41700fd9.mp4,0.02,0.1,1212,2152,0
03_Projekt-MAN Frauen in der Werkstatt,03_Projekt-MAN Frauen in der Werkstatt/03_Medien/02_Assets/05_Sonstiges/Ai Generiert/z_Upload-Image---Internal-Only-Style-e3ecb474.mp4,0.02,0.2,1080,1920,0
03_Projekt-MAN Frauen in der Werkstatt,03_Projekt-MAN Frauen in der Werkstatt/03_Medien/02_Assets/05_Sonstiges/Ai Generiert/4.1/z_Upload-Image---Internal-Only-Style-bf1abb32.mp4,0.02,0.1,1080,1920,0
03_Projekt-MAN Frauen in der Werkstatt,03_Projekt-MAN Frauen in der Werkstatt/03_Medien/02_Assets/05_Sonstiges/Ai Generiert/4.1/z_Upload-Image---Internal-Only-Style-8838c0ae.mp4,0.02,0.1,1072,1928,0
03_Projekt-MAN Frauen in der Werkstatt,03_Projekt-MAN Frauen in der Werkstatt/03_Medien/02_Assets/05_Sonstiges/Ai Generiert/4.1/z_Upload-Image---Internal-Only-Style-39b6afb8.mp4,0.02,0.1,1764,1172,0
03_Projekt-MAN Frauen in der Werkstatt,03_Projekt-MAN Frauen in der Werkstatt/03_Medien/02_Assets/05_Sonstiges/Ai Generiert/4.2/z_Upload-Image---Internal-Only-Style-95a78fa3.mp4,0.02,0.1,1080,1920,0
03_Projekt-MAN Frauen in der Werkstatt,03_Projekt-MAN Frauen in der Werkstatt/03_Medien/02_Assets/05_Sonstiges/Ai Generiert/4.3/hf_20260119_082210_b430ef42-8018-4f09-868a-c8b6149cba47.mp4,0.02,0.1,1536,2752,0
03_Projekt-MAN Frauen in der Werkstatt,03_Projekt-MAN Frauen in der Werkstatt/03_Medien/01_Footage/Kamera-C Fuji DN/DSCF7827.MOV,0.02,0.0,3840,2160,2
03_Projekt-MAN Frauen in der Werkstatt,03_Projekt-MAN Frauen in der Werkstatt/03_Medien/01_Footage/Kamera-C Fuji DN/Proxy/DSCF7990.mov,0.02,0.3,540,960,2
03_Projekt-MAN Frauen in der Werkstatt,03_Projekt-MAN Frauen in der Werkstatt/03_Medien/01_Footage/Kamera-C Fuji DN/Proxy/DSCF8105.mov,0.02,0.4,540,960,2
03_Projekt-MAN Frauen in der Werkstatt,03_Projekt-MAN Frauen in der Werkstatt/03_Medien/01_Footage/Kamera-C Fuji DN/Proxy/DSCF8106.mov,0.02,0.4,540,960,2
03_Projekt-MAN Frauen in der Werkstatt,03_Projekt-MAN Frauen in der Werkstatt/03_Medien/01_Footage/Kamera-C Fuji DN/Proxy/DSCF8118.mov,0.02,0.5,540,960,2
03_Projekt-MAN Frauen in der Werkstatt,03_Projekt-MAN Frauen in der Werkstatt/03_Medien/01_Footage/Kamera-C Fuji DN/Proxy/DSCF8019.mov,0.02,0.5,540,960,2
03_Projekt-MAN Frauen in der Werkstatt,03_Projekt-MAN Frauen in der Werkstatt/03_Medien/05_Footage sortiert/Drohnenfootage/Proxy/DJI_0113.mov,0.01,0.1,960,540,0
03_Projekt-MAN Frauen in der Werkstatt,03_Projekt-MAN Frauen in der Werkstatt/03_Medien/05_Footage sortiert/Drohnenfootage/Proxy/DJI_0107.mov,0.01,0.2,960,540,0
03_Projekt-MAN Frauen in der Werkstatt,03_Projekt-MAN Frauen in der Werkstatt/03_Medien/05_Footage sortiert/Drohnenfootage/Proxy/DJI_0111.mov,0.01,0.2,960,540,0
03_Projekt-MAN Frauen in der Werkstatt,03_Projekt-MAN Frauen in der Werkstatt/03_Medien/05_Footage sortiert/Drohnenfootage/Proxy/DJI_0110.mov,0.01,0.2,960,540,0
03_Projekt-MAN Frauen in der Werkstatt,03_Projekt-MAN Frauen in der Werkstatt/03_Medien/05_Footage sortiert/Actioncam/Proxy/DJI_20251211151715_0144_D.mov,0.01,0.2,540,960,2
03_Projekt-MAN Frauen in der Werkstatt,03_Projekt-MAN Frauen in der Werkstatt/03_Medien/05_Footage sortiert/Lagerfootage/Proxy/C0758.mov,0.01,0.1,540,960,2
03_Projekt-MAN Frauen in der Werkstatt,03_Projekt-MAN Frauen in der Werkstatt/03_Medien/05_Footage sortiert/Lagerfootage/Proxy/C0756.mov,0.01,0.1,540,960,2
03_Projekt-MAN Frauen in der Werkstatt,03_Projekt-MAN Frauen in der Werkstatt/03_Medien/05_Footage sortiert/Lagerfootage/Proxy/C0759.mov,0.01,0.1,540,960,2
03_Projekt-MAN Frauen in der Werkstatt,03_Projekt-MAN Frauen in der Werkstatt/03_Medien/05_Footage sortiert/Lagerfootage/Proxy/C0768.mov,0.01,0.1,540,960,2
03_Projekt-MAN Frauen in der Werkstatt,03_Projekt-MAN Frauen in der Werkstatt/03_Medien/05_Footage sortiert/Lagerfootage/Proxy/FX3_0533.mov,0.01,0.2,540,960,2
03_Projekt-MAN Frauen in der Werkstatt,03_Projekt-MAN Frauen in der Werkstatt/03_Medien/05_Footage sortiert/Lagerfootage/Proxy/FX3_0536.mov,0.01,0.2,540,960,2
03_Projekt-MAN Frauen in der Werkstatt,03_Projekt-MAN Frauen in der Werkstatt/03_Medien/05_Footage sortiert/Lagerfootage/Proxy/FX3_0531.mov,0.01,0.1,540,960,2
03_Projekt-MAN Frauen in der Werkstatt,03_Projekt-MAN Frauen in der Werkstatt/03_Medien/05_Footage sortiert/Lagerfootage/Proxy/FX3_0532.mov,0.01,0.2,540,960,2
03_Projekt-MAN Frauen in der Werkstatt,03_Projekt-MAN Frauen in der Werkstatt/03_Medien/05_Footage sortiert/Lagerfootage/Proxy/FX3_0537.mov,0.01,0.2,540,960,2
03_Projekt-MAN Frauen in der Werkstatt,03_Projekt-MAN Frauen in der Werkstatt/03_Medien/05_Footage sortiert/Lagerfootage/Proxy/FX3_0539.mov,0.01,0.3,540,960,2
03_Projekt-MAN Frauen in der Werkstatt,03_Projekt-MAN Frauen in der Werkstatt/03_Medien/05_Footage sortiert/Lagerfootage/Proxy/FX3_0538.mov,0.01,0.2,540,960,2
03_Projekt-MAN Frauen in der Werkstatt,03_Projekt-MAN Frauen in der Werkstatt/03_Medien/05_Footage sortiert/02_B-Roll/Fahrzeuge auf dem Hof/Proxy/C0798.mov,0.01,0.1,540,960,2
03_Projekt-MAN Frauen in der Werkstatt,03_Projekt-MAN Frauen in der Werkstatt/03_Medien/05_Footage sortiert/02_B-Roll/Fahrzeuge auf dem Hof/Proxy/C0807.mov,0.01,0.1,540,960,2
03_Projekt-MAN Frauen in der Werkstatt,03_Projekt-MAN Frauen in der Werkstatt/03_Medien/05_Footage sortiert/02_B-Roll/Fahrzeuge auf dem Hof/Proxy/C0809.mov,0.01,0.1,540,960,2
03_Projekt-MAN Frauen in der Werkstatt,03_Projekt-MAN Frauen in der Werkstatt/03_Medien/05_Footage sortiert/02_B-Roll/Fahrzeuge auf dem Hof/Proxy/C0811.mov,0.01,0.1,540,960,2
03_Projekt-MAN Frauen in der Werkstatt,03_Projekt-MAN Frauen in der Werkstatt/03_Medien/05_Footage sortiert/02_B-Roll/Fahrzeuge auf dem Hof/Proxy/C0823.mov,0.01,0.1,540,960,2
03_Projekt-MAN Frauen in der Werkstatt,03_Projekt-MAN Frauen in der Werkstatt/03_Medien/05_Footage sortiert/02_B-Roll/Fahrzeuge auf dem Hof/Proxy/C0827.mov,0.01,0.1,540,960,2
03_Projekt-MAN Frauen in der Werkstatt,03_Projekt-MAN Frauen in der Werkstatt/03_Medien/05_Footage sortiert/02_B-Roll/Fahrzeuge auf dem Hof/Proxy/C0834.mov,0.01,0.1,540,960,2
03_Projekt-MAN Frauen in der Werkstatt,03_Projekt-MAN Frauen in der Werkstatt/03_Medien/05_Footage sortiert/02_B-Roll/Fahrzeuge auf dem Hof/Proxy/C0836.mov,0.01,0.1,540,960,2
03_Projekt-MAN Frauen in der Werkstatt,03_Projekt-MAN Frauen in der Werkstatt/03_Medien/05_Footage sortiert/02_B-Roll/Fahrzeuge auf dem Hof/Proxy/C0859.mov,0.01,0.1,540,960,2
03_Projekt-MAN Frauen in der Werkstatt,03_Projekt-MAN Frauen in der Werkstatt/03_Medien/05_Footage sortiert/02_B-Roll/Fahrzeuge auf dem Hof/Proxy/C0860.mov,0.01,0.1,540,960,2
03_Projekt-MAN Frauen in der Werkstatt,03_Projekt-MAN Frauen in der Werkstatt/03_Medien/05_Footage sortiert/02_B-Roll/Fahrzeuge auf dem Hof/Proxy/C0869.mov,0.01,0.1,540,960,2
03_Projekt-MAN Frauen in der Werkstatt,03_Projekt-MAN Frauen in der Werkstatt/03_Medien/05_Footage sortiert/02_B-Roll/Fahrzeuge auf dem Hof/Proxy/C0872.mov,0.01,0.2,540,960,2
03_Projekt-MAN Frauen in der Werkstatt,03_Projekt-MAN Frauen in der Werkstatt/03_Medien/05_Footage sortiert/02_B-Roll/Fahrzeuge auf dem Hof/Proxy/C0876.mov,0.01,0.1,540,960,2
03_Projekt-MAN Frauen in der Werkstatt,03_Projekt-MAN Frauen in der Werkstatt/03_Medien/05_Footage sortiert/02_B-Roll/Fahrzeuge auf dem Hof/Proxy/C0875.mov,0.01,0.1,540,960,2
03_Projekt-MAN Frauen in der Werkstatt,03_Projekt-MAN Frauen in der Werkstatt/03_Medien/05_Footage sortiert/02_B-Roll/Fahrzeuge auf dem Hof/Proxy/C0877.mov,0.01,0.1,540,960,2
03_Projekt-MAN Frauen in der Werkstatt,03_Projekt-MAN Frauen in der Werkstatt/03_Medien/05_Footage sortiert/02_B-Roll/Fahrzeuge auf dem Hof/Proxy/C0883.mov,0.01,0.1,540,960,2
03_Projekt-MAN Frauen in der Werkstatt,03_Projekt-MAN Frauen in der Werkstatt/03_Medien/05_Footage sortiert/02_B-Roll/Fahrzeuge auf dem Hof/Proxy/C0884.mov,0.01,0.1,540,960,2
03_Projekt-MAN Frauen in der Werkstatt,03_Projekt-MAN Frauen in der Werkstatt/03_Medien/05_Footage sortiert/02_B-Roll/Fahrzeuge auf dem Hof/Proxy/C0889.mov,0.01,0.1,540,960,2
03_Projekt-MAN Frauen in der Werkstatt,03_Projekt-MAN Frauen in der Werkstatt/03_Medien/05_Footage sortiert/02_B-Roll/Fahrzeuge auf dem Hof/Proxy/C0890.mov,0.01,0.1,540,960,2
03_Projekt-MAN Frauen in der Werkstatt,03_Projekt-MAN Frauen in der Werkstatt/03_Medien/05_Footage sortiert/02_B-Roll/Fahrzeuge auf dem Hof/Proxy/C0897.mov,0.01,0.1,540,960,2
03_Projekt-MAN Frauen in der Werkstatt,03_Projekt-MAN Frauen in der Werkstatt/03_Medien/05_Footage sortiert/02_B-Roll/Fahrzeuge auf dem Hof/Proxy/C0902.mov,0.01,0.1,540,960,2
03_Projekt-MAN Frauen in der Werkstatt,03_Projekt-MAN Frauen in der Werkstatt/03_Medien/05_Footage sortiert/02_B-Roll/Fahrzeuge auf dem Hof/Proxy/C0903.mov,0.01,0.2,540,960,2
03_Projekt-MAN Frauen in der Werkstatt,03_Projekt-MAN Frauen in der Werkstatt/03_Medien/05_Footage sortiert/02_B-Roll/Fahrzeuge auf dem Hof/Proxy/FX3_4003.mov,0.01,0.2,540,960,2
03_Projekt-MAN Frauen in der Werkstatt,03_Projekt-MAN Frauen in der Werkstatt/03_Medien/05_Footage sortiert/02_B-Roll/Fahrzeuge auf dem Hof/Proxy/FX3_4004.mov,0.01,0.1,540,960,2
03_Projekt-MAN Frauen in der Werkstatt,03_Projekt-MAN Frauen in der Werkstatt/03_Medien/05_Footage sortiert/02_B-Roll/Fahrzeuge auf dem Hof/Proxy/FX3_4006.mov,0.01,0.2,540,960,2
03_Projekt-MAN Frauen in der Werkstatt,03_Projekt-MAN Frauen in der Werkstatt/03_Medien/05_Footage sortiert/02_B-Roll/Fahrzeuge auf dem Hof/Proxy/FX3_4015.mov,0.01,0.2,540,960,2
03_Projekt-MAN Frauen in der Werkstatt,03_Projekt-MAN Frauen in der Werkstatt/03_Medien/05_Footage sortiert/02_B-Roll/Fahrzeuge auf dem Hof/Proxy/FX3_4018.mov,0.01,0.2,540,960,2
03_Projekt-MAN Frauen in der Werkstatt,03_Projekt-MAN Frauen in der Werkstatt/03_Medien/05_Footage sortiert/02_B-Roll/Fahrzeuge auf dem Hof/Proxy/FX3_4019.mov,0.01,0.1,540,960,2
03_Projekt-MAN Frauen in der Werkstatt,03_Projekt-MAN Frauen in der Werkstatt/03_Medien/05_Footage sortiert/02_B-Roll/Fahrzeuge auf dem Hof/Proxy/FX3_4020.mov,0.01,0.1,540,960,2
03_Projekt-MAN Frauen in der Werkstatt,03_Projekt-MAN Frauen in der Werkstatt/03_Medien/05_Footage sortiert/02_B-Roll/Fahrzeuge auf dem Hof/Proxy/FX3_4025.mov,0.01,0.1,540,960,2
03_Projekt-MAN Frauen in der Werkstatt,03_Projekt-MAN Frauen in der Werkstatt/03_Medien/05_Footage sortiert/02_B-Roll/Fahrzeuge auf dem Hof/Proxy/FX3_4029.mov,0.01,0.1,540,960,2
03_Projekt-MAN Frauen in der Werkstatt,03_Projekt-MAN Frauen in der Werkstatt/03_Medien/05_Footage sortiert/02_B-Roll/Fahrzeuge auf dem Hof/Proxy/FX3_4031_stabilized.mov,0.01,0.1,540,960,0
03_Projekt-MAN Frauen in der Werkstatt,03_Projekt-MAN Frauen in der Werkstatt/03_Medien/05_Footage sortiert/02_B-Roll/Fahrzeuge auf dem Hof/Proxy/FX3_4030_stabilized.mov,0.01,0.2,540,960,0
03_Projekt-MAN Frauen in der Werkstatt,03_Projekt-MAN Frauen in der Werkstatt/03_Medien/05_Footage sortiert/02_B-Roll/Fahrzeuge auf dem Hof/Proxy/FX3_4028_stabilized.mov,0.01,0.2,540,960,0
03_Projekt-MAN Frauen in der Werkstatt,03_Projekt-MAN Frauen in der Werkstatt/03_Medien/05_Footage sortiert/02_B-Roll/Fahrzeuge auf dem Hof/Proxy/FX3_4024_1stabilized.mov,0.01,0.2,540,960,0
03_Projekt-MAN Frauen in der Werkstatt,03_Projekt-MAN Frauen in der Werkstatt/03_Medien/05_Footage sortiert/02_B-Roll/Fahrzeuge auf dem Hof/Proxy/FX3_4024_2stabilized.mov,0.01,0.1,540,960,0
03_Projekt-MAN Frauen in der Werkstatt,03_Projekt-MAN Frauen in der Werkstatt/03_Medien/05_Footage sortiert/02_B-Roll/Reisebus/Proxy/FX3_0523.mov,0.01,0.1,540,960,2
03_Projekt-MAN Frauen in der Werkstatt,03_Projekt-MAN Frauen in der Werkstatt/03_Medien/05_Footage sortiert/02_B-Roll/Reisebus/Proxy/FX3_0524.mov,0.01,0.2,540,960,2
03_Projekt-MAN Frauen in der Werkstatt,03_Projekt-MAN Frauen in der Werkstatt/03_Medien/05_Footage sortiert/02_B-Roll/Reisebus/Proxy/FX3_0528.mov,0.01,0.1,540,960,2
03_Projekt-MAN Frauen in der Werkstatt,03_Projekt-MAN Frauen in der Werkstatt/03_Medien/05_Footage sortiert/02_B-Roll/Reisebus/Proxy/FX3_0526.mov,0.01,0.2,540,960,2
03_Projekt-MAN Frauen in der Werkstatt,03_Projekt-MAN Frauen in der Werkstatt/03_Medien/05_Footage sortiert/02_B-Roll/Reisebus/Proxy/FX3_0543.mov,0.01,0.2,540,960,2
03_Projekt-MAN Frauen in der Werkstatt,03_Projekt-MAN Frauen in der Werkstatt/03_Medien/05_Footage sortiert/02_B-Roll/Reisebus/Proxy/FX3_0545.mov,0.01,0.1,540,960,2
03_Projekt-MAN Frauen in der Werkstatt,03_Projekt-MAN Frauen in der Werkstatt/03_Medien/05_Footage sortiert/02_B-Roll/Reisebus/Proxy/FX3_0546.mov,0.01,0.1,540,960,2
03_Projekt-MAN Frauen in der Werkstatt,03_Projekt-MAN Frauen in der Werkstatt/03_Medien/05_Footage sortiert/02_B-Roll/Reisebus/Proxy/FX3_0544.mov,0.01,0.1,540,960,2
03_Projekt-MAN Frauen in der Werkstatt,03_Projekt-MAN Frauen in der Werkstatt/03_Medien/05_Footage sortiert/02_B-Roll/Reisebus/Proxy/FX3_0550.mov,0.01,0.2,540,960,2
03_Projekt-MAN Frauen in der Werkstatt,03_Projekt-MAN Frauen in der Werkstatt/03_Medien/05_Footage sortiert/02_B-Roll/Reisebus/Proxy/FX3_0553.mov,0.01,0.1,540,960,2
03_Projekt-MAN Frauen in der Werkstatt,03_Projekt-MAN Frauen in der Werkstatt/03_Medien/05_Footage sortiert/02_B-Roll/Reisebus/Proxy/FX3_0552.mov,0.01,0.2,540,960,2
03_Projekt-MAN Frauen in der Werkstatt,03_Projekt-MAN Frauen in der Werkstatt/03_Medien/05_Footage sortiert/02_B-Roll/Reisebus/Proxy/FX3_0554.mov,0.01,0.1,540,960,2
03_Projekt-MAN Frauen in der Werkstatt,03_Projekt-MAN Frauen in der Werkstatt/03_Medien/05_Footage sortiert/02_B-Roll/TGE/Proxy/FX3_0509.mov,0.01,0.2,540,960,2
03_Projekt-MAN Frauen in der Werkstatt,03_Projekt-MAN Frauen in der Werkstatt/03_Medien/05_Footage sortiert/02_B-Roll/TGE/Proxy/FX3_0507.mov,0.01,0.2,540,960,2
03_Projekt-MAN Frauen in der Werkstatt,03_Projekt-MAN Frauen in der Werkstatt/03_Medien/05_Footage sortiert/02_B-Roll/TGE/Proxy/FX3_0506.mov,0.01,0.1,540,960,2
03_Projekt-MAN Frauen in der Werkstatt,03_Projekt-MAN Frauen in der Werkstatt/03_Medien/05_Footage sortiert/02_B-Roll/TGE/Proxy/FX3_0510.mov,0.01,0.1,540,960,2
03_Projekt-MAN Frauen in der Werkstatt,03_Projekt-MAN Frauen in der Werkstatt/03_Medien/05_Footage sortiert/02_B-Roll/TGE/Proxy/FX3_0512.mov,0.01,0.1,540,960,2
03_Projekt-MAN Frauen in der Werkstatt,03_Projekt-MAN Frauen in der Werkstatt/03_Medien/05_Footage sortiert/02_B-Roll/TGE/Proxy/FX3_0516.mov,0.01,0.1,540,960,2
03_Projekt-MAN Frauen in der Werkstatt,03_Projekt-MAN Frauen in der Werkstatt/03_Medien/05_Footage sortiert/02_B-Roll/TGE/Proxy/FX3_0522.mov,0.01,0.1,540,960,2
03_Projekt-MAN Frauen in der Werkstatt,03_Projekt-MAN Frauen in der Werkstatt/03_Medien/05_Footage sortiert/02_B-Roll/TGE/Proxy/FX3_0519.mov,0.01,0.1,540,960,2
03_Projekt-MAN Frauen in der Werkstatt,03_Projekt-MAN Frauen in der Werkstatt/03_Medien/05_Footage sortiert/02_B-Roll/Teamfoto/Proxy/FX3_0496.mov,0.01,0.1,540,960,2
03_Projekt-MAN Frauen in der Werkstatt,03_Projekt-MAN Frauen in der Werkstatt/03_Medien/05_Footage sortiert/02_B-Roll/Teamfoto/Proxy/FX3_0497.mov,0.01,0.1,960,540,2
03_Projekt-MAN Frauen in der Werkstatt,03_Projekt-MAN Frauen in der Werkstatt/03_Medien/05_Footage sortiert/02_B-Roll/Teamfoto/Proxy/FX3_0500.mov,0.01,0.1,960,540,2
03_Projekt-MAN Frauen in der Werkstatt,03_Projekt-MAN Frauen in der Werkstatt/03_Medien/05_Footage sortiert/02_B-Roll/Roter LKW/Proxy/C9235.mov,0.01,0.1,540,960,2
03_Projekt-MAN Frauen in der Werkstatt,03_Projekt-MAN Frauen in der Werkstatt/03_Medien/05_Footage sortiert/02_B-Roll/Roter LKW/Proxy/C9241.mov,0.01,0.1,540,960,2
03_Projekt-MAN Frauen in der Werkstatt,03_Projekt-MAN Frauen in der Werkstatt/03_Medien/05_Footage sortiert/02_B-Roll/Roter LKW/Proxy/C9247.mov,0.01,0.2,540,960,2
03_Projekt-MAN Frauen in der Werkstatt,03_Projekt-MAN Frauen in der Werkstatt/03_Medien/05_Footage sortiert/02_B-Roll/Roter LKW/Proxy/C9246.mov,0.01,0.1,960,540,2
03_Projekt-MAN Frauen in der Werkstatt,03_Projekt-MAN Frauen in der Werkstatt/03_Medien/05_Footage sortiert/02_B-Roll/Roter LKW/Proxy/C9249.mov,0.01,0.1,540,960,2
03_Projekt-MAN Frauen in der Werkstatt,03_Projekt-MAN Frauen in der Werkstatt/03_Medien/05_Footage sortiert/02_B-Roll/Roter LKW/Proxy/C9250.mov,0.01,0.1,540,960,2
03_Projekt-MAN Frauen in der Werkstatt,03_Projekt-MAN Frauen in der Werkstatt/03_Medien/05_Footage sortiert/02_B-Roll/Roter LKW/Proxy/C9252.mov,0.01,0.2,540,960,2
03_Projekt-MAN Frauen in der Werkstatt,03_Projekt-MAN Frauen in der Werkstatt/03_Medien/05_Footage sortiert/02_B-Roll/Roter LKW/Proxy/C9286.mov,0.01,0.2,540,960,2
03_Projekt-MAN Frauen in der Werkstatt,03_Projekt-MAN Frauen in der Werkstatt/03_Medien/05_Footage sortiert/02_B-Roll/Roter LKW/Proxy/C9287.mov,0.01,0.1,540,960,2
03_Projekt-MAN Frauen in der Werkstatt,03_Projekt-MAN Frauen in der Werkstatt/03_Medien/05_Footage sortiert/02_B-Roll/Roter LKW/Proxy/C9288.mov,0.01,0.1,540,960,2
03_Projekt-MAN Frauen in der Werkstatt,03_Projekt-MAN Frauen in der Werkstatt/03_Medien/05_Footage sortiert/02_B-Roll/Roter LKW/Proxy/C9291.mov,0.01,0.1,540,960,2
03_Projekt-MAN Frauen in der Werkstatt,03_Projekt-MAN Frauen in der Werkstatt/03_Medien/05_Footage sortiert/02_B-Roll/Roter LKW/Proxy/C9292.mov,0.01,0.1,540,960,2
03_Projekt-MAN Frauen in der Werkstatt,03_Projekt-MAN Frauen in der Werkstatt/03_Medien/05_Footage sortiert/02_B-Roll/Roter LKW/Proxy/C9302.mov,0.01,0.2,540,960,2
03_Projekt-MAN Frauen in der Werkstatt,03_Projekt-MAN Frauen in der Werkstatt/03_Medien/05_Footage sortiert/02_B-Roll/Roter LKW/Proxy/C9303.mov,0.01,0.1,540,960,2
03_Projekt-MAN Frauen in der Werkstatt,03_Projekt-MAN Frauen in der Werkstatt/03_Medien/05_Footage sortiert/02_B-Roll/Roter LKW/Proxy/C9304.mov,0.01,0.1,540,960,2
03_Projekt-MAN Frauen in der Werkstatt,03_Projekt-MAN Frauen in der Werkstatt/03_Medien/05_Footage sortiert/02_B-Roll/Roter LKW/Proxy/C9308.mov,0.01,0.1,540,960,2
03_Projekt-MAN Frauen in der Werkstatt,03_Projekt-MAN Frauen in der Werkstatt/03_Medien/05_Footage sortiert/02_B-Roll/Roter LKW/Proxy/C9309.mov,0.01,0.1,540,960,2
03_Projekt-MAN Frauen in der Werkstatt,03_Projekt-MAN Frauen in der Werkstatt/03_Medien/05_Footage sortiert/02_B-Roll/Roter LKW/Proxy/C9310.mov,0.01,0.1,540,960,2
03_Projekt-MAN Frauen in der Werkstatt,03_Projekt-MAN Frauen in der Werkstatt/03_Medien/05_Footage sortiert/02_B-Roll/Roter LKW/Proxy/C9312.mov,0.01,0.2,540,960,2
03_Projekt-MAN Frauen in der Werkstatt,03_Projekt-MAN Frauen in der Werkstatt/03_Medien/05_Footage sortiert/02_B-Roll/Roter LKW/Proxy/C9315.mov,0.01,0.1,540,960,2
03_Projekt-MAN Frauen in der Werkstatt,03_Projekt-MAN Frauen in der Werkstatt/03_Medien/05_Footage sortiert/02_B-Roll/Roter LKW/Proxy/C9313.mov,0.01,0.1,540,960,2
03_Projekt-MAN Frauen in der Werkstatt,03_Projekt-MAN Frauen in der Werkstatt/03_Medien/05_Footage sortiert/02_B-Roll/Roter LKW/Proxy/C9316.mov,0.01,0.1,540,960,2
03_Projekt-MAN Frauen in der Werkstatt,03_Projekt-MAN Frauen in der Werkstatt/03_Medien/05_Footage sortiert/02_B-Roll/Roter LKW/Proxy/C9319.mov,0.01,0.2,540,960,2
03_Projekt-MAN Frauen in der Werkstatt,03_Projekt-MAN Frauen in der Werkstatt/03_Medien/05_Footage sortiert/02_B-Roll/Roter LKW/Proxy/C9328.mov,0.01,0.1,540,960,2
03_Projekt-MAN Frauen in der Werkstatt,03_Projekt-MAN Frauen in der Werkstatt/03_Medien/05_Footage sortiert/02_B-Roll/Roter LKW/Proxy/C9333.mov,0.01,0.1,540,960,2
03_Projekt-MAN Frauen in der Werkstatt,03_Projekt-MAN Frauen in der Werkstatt/03_Medien/05_Footage sortiert/02_B-Roll/Roter LKW/Proxy/C9339.mov,0.01,0.1,540,960,2
03_Projekt-MAN Frauen in der Werkstatt,03_Projekt-MAN Frauen in der Werkstatt/03_Medien/05_Footage sortiert/02_B-Roll/Roter LKW/Proxy/C9338.mov,0.01,0.1,540,960,2
03_Projekt-MAN Frauen in der Werkstatt,03_Projekt-MAN Frauen in der Werkstatt/03_Medien/05_Footage sortiert/02_B-Roll/Roter LKW/Proxy/C9345.mov,0.01,0.1,540,960,2
03_Projekt-MAN Frauen in der Werkstatt,03_Projekt-MAN Frauen in der Werkstatt/03_Medien/05_Footage sortiert/02_B-Roll/Roter LKW/Proxy/C9350.mov,0.01,0.1,540,960,2
03_Projekt-MAN Frauen in der Werkstatt,03_Projekt-MAN Frauen in der Werkstatt/03_Medien/05_Footage sortiert/02_B-Roll/Allgemeine Tätigkeiten/Proxy/C0742.mov,0.01,0.1,540,960,2
03_Projekt-MAN Frauen in der Werkstatt,03_Projekt-MAN Frauen in der Werkstatt/03_Medien/05_Footage sortiert/02_B-Roll/Allgemeine Tätigkeiten/Proxy/C0736.mov,0.01,0.2,540,960,2
03_Projekt-MAN Frauen in der Werkstatt,03_Projekt-MAN Frauen in der Werkstatt/03_Medien/05_Footage sortiert/02_B-Roll/Allgemeine Tätigkeiten/Proxy/C0739.mov,0.01,0.1,540,960,2
03_Projekt-MAN Frauen in der Werkstatt,03_Projekt-MAN Frauen in der Werkstatt/03_Medien/05_Footage sortiert/02_B-Roll/Allgemeine Tätigkeiten/Proxy/C0741.mov,0.01,0.1,540,960,2
03_Projekt-MAN Frauen in der Werkstatt,03_Projekt-MAN Frauen in der Werkstatt/03_Medien/05_Footage sortiert/02_B-Roll/Allgemeine Tätigkeiten/Proxy/C0744.mov,0.01,0.1,540,960,2
03_Projekt-MAN Frauen in der Werkstatt,03_Projekt-MAN Frauen in der Werkstatt/03_Medien/05_Footage sortiert/02_B-Roll/Allgemeine Tätigkeiten/Proxy/C0751.mov,0.01,0.1,540,960,2
03_Projekt-MAN Frauen in der Werkstatt,03_Projekt-MAN Frauen in der Werkstatt/03_Medien/05_Footage sortiert/02_B-Roll/Allgemeine Tätigkeiten/Proxy/C9035.mov,0.01,0.1,540,960,2
03_Projekt-MAN Frauen in der Werkstatt,03_Projekt-MAN Frauen in der Werkstatt/03_Medien/05_Footage sortiert/02_B-Roll/Allgemeine Tätigkeiten/Proxy/C9037.mov,0.01,0.1,540,960,2
03_Projekt-MAN Frauen in der Werkstatt,03_Projekt-MAN Frauen in der Werkstatt/03_Medien/05_Footage sortiert/02_B-Roll/Allgemeine Tätigkeiten/Proxy/C9043.mov,0.01,0.1,540,960,2
03_Projekt-MAN Frauen in der Werkstatt,03_Projekt-MAN Frauen in der Werkstatt/03_Medien/05_Footage sortiert/02_B-Roll/Allgemeine Tätigkeiten/Proxy/C9044.mov,0.01,0.2,540,960,2
03_Projekt-MAN Frauen in der Werkstatt,03_Projekt-MAN Frauen in der Werkstatt/03_Medien/05_Footage sortiert/02_B-Roll/Allgemeine Tätigkeiten/Proxy/C9048.mov,0.01,0.1,540,960,2
03_Projekt-MAN Frauen in der Werkstatt,03_Projekt-MAN Frauen in der Werkstatt/03_Medien/05_Footage sortiert/02_B-Roll/Allgemeine Tätigkeiten/Proxy/C9357.mov,0.01,0.1,540,960,2
03_Projekt-MAN Frauen in der Werkstatt,03_Projekt-MAN Frauen in der Werkstatt/03_Medien/05_Footage sortiert/02_B-Roll/Allgemeine Tätigkeiten/Proxy/C9356.mov,0.01,0.1,540,960,2
03_Projekt-MAN Frauen in der Werkstatt,03_Projekt-MAN Frauen in der Werkstatt/03_Medien/05_Footage sortiert/02_B-Roll/Allgemeine Tätigkeiten/Proxy/C9360.mov,0.01,0.1,540,960,2
03_Projekt-MAN Frauen in der Werkstatt,03_Projekt-MAN Frauen in der Werkstatt/03_Medien/05_Footage sortiert/02_B-Roll/Allgemeine Tätigkeiten/Proxy/C9361.mov,0.01,0.1,540,960,2
03_Projekt-MAN Frauen in der Werkstatt,03_Projekt-MAN Frauen in der Werkstatt/03_Medien/05_Footage sortiert/02_B-Roll/Allgemeine Tätigkeiten/Proxy/C9363.mov,0.01,0.1,540,960,2
03_Projekt-MAN Frauen in der Werkstatt,03_Projekt-MAN Frauen in der Werkstatt/03_Medien/05_Footage sortiert/02_B-Roll/Allgemeine Tätigkeiten/Proxy/C9367.mov,0.01,0.1,540,960,2
03_Projekt-MAN Frauen in der Werkstatt,03_Projekt-MAN Frauen in der Werkstatt/03_Medien/05_Footage sortiert/02_B-Roll/Allgemeine Tätigkeiten/Proxy/C9370.mov,0.01,0.1,540,960,2
03_Projekt-MAN Frauen in der Werkstatt,03_Projekt-MAN Frauen in der Werkstatt/03_Medien/05_Footage sortiert/02_B-Roll/Allgemeine Tätigkeiten/Proxy/C9372.mov,0.01,0.1,540,960,2
03_Projekt-MAN Frauen in der Werkstatt,03_Projekt-MAN Frauen in der Werkstatt/03_Medien/05_Footage sortiert/02_B-Roll/Allgemeine Tätigkeiten/Proxy/C9376.mov,0.01,0.1,540,960,2
03_Projekt-MAN Frauen in der Werkstatt,03_Projekt-MAN Frauen in der Werkstatt/03_Medien/05_Footage sortiert/02_B-Roll/Allgemeine Tätigkeiten/Proxy/C9379.mov,0.01,0.1,540,960,2
03_Projekt-MAN Frauen in der Werkstatt,03_Projekt-MAN Frauen in der Werkstatt/03_Medien/05_Footage sortiert/02_B-Roll/Allgemeine Tätigkeiten/Proxy/C9381.mov,0.01,0.1,540,960,2
03_Projekt-MAN Frauen in der Werkstatt,03_Projekt-MAN Frauen in der Werkstatt/03_Medien/05_Footage sortiert/02_B-Roll/Allgemeine Tätigkeiten/Proxy/FX3_0428.mov,0.01,0.1,540,960,2
03_Projekt-MAN Frauen in der Werkstatt,03_Projekt-MAN Frauen in der Werkstatt/03_Medien/05_Footage sortiert/02_B-Roll/Grüner LKW/Proxy/C8961.mov,0.01,0.1,540,960,2
03_Projekt-MAN Frauen in der Werkstatt,03_Projekt-MAN Frauen in der Werkstatt/03_Medien/05_Footage sortiert/02_B-Roll/Grüner LKW/Proxy/C8963.mov,0.01,0.1,540,960,2
03_Projekt-MAN Frauen in der Werkstatt,03_Projekt-MAN Frauen in der Werkstatt/03_Medien/05_Footage sortiert/02_B-Roll/Grüner LKW/Proxy/C8959.mov,0.01,0.2,540,960,2
03_Projekt-MAN Frauen in der Werkstatt,03_Projekt-MAN Frauen in der Werkstatt/03_Medien/05_Footage sortiert/02_B-Roll/Grüner LKW/Proxy/C8979.mov,0.01,0.1,540,960,2
03_Projekt-MAN Frauen in der Werkstatt,03_Projekt-MAN Frauen in der Werkstatt/03_Medien/05_Footage sortiert/02_B-Roll/Grüner LKW/Proxy/C8984.mov,0.01,0.2,540,960,2
03_Projekt-MAN Frauen in der Werkstatt,03_Projekt-MAN Frauen in der Werkstatt/03_Medien/05_Footage sortiert/02_B-Roll/Grüner LKW/Proxy/C8983.mov,0.01,0.1,540,960,2
03_Projekt-MAN Frauen in der Werkstatt,03_Projekt-MAN Frauen in der Werkstatt/03_Medien/05_Footage sortiert/02_B-Roll/Grüner LKW/Proxy/C8985.mov,0.01,0.1,540,960,2
03_Projekt-MAN Frauen in der Werkstatt,03_Projekt-MAN Frauen in der Werkstatt/03_Medien/05_Footage sortiert/02_B-Roll/Grüner LKW/Proxy/C8986.mov,0.01,0.1,540,960,2
03_Projekt-MAN Frauen in der Werkstatt,03_Projekt-MAN Frauen in der Werkstatt/03_Medien/05_Footage sortiert/02_B-Roll/Grüner LKW/Proxy/C8988.mov,0.01,0.2,540,960,2
03_Projekt-MAN Frauen in der Werkstatt,03_Projekt-MAN Frauen in der Werkstatt/03_Medien/05_Footage sortiert/02_B-Roll/Grüner LKW/Proxy/C8987.mov,0.01,0.1,540,960,2
03_Projekt-MAN Frauen in der Werkstatt,03_Projekt-MAN Frauen in der Werkstatt/03_Medien/05_Footage sortiert/02_B-Roll/Grüner LKW/Proxy/C8989.mov,0.01,0.1,540,960,2
03_Projekt-MAN Frauen in der Werkstatt,03_Projekt-MAN Frauen in der Werkstatt/03_Medien/05_Footage sortiert/02_B-Roll/Grüner LKW/Proxy/C8993.mov,0.01,0.1,540,960,2
03_Projekt-MAN Frauen in der Werkstatt,03_Projekt-MAN Frauen in der Werkstatt/03_Medien/05_Footage sortiert/02_B-Roll/Grüner LKW/Proxy/C8992.mov,0.01,0.1,540,960,2
03_Projekt-MAN Frauen in der Werkstatt,03_Projekt-MAN Frauen in der Werkstatt/03_Medien/05_Footage sortiert/02_B-Roll/Grüner LKW/Proxy/C8994.mov,0.01,0.1,540,960,2
03_Projekt-MAN Frauen in der Werkstatt,03_Projekt-MAN Frauen in der Werkstatt/03_Medien/05_Footage sortiert/02_B-Roll/Grüner LKW/Proxy/C8996.mov,0.01,0.1,540,960,2
03_Projekt-MAN Frauen in der Werkstatt,03_Projekt-MAN Frauen in der Werkstatt/03_Medien/05_Footage sortiert/02_B-Roll/Grüner LKW/Proxy/C8998.mov,0.01,0.1,540,960,2
03_Projekt-MAN Frauen in der Werkstatt,03_Projekt-MAN Frauen in der Werkstatt/03_Medien/05_Footage sortiert/02_B-Roll/Grüner LKW/Proxy/C8997.mov,0.01,0.1,540,960,2
03_Projekt-MAN Frauen in der Werkstatt,03_Projekt-MAN Frauen in der Werkstatt/03_Medien/05_Footage sortiert/02_B-Roll/Grüner LKW/Proxy/C9003.mov,0.01,0.1,540,960,2
03_Projekt-MAN Frauen in der Werkstatt,03_Projekt-MAN Frauen in der Werkstatt/03_Medien/05_Footage sortiert/02_B-Roll/Grüner LKW/Proxy/C9005.mov,0.01,0.1,540,960,2
03_Projekt-MAN Frauen in der Werkstatt,03_Projekt-MAN Frauen in der Werkstatt/03_Medien/05_Footage sortiert/02_B-Roll/Grüner LKW/Proxy/C9009.mov,0.01,0.1,540,960,2
03_Projekt-MAN Frauen in der Werkstatt,03_Projekt-MAN Frauen in der Werkstatt/03_Medien/05_Footage sortiert/02_B-Roll/Grüner LKW/Proxy/C9023.mov,0.01,0.1,540,960,2
03_Projekt-MAN Frauen in der Werkstatt,03_Projekt-MAN Frauen in der Werkstatt/03_Medien/05_Footage sortiert/02_B-Roll/Grüner LKW/Proxy/C9055.mov,0.01,0.1,540,960,2
03_Projekt-MAN Frauen in der Werkstatt,03_Projekt-MAN Frauen in der Werkstatt/03_Medien/05_Footage sortiert/02_B-Roll/Grüner LKW/Proxy/C9060.mov,0.01,0.1,540,960,2
03_Projekt-MAN Frauen in der Werkstatt,03_Projekt-MAN Frauen in der Werkstatt/03_Medien/05_Footage sortiert/02_B-Roll/Grüner LKW/Proxy/C9068.mov,0.01,0.1,540,960,2
03_Projekt-MAN Frauen in der Werkstatt,03_Projekt-MAN Frauen in der Werkstatt/03_Medien/05_Footage sortiert/02_B-Roll/Grüner LKW/Proxy/C9073.mov,0.01,0.1,540,960,2
03_Projekt-MAN Frauen in der Werkstatt,03_Projekt-MAN Frauen in der Werkstatt/03_Medien/05_Footage sortiert/02_B-Roll/Grüner LKW/Proxy/C9074.mov,0.01,0.1,540,960,2
03_Projekt-MAN Frauen in der Werkstatt,03_Projekt-MAN Frauen in der Werkstatt/03_Medien/05_Footage sortiert/02_B-Roll/Grüner LKW/Proxy/C9075.mov,0.01,0.2,540,960,2
03_Projekt-MAN Frauen in der Werkstatt,03_Projekt-MAN Frauen in der Werkstatt/03_Medien/05_Footage sortiert/02_B-Roll/Grüner LKW/Proxy/C9077.mov,0.01,0.1,540,960,2
03_Projekt-MAN Frauen in der Werkstatt,03_Projekt-MAN Frauen in der Werkstatt/03_Medien/05_Footage sortiert/02_B-Roll/Grüner LKW/Proxy/C9076.mov,0.01,0.1,540,960,2
03_Projekt-MAN Frauen in der Werkstatt,03_Projekt-MAN Frauen in der Werkstatt/03_Medien/05_Footage sortiert/02_B-Roll/Grüner LKW/Proxy/C9080.mov,0.01,0.1,540,960,2
03_Projekt-MAN Frauen in der Werkstatt,03_Projekt-MAN Frauen in der Werkstatt/03_Medien/05_Footage sortiert/02_B-Roll/Grüner LKW/Proxy/C9083.mov,0.01,0.1,540,960,2
03_Projekt-MAN Frauen in der Werkstatt,03_Projekt-MAN Frauen in der Werkstatt/03_Medien/05_Footage sortiert/02_B-Roll/Grüner LKW/Proxy/C9081.mov,0.01,0.1,540,960,2
03_Projekt-MAN Frauen in der Werkstatt,03_Projekt-MAN Frauen in der Werkstatt/03_Medien/05_Footage sortiert/02_B-Roll/Grüner LKW/Proxy/C9082.mov,0.01,0.1,540,960,2
03_Projekt-MAN Frauen in der Werkstatt,03_Projekt-MAN Frauen in der Werkstatt/03_Medien/05_Footage sortiert/02_B-Roll/Grüner LKW/Proxy/C9084.mov,0.01,0.1,540,960,2
03_Projekt-MAN Frauen in der Werkstatt,03_Projekt-MAN Frauen in der Werkstatt/03_Medien/05_Footage sortiert/02_B-Roll/Grüner LKW/Proxy/C9085.mov,0.01,0.1,540,960,2
03_Projekt-MAN Frauen in der Werkstatt,03_Projekt-MAN Frauen in der Werkstatt/03_Medien/05_Footage sortiert/02_B-Roll/Grüner LKW/Proxy/C9086.mov,0.01,0.1,540,960,2
03_Projekt-MAN Frauen in der Werkstatt,03_Projekt-MAN Frauen in der Werkstatt/03_Medien/05_Footage sortiert/02_B-Roll/Grüner LKW/Proxy/C9088.mov,0.01,0.1,540,960,2
03_Projekt-MAN Frauen in der Werkstatt,03_Projekt-MAN Frauen in der Werkstatt/03_Medien/05_Footage sortiert/02_B-Roll/Grüner LKW/Proxy/C9087.mov,0.01,0.1,540,960,2
03_Projekt-MAN Frauen in der Werkstatt,03_Projekt-MAN Frauen in der Werkstatt/03_Medien/05_Footage sortiert/02_B-Roll/Grüner LKW/Proxy/C9094.mov,0.01,0.1,540,960,2
03_Projekt-MAN Frauen in der Werkstatt,03_Projekt-MAN Frauen in der Werkstatt/03_Medien/05_Footage sortiert/02_B-Roll/Grüner LKW/Proxy/C9100.mov,0.01,0.1,540,960,2
03_Projekt-MAN Frauen in der Werkstatt,03_Projekt-MAN Frauen in der Werkstatt/03_Medien/05_Footage sortiert/02_B-Roll/Grüner LKW/Proxy/C9101.mov,0.01,0.1,540,960,2
03_Projekt-MAN Frauen in der Werkstatt,03_Projekt-MAN Frauen in der Werkstatt/03_Medien/05_Footage sortiert/02_B-Roll/Grüner LKW/Proxy/C9107.mov,0.01,0.1,540,960,2
03_Projekt-MAN Frauen in der Werkstatt,03_Projekt-MAN Frauen in der Werkstatt/03_Medien/05_Footage sortiert/02_B-Roll/Grüner LKW/Proxy/C9113.mov,0.01,0.1,540,960,2
03_Projekt-MAN Frauen in der Werkstatt,03_Projekt-MAN Frauen in der Werkstatt/03_Medien/05_Footage sortiert/02_B-Roll/Grüner LKW/Proxy/C9114.mov,0.01,0.1,540,960,2
03_Projekt-MAN Frauen in der Werkstatt,03_Projekt-MAN Frauen in der Werkstatt/03_Medien/05_Footage sortiert/02_B-Roll/Grüner LKW/Proxy/C9117.mov,0.01,0.2,540,960,2
03_Projekt-MAN Frauen in der Werkstatt,03_Projekt-MAN Frauen in der Werkstatt/03_Medien/05_Footage sortiert/02_B-Roll/Grüner LKW/Proxy/C9119.mov,0.01,0.1,540,960,2
03_Projekt-MAN Frauen in der Werkstatt,03_Projekt-MAN Frauen in der Werkstatt/03_Medien/05_Footage sortiert/02_B-Roll/Grüner LKW/Proxy/C9122.mov,0.01,0.1,540,960,2
03_Projekt-MAN Frauen in der Werkstatt,03_Projekt-MAN Frauen in der Werkstatt/03_Medien/05_Footage sortiert/02_B-Roll/Grüner LKW/Proxy/C9123.mov,0.01,0.1,540,960,2
03_Projekt-MAN Frauen in der Werkstatt,03_Projekt-MAN Frauen in der Werkstatt/03_Medien/05_Footage sortiert/02_B-Roll/Grüner LKW/Proxy/C9125.mov,0.01,0.1,540,960,2
03_Projekt-MAN Frauen in der Werkstatt,03_Projekt-MAN Frauen in der Werkstatt/03_Medien/05_Footage sortiert/02_B-Roll/Grüner LKW/Proxy/C9127.mov,0.01,0.1,540,960,2
03_Projekt-MAN Frauen in der Werkstatt,03_Projekt-MAN Frauen in der Werkstatt/03_Medien/05_Footage sortiert/02_B-Roll/Grüner LKW/Proxy/C9128.mov,0.01,0.1,540,960,2
03_Projekt-MAN Frauen in der Werkstatt,03_Projekt-MAN Frauen in der Werkstatt/03_Medien/05_Footage sortiert/02_B-Roll/Grüner LKW/Proxy/C9130.mov,0.01,0.1,540,960,2
03_Projekt-MAN Frauen in der Werkstatt,03_Projekt-MAN Frauen in der Werkstatt/03_Medien/05_Footage sortiert/02_B-Roll/Grüner LKW/Proxy/C9134.mov,0.01,0.1,540,960,2
03_Projekt-MAN Frauen in der Werkstatt,03_Projekt-MAN Frauen in der Werkstatt/03_Medien/05_Footage sortiert/02_B-Roll/Grüner LKW/Proxy/C9136.mov,0.01,0.1,540,960,2
03_Projekt-MAN Frauen in der Werkstatt,03_Projekt-MAN Frauen in der Werkstatt/03_Medien/05_Footage sortiert/02_B-Roll/Grüner LKW/Proxy/C9150.mov,0.01,0.1,540,960,2
03_Projekt-MAN Frauen in der Werkstatt,03_Projekt-MAN Frauen in der Werkstatt/03_Medien/05_Footage sortiert/02_B-Roll/Grüner LKW/Proxy/C9151.mov,0.01,0.1,540,960,2
03_Projekt-MAN Frauen in der Werkstatt,03_Projekt-MAN Frauen in der Werkstatt/03_Medien/05_Footage sortiert/02_B-Roll/Grüner LKW/Proxy/C9159.mov,0.01,0.1,540,960,2
03_Projekt-MAN Frauen in der Werkstatt,03_Projekt-MAN Frauen in der Werkstatt/03_Medien/05_Footage sortiert/02_B-Roll/Grüner LKW/Proxy/C9162.mov,0.01,0.1,540,960,2
03_Projekt-MAN Frauen in der Werkstatt,03_Projekt-MAN Frauen in der Werkstatt/03_Medien/05_Footage sortiert/02_B-Roll/Grüner LKW/Proxy/C9164.mov,0.01,0.1,540,960,2
03_Projekt-MAN Frauen in der Werkstatt,03_Projekt-MAN Frauen in der Werkstatt/03_Medien/05_Footage sortiert/02_B-Roll/Grüner LKW/Proxy/C9166.mov,0.01,0.2,540,960,2
03_Projekt-MAN Frauen in der Werkstatt,03_Projekt-MAN Frauen in der Werkstatt/03_Medien/05_Footage sortiert/02_B-Roll/Grüner LKW/Proxy/C9167.mov,0.01,0.1,540,960,2
03_Projekt-MAN Frauen in der Werkstatt,03_Projekt-MAN Frauen in der Werkstatt/03_Medien/05_Footage sortiert/02_B-Roll/Grüner LKW/Proxy/C9169.mov,0.01,0.1,540,960,2
03_Projekt-MAN Frauen in der Werkstatt,03_Projekt-MAN Frauen in der Werkstatt/03_Medien/05_Footage sortiert/02_B-Roll/Grüner LKW/Proxy/C9171.mov,0.01,0.1,540,960,2
03_Projekt-MAN Frauen in der Werkstatt,03_Projekt-MAN Frauen in der Werkstatt/03_Medien/05_Footage sortiert/02_B-Roll/Grüner LKW/Proxy/C9173.mov,0.01,0.1,540,960,2
03_Projekt-MAN Frauen in der Werkstatt,03_Projekt-MAN Frauen in der Werkstatt/03_Medien/05_Footage sortiert/02_B-Roll/Grüner LKW/Proxy/C9181.mov,0.01,0.1,540,960,2
03_Projekt-MAN Frauen in der Werkstatt,03_Projekt-MAN Frauen in der Werkstatt/03_Medien/05_Footage sortiert/02_B-Roll/Grüner LKW/Proxy/C9182.mov,0.01,0.1,540,960,2
03_Projekt-MAN Frauen in der Werkstatt,03_Projekt-MAN Frauen in der Werkstatt/03_Medien/05_Footage sortiert/02_B-Roll/Grüner LKW/Proxy/C9184.mov,0.01,0.1,540,960,2
03_Projekt-MAN Frauen in der Werkstatt,03_Projekt-MAN Frauen in der Werkstatt/03_Medien/05_Footage sortiert/02_B-Roll/Grüner LKW/Proxy/C9185.mov,0.01,0.1,540,960,2
03_Projekt-MAN Frauen in der Werkstatt,03_Projekt-MAN Frauen in der Werkstatt/03_Medien/05_Footage sortiert/02_B-Roll/Grüner LKW/Proxy/C9191.mov,0.01,0.1,540,960,2
03_Projekt-MAN Frauen in der Werkstatt,03_Projekt-MAN Frauen in der Werkstatt/03_Medien/05_Footage sortiert/02_B-Roll/Grüner LKW/Proxy/C9192.mov,0.01,0.1,540,960,2
03_Projekt-MAN Frauen in der Werkstatt,03_Projekt-MAN Frauen in der Werkstatt/03_Medien/05_Footage sortiert/02_B-Roll/Grüner LKW/Proxy/C9195.mov,0.01,0.1,960,540,2
03_Projekt-MAN Frauen in der Werkstatt,03_Projekt-MAN Frauen in der Werkstatt/03_Medien/05_Footage sortiert/02_B-Roll/Grüner LKW/Proxy/C9196.mov,0.01,0.1,540,960,2
03_Projekt-MAN Frauen in der Werkstatt,03_Projekt-MAN Frauen in der Werkstatt/03_Medien/05_Footage sortiert/02_B-Roll/Grüner LKW/Proxy/C9203.mov,0.01,0.2,540,960,2
03_Projekt-MAN Frauen in der Werkstatt,03_Projekt-MAN Frauen in der Werkstatt/03_Medien/05_Footage sortiert/02_B-Roll/Grüner LKW/Proxy/C9206.mov,0.01,0.2,540,960,2
03_Projekt-MAN Frauen in der Werkstatt,03_Projekt-MAN Frauen in der Werkstatt/03_Medien/05_Footage sortiert/02_B-Roll/Grüner LKW/Proxy/C9208.mov,0.01,0.1,540,960,2
03_Projekt-MAN Frauen in der Werkstatt,03_Projekt-MAN Frauen in der Werkstatt/03_Medien/05_Footage sortiert/02_B-Roll/Grüner LKW/Proxy/C9211.mov,0.01,0.1,540,960,2
03_Projekt-MAN Frauen in der Werkstatt,03_Projekt-MAN Frauen in der Werkstatt/03_Medien/05_Footage sortiert/02_B-Roll/Grüner LKW/Proxy/C9212.mov,0.01,0.1,540,960,2
03_Projekt-MAN Frauen in der Werkstatt,03_Projekt-MAN Frauen in der Werkstatt/03_Medien/05_Footage sortiert/02_B-Roll/Grüner LKW/Proxy/C9214.mov,0.01,0.1,540,960,2
03_Projekt-MAN Frauen in der Werkstatt,03_Projekt-MAN Frauen in der Werkstatt/03_Medien/05_Footage sortiert/02_B-Roll/Grüner LKW/Proxy/C9216.mov,0.01,0.1,540,960,2
03_Projekt-MAN Frauen in der Werkstatt,03_Projekt-MAN Frauen in der Werkstatt/03_Medien/05_Footage sortiert/02_B-Roll/Grüner LKW/Proxy/C9220.mov,0.01,0.2,540,960,2
03_Projekt-MAN Frauen in der Werkstatt,03_Projekt-MAN Frauen in der Werkstatt/03_Medien/05_Footage sortiert/02_B-Roll/Grüner LKW/Proxy/C9221.mov,0.01,0.1,540,960,2
03_Projekt-MAN Frauen in der Werkstatt,03_Projekt-MAN Frauen in der Werkstatt/03_Medien/05_Footage sortiert/02_B-Roll/Grüner LKW/Proxy/C9222.mov,0.01,0.2,540,960,2
03_Projekt-MAN Frauen in der Werkstatt,03_Projekt-MAN Frauen in der Werkstatt/03_Medien/05_Footage sortiert/02_B-Roll/Grüner LKW/Proxy/C9224.mov,0.01,0.2,540,960,2
03_Projekt-MAN Frauen in der Werkstatt,03_Projekt-MAN Frauen in der Werkstatt/03_Medien/05_Footage sortiert/02_B-Roll/Grüner LKW/Proxy/C9227.mov,0.01,0.1,540,960,2
03_Projekt-MAN Frauen in der Werkstatt,03_Projekt-MAN Frauen in der Werkstatt/03_Medien/05_Footage sortiert/02_B-Roll/Grüner LKW/Proxy/C9229.mov,0.01,0.1,540,960,2
03_Projekt-MAN Frauen in der Werkstatt,03_Projekt-MAN Frauen in der Werkstatt/03_Medien/05_Footage sortiert/02_B-Roll/Grüner LKW/Proxy/C9230.mov,0.01,0.2,540,960,2
03_Projekt-MAN Frauen in der Werkstatt,03_Projekt-MAN Frauen in der Werkstatt/03_Medien/05_Footage sortiert/02_B-Roll/Grüner LKW/Proxy/C9231.mov,0.01,0.1,540,960,2
03_Projekt-MAN Frauen in der Werkstatt,03_Projekt-MAN Frauen in der Werkstatt/03_Medien/05_Footage sortiert/02_B-Roll/Grüner LKW/Proxy/FX3_0393.mov,0.01,0.2,540,960,2
03_Projekt-MAN Frauen in der Werkstatt,03_Projekt-MAN Frauen in der Werkstatt/03_Medien/05_Footage sortiert/02_B-Roll/Grüner LKW/Proxy/FX3_0394.mov,0.01,0.2,540,960,2
03_Projekt-MAN Frauen in der Werkstatt,03_Projekt-MAN Frauen in der Werkstatt/03_Medien/05_Footage sortiert/02_B-Roll/Grüner LKW/Proxy/FX3_0400.mov,0.01,0.1,540,960,2
03_Projekt-MAN Frauen in der Werkstatt,03_Projekt-MAN Frauen in der Werkstatt/03_Medien/05_Footage sortiert/02_B-Roll/Grüner LKW/Proxy/FX3_0405.mov,0.01,0.2,540,960,2
03_Projekt-MAN Frauen in der Werkstatt,03_Projekt-MAN Frauen in der Werkstatt/03_Medien/05_Footage sortiert/02_B-Roll/Grüner LKW/Proxy/FX3_0406.mov,0.01,0.1,540,960,2
03_Projekt-MAN Frauen in der Werkstatt,03_Projekt-MAN Frauen in der Werkstatt/03_Medien/05_Footage sortiert/02_B-Roll/Grüner LKW/Proxy/FX3_0408.mov,0.01,0.1,540,960,2
03_Projekt-MAN Frauen in der Werkstatt,03_Projekt-MAN Frauen in der Werkstatt/03_Medien/05_Footage sortiert/02_B-Roll/Grüner LKW/Proxy/FX3_0407.mov,0.01,0.2,540,960,2
03_Projekt-MAN Frauen in der Werkstatt,03_Projekt-MAN Frauen in der Werkstatt/03_Medien/05_Footage sortiert/02_B-Roll/Grüner LKW/Proxy/FX3_0409.mov,0.01,0.1,540,960,2
03_Projekt-MAN Frauen in der Werkstatt,03_Projekt-MAN Frauen in der Werkstatt/03_Medien/05_Footage sortiert/02_B-Roll/Grüner LKW/Proxy/FX3_0411.mov,0.01,0.2,540,960,2
03_Projekt-MAN Frauen in der Werkstatt,03_Projekt-MAN Frauen in der Werkstatt/03_Medien/05_Footage sortiert/02_B-Roll/Grüner LKW/Proxy/FX3_0414.mov,0.01,0.1,540,960,2
03_Projekt-MAN Frauen in der Werkstatt,03_Projekt-MAN Frauen in der Werkstatt/03_Medien/05_Footage sortiert/02_B-Roll/Grüner LKW/Proxy/FX3_0417.mov,0.01,0.1,540,960,2
03_Projekt-MAN Frauen in der Werkstatt,03_Projekt-MAN Frauen in der Werkstatt/03_Medien/05_Footage sortiert/02_B-Roll/Grüner LKW/Proxy/FX3_0416.mov,0.01,0.1,540,960,2
03_Projekt-MAN Frauen in der Werkstatt,03_Projekt-MAN Frauen in der Werkstatt/03_Medien/05_Footage sortiert/02_B-Roll/Grüner LKW/Proxy/FX3_0420.mov,0.01,0.2,540,960,2
03_Projekt-MAN Frauen in der Werkstatt,03_Projekt-MAN Frauen in der Werkstatt/03_Medien/05_Footage sortiert/02_B-Roll/Grüner LKW/Proxy/FX3_0421.mov,0.01,0.2,540,960,2
03_Projekt-MAN Frauen in der Werkstatt,03_Projekt-MAN Frauen in der Werkstatt/03_Medien/05_Footage sortiert/02_B-Roll/Grüner LKW/Proxy/FX3_0436.mov,0.01,0.1,540,960,2
03_Projekt-MAN Frauen in der Werkstatt,03_Projekt-MAN Frauen in der Werkstatt/03_Medien/05_Footage sortiert/02_B-Roll/Grüner LKW/Proxy/FX3_0435.mov,0.01,0.1,540,960,2
03_Projekt-MAN Frauen in der Werkstatt,03_Projekt-MAN Frauen in der Werkstatt/03_Medien/05_Footage sortiert/02_B-Roll/Grüner LKW/Proxy/FX3_0440.mov,0.01,0.2,540,960,2
03_Projekt-MAN Frauen in der Werkstatt,03_Projekt-MAN Frauen in der Werkstatt/03_Medien/05_Footage sortiert/02_B-Roll/Grüner LKW/Proxy/FX3_0439.mov,0.01,0.1,540,960,2
03_Projekt-MAN Frauen in der Werkstatt,03_Projekt-MAN Frauen in der Werkstatt/03_Medien/05_Footage sortiert/02_B-Roll/Grüner LKW/Proxy/FX3_0442.mov,0.01,0.1,540,960,2
03_Projekt-MAN Frauen in der Werkstatt,03_Projekt-MAN Frauen in der Werkstatt/03_Medien/05_Footage sortiert/02_B-Roll/Grüner LKW/Proxy/FX3_0447.mov,0.01,0.2,540,960,2
03_Projekt-MAN Frauen in der Werkstatt,03_Projekt-MAN Frauen in der Werkstatt/03_Medien/05_Footage sortiert/02_B-Roll/Grüner LKW/Proxy/FX3_0449.mov,0.01,0.1,540,960,2
03_Projekt-MAN Frauen in der Werkstatt,03_Projekt-MAN Frauen in der Werkstatt/03_Medien/05_Footage sortiert/02_B-Roll/Grüner LKW/Proxy/FX3_0453.mov,0.01,0.2,540,960,2
03_Projekt-MAN Frauen in der Werkstatt,03_Projekt-MAN Frauen in der Werkstatt/03_Medien/05_Footage sortiert/02_B-Roll/Grüner LKW/Proxy/FX3_0454.mov,0.01,0.1,540,960,2
03_Projekt-MAN Frauen in der Werkstatt,03_Projekt-MAN Frauen in der Werkstatt/03_Medien/05_Footage sortiert/02_B-Roll/Grüner LKW/Proxy/FX3_0455.mov,0.01,0.2,540,960,2
03_Projekt-MAN Frauen in der Werkstatt,03_Projekt-MAN Frauen in der Werkstatt/03_Medien/05_Footage sortiert/02_B-Roll/Grüner LKW/Proxy/FX3_0458.mov,0.01,0.1,540,960,2
03_Projekt-MAN Frauen in der Werkstatt,03_Projekt-MAN Frauen in der Werkstatt/03_Medien/05_Footage sortiert/02_B-Roll/Grüner LKW/Proxy/FX3_0460.mov,0.01,0.2,540,960,2
03_Projekt-MAN Frauen in der Werkstatt,03_Projekt-MAN Frauen in der Werkstatt/03_Medien/05_Footage sortiert/02_B-Roll/Grüner LKW/Proxy/FX3_0462.mov,0.01,0.1,540,960,2
03_Projekt-MAN Frauen in der Werkstatt,03_Projekt-MAN Frauen in der Werkstatt/03_Medien/05_Footage sortiert/02_B-Roll/Grüner LKW/Proxy/FX3_0464.mov,0.01,0.1,540,960,2
03_Projekt-MAN Frauen in der Werkstatt,03_Projekt-MAN Frauen in der Werkstatt/03_Medien/05_Footage sortiert/02_B-Roll/Grüner LKW/Proxy/FX3_0456.mov,0.01,0.2,540,960,2
03_Projekt-MAN Frauen in der Werkstatt,03_Projekt-MAN Frauen in der Werkstatt/03_Medien/05_Footage sortiert/1.2 Kompetenz fährt vor/Hook-Szene/Proxy/C9255.mov,0.01,0.1,540,960,2
03_Projekt-MAN Frauen in der Werkstatt,03_Projekt-MAN Frauen in der Werkstatt/03_Medien/05_Footage sortiert/1.2 Kompetenz fährt vor/Hook-Szene/Proxy/C9259.mov,0.01,0.1,540,960,2
03_Projekt-MAN Frauen in der Werkstatt,03_Projekt-MAN Frauen in der Werkstatt/03_Medien/05_Footage sortiert/1.2 Kompetenz fährt vor/Hook-Szene/Proxy/C9257.mov,0.01,0.1,540,960,2
03_Projekt-MAN Frauen in der Werkstatt,03_Projekt-MAN Frauen in der Werkstatt/03_Medien/05_Footage sortiert/1.2 Kompetenz fährt vor/Hook-Szene/Proxy/C9264.mov,0.01,0.1,540,960,2
03_Projekt-MAN Frauen in der Werkstatt,03_Projekt-MAN Frauen in der Werkstatt/03_Medien/05_Footage sortiert/1.2 Kompetenz fährt vor/Hook-Szene/Proxy/C9270.mov,0.01,0.1,540,960,2
03_Projekt-MAN Frauen in der Werkstatt,03_Projekt-MAN Frauen in der Werkstatt/03_Medien/05_Footage sortiert/1.2 Kompetenz fährt vor/Hook-Szene/Proxy/C9272.mov,0.01,0.1,540,960,2
03_Projekt-MAN Frauen in der Werkstatt,03_Projekt-MAN Frauen in der Werkstatt/03_Medien/05_Footage sortiert/1.2 Kompetenz fährt vor/Hook-Szene/Proxy/C9274.mov,0.01,0.1,540,960,2
03_Projekt-MAN Frauen in der Werkstatt,03_Projekt-MAN Frauen in der Werkstatt/03_Medien/05_Footage sortiert/1.2 Kompetenz fährt vor/Hook-Szene/Proxy/C9277.mov,0.01,0.1,540,960,2
03_Projekt-MAN Frauen in der Werkstatt,03_Projekt-MAN Frauen in der Werkstatt/03_Medien/05_Footage sortiert/1.2 Kompetenz fährt vor/Hook-Szene/Proxy/C9271.mov,0.01,0.1,540,960,2
03_Projekt-MAN Frauen in der Werkstatt,03_Projekt-MAN Frauen in der Werkstatt/03_Medien/05_Footage sortiert/1.2 Kompetenz fährt vor/Hook-Szene/Proxy/C9284.mov,0.01,0.1,540,960,2
03_Projekt-MAN Frauen in der Werkstatt,03_Projekt-MAN Frauen in der Werkstatt/03_Medien/05_Footage sortiert/1.2 Kompetenz fährt vor/Hook-Szene/Proxy/FX3_0475.mov,0.01,0.2,540,960,2
03_Projekt-MAN Frauen in der Werkstatt,03_Projekt-MAN Frauen in der Werkstatt/03_Medien/05_Footage sortiert/1.2 Kompetenz fährt vor/Hook-Szene/Proxy/FX3_0477.mov,0.01,0.2,540,960,2
03_Projekt-MAN Frauen in der Werkstatt,03_Projekt-MAN Frauen in der Werkstatt/03_Medien/05_Footage sortiert/1.2 Kompetenz fährt vor/Hook-Szene/Proxy/FX3_0472.mov,0.01,0.3,540,960,2
03_Projekt-MAN Frauen in der Werkstatt,03_Projekt-MAN Frauen in der Werkstatt/03_Medien/05_Footage sortiert/1.2 Kompetenz fährt vor/Hook-Szene/Proxy/C9278.mov,0.01,0.1,540,960,2
03_Projekt-MAN Frauen in der Werkstatt,03_Projekt-MAN Frauen in der Werkstatt/03_Medien/05_Footage sortiert/1.2 Kompetenz fährt vor/Hook-Szene/Proxy/FX3_0482.mov,0.01,0.3,540,960,2
03_Projekt-MAN Frauen in der Werkstatt,03_Projekt-MAN Frauen in der Werkstatt/03_Medien/05_Footage sortiert/1.2 Kompetenz fährt vor/Hook-Szene/Proxy/FX3_0479.mov,0.01,0.2,540,960,2
03_Projekt-MAN Frauen in der Werkstatt,03_Projekt-MAN Frauen in der Werkstatt/03_Medien/05_Footage sortiert/1.2 Kompetenz fährt vor/Hook-Szene/Proxy/FX3_0484.mov,0.01,0.3,540,960,2
03_Projekt-MAN Frauen in der Werkstatt,03_Projekt-MAN Frauen in der Werkstatt/03_Medien/05_Footage sortiert/1.2 Kompetenz fährt vor/Hook-Szene/Proxy/FX3_0487.mov,0.01,0.1,540,960,2
03_Projekt-MAN Frauen in der Werkstatt,03_Projekt-MAN Frauen in der Werkstatt/03_Medien/02_Assets/03_Bildmaterial/6546365_Overlay Old Film Transition Tv Static_By_Pixel_DNA_Artlist_HD.mp4,0.01,0.1,1920,1080,0
03_Projekt-MAN Frauen in der Werkstatt,03_Projekt-MAN Frauen in der Werkstatt/03_Medien/02_Assets/04_Stock Footage/Die nächste MAN Truck Generation.mp4,0.01,4.3,640,360,2
03_Projekt-MAN Frauen in der Werkstatt,03_Projekt-MAN Frauen in der Werkstatt/03_Medien/02_Assets/06_CTA/MAN_CTA_V1.mp4,0.01,0.2,2160,3840,0
03_Projekt-MAN Frauen in der Werkstatt,03_Projekt-MAN Frauen in der Werkstatt/03_Medien/02_Assets/06_CTA/MAN_CTA_V2.mp4,0.01,0.2,2160,3840,0
03_Projekt-MAN Frauen in der Werkstatt,03_Projekt-MAN Frauen in der Werkstatt/03_Medien/02_Assets/06_CTA/MAN_CTA_V3.mp4,0.01,0.2,2160,3840,0
03_Projekt-MAN Frauen in der Werkstatt,03_Projekt-MAN Frauen in der Werkstatt/03_Medien/02_Assets/05_Sonstiges/Ai Generiert/z_Upload-Image---Internal-Only-Style-f6611d43.mp4,0.01,0.1,1080,1920,0
03_Projekt-MAN Frauen in der Werkstatt,03_Projekt-MAN Frauen in der Werkstatt/03_Medien/02_Assets/05_Sonstiges/Ai Generiert/z_Upload-Image---Internal-Only-Style-6f788ed6.mp4,0.01,0.1,1080,1920,0
03_Projekt-MAN Frauen in der Werkstatt,03_Projekt-MAN Frauen in der Werkstatt/03_Medien/02_Assets/05_Sonstiges/Ai Generiert/-44223845.mp4,0.01,0.1,1080,1920,0
03_Projekt-MAN Frauen in der Werkstatt,03_Projekt-MAN Frauen in der Werkstatt/03_Medien/02_Assets/05_Sonstiges/Ai Generiert/-0b4deb81.mp4,0.01,0.1,1080,1920,0
03_Projekt-MAN Frauen in der Werkstatt,03_Projekt-MAN Frauen in der Werkstatt/03_Medien/02_Assets/05_Sonstiges/Ai Generiert/-806e8e18.mp4,0.01,0.1,1088,1904,0
03_Projekt-MAN Frauen in der Werkstatt,03_Projekt-MAN Frauen in der Werkstatt/03_Medien/02_Assets/05_Sonstiges/Ai Generiert/-5ab5a580.mp4,0.01,0.1,1088,1904,0
03_Projekt-MAN Frauen in der Werkstatt,03_Projekt-MAN Frauen in der Werkstatt/03_Medien/02_Assets/05_Sonstiges/Ai Generiert/-fff7dcc8.mp4,0.01,0.1,1088,1904,0
03_Projekt-MAN Frauen in der Werkstatt,03_Projekt-MAN Frauen in der Werkstatt/03_Medien/02_Assets/05_Sonstiges/Ai Generiert/91026149-e64a-4cb1-9eaa-0a2d67eea56c.mp4,0.01,0.1,1088,1904,0
03_Projekt-MAN Frauen in der Werkstatt,03_Projekt-MAN Frauen in der Werkstatt/03_Medien/02_Assets/05_Sonstiges/Ai Generiert/-79d57e34.mp4,0.01,0.1,1080,1920,0
03_Projekt-MAN Frauen in der Werkstatt,03_Projekt-MAN Frauen in der Werkstatt/03_Medien/02_Assets/05_Sonstiges/Ai Generiert/4.1/z_Upload-Image---Internal-Only-Style-4e8b4d12.mp4,0.01,0.1,1760,1176,0
03_Projekt-MAN Frauen in der Werkstatt,03_Projekt-MAN Frauen in der Werkstatt/03_Medien/02_Assets/05_Sonstiges/Ai Generiert/4.2/z_Upload-Image---Internal-Only-Style-0d7e5aad.mp4,0.01,0.1,1088,1904,0
03_Projekt-MAN Frauen in der Werkstatt,03_Projekt-MAN Frauen in der Werkstatt/03_Medien/02_Assets/05_Sonstiges/Ai Generiert/4.2/z_2Upload-Image---Internal-Only-Style-0d7e5aad.mp4,0.01,0.1,1088,1904,0
03_Projekt-MAN Frauen in der Werkstatt,03_Projekt-MAN Frauen in der Werkstatt/03_Medien/02_Assets/05_Sonstiges/Ai Generiert/4.2/z_Upload-Image---Internal-Only-Style-23ea65f5.mp4,0.01,0.1,1088,1904,0
03_Projekt-MAN Frauen in der Werkstatt,03_Projekt-MAN Frauen in der Werkstatt/03_Medien/02_Assets/05_Sonstiges/Ai Generiert/4.2/z_Upload-Image---Internal-Only-Style-65c1e27f.mp4,0.01,0.1,1088,1904,0
03_Projekt-MAN Frauen in der Werkstatt,03_Projekt-MAN Frauen in der Werkstatt/03_Medien/02_Assets/05_Sonstiges/Ai Generiert/4.2/z_Upload-Image---Internal-Only-Style-1099836e.mp4,0.01,0.1,1088,1904,0
03_Projekt-MAN Frauen in der Werkstatt,03_Projekt-MAN Frauen in der Werkstatt/03_Medien/02_Assets/05_Sonstiges/Ai Generiert/4.2/hf_20260119_142623_f4e2ea75-9594-4551-b5a7-c03c31662f97.mp4,0.01,0.1,1536,2752,0
03_Projekt-MAN Frauen in der Werkstatt,03_Projekt-MAN Frauen in der Werkstatt/03_Medien/02_Assets/05_Sonstiges/Ai Generiert/4.2/hf_20260130_152113_8a529770-7adc-43fe-809d-0215df3b9574.mp4,0.01,0.1,1088,1904,0
03_Projekt-MAN Frauen in der Werkstatt,03_Projekt-MAN Frauen in der Werkstatt/03_Medien/02_Assets/05_Sonstiges/Ai Generiert/4.3/hf_20260119_090427_bf7f9c89-9040-4588-ab01-e583939dc1f6.mp4,0.01,0.1,1536,2752,0
03_Projekt-MAN Frauen in der Werkstatt,03_Projekt-MAN Frauen in der Werkstatt/03_Medien/02_Assets/05_Sonstiges/Ai Generiert/4.3/Compound Clip 1 Render.mp4,0.01,0.1,1088,1904,0
03_Projekt-MAN Frauen in der Werkstatt,03_Projekt-MAN Frauen in der Werkstatt/03_Medien/01_Footage/Kamera-C Fuji DN/DSCF7991.MOV,0.01,0.0,3840,2160,2
03_Projekt-MAN Frauen in der Werkstatt,03_Projekt-MAN Frauen in der Werkstatt/03_Medien/01_Footage/Kamera-C Fuji DN/Proxy/DSCF7618.mov,0.01,0.1,540,960,2
03_Projekt-MAN Frauen in der Werkstatt,03_Projekt-MAN Frauen in der Werkstatt/03_Medien/01_Footage/Kamera-C Fuji DN/Proxy/DSCF7619.mov,0.01,0.1,540,960,2
03_Projekt-MAN Frauen in der Werkstatt,03_Projekt-MAN Frauen in der Werkstatt/03_Medien/01_Footage/Kamera-C Fuji DN/Proxy/DSCF7630.mov,0.01,0.1,540,960,2
03_Projekt-MAN Frauen in der Werkstatt,03_Projekt-MAN Frauen in der Werkstatt/03_Medien/01_Footage/Kamera-C Fuji DN/Proxy/DSCF7632.mov,0.01,0.2,540,960,2
03_Projekt-MAN Frauen in der Werkstatt,03_Projekt-MAN Frauen in der Werkstatt/03_Medien/01_Footage/Kamera-C Fuji DN/Proxy/DSCF7631.mov,0.01,0.1,540,960,2
03_Projekt-MAN Frauen in der Werkstatt,03_Projekt-MAN Frauen in der Werkstatt/03_Medien/01_Footage/Kamera-C Fuji DN/Proxy/DSCF7634.mov,0.01,0.3,540,960,2
03_Projekt-MAN Frauen in der Werkstatt,03_Projekt-MAN Frauen in der Werkstatt/03_Medien/01_Footage/Kamera-C Fuji DN/Proxy/DSCF7635.mov,0.01,0.1,540,960,2
03_Projekt-MAN Frauen in der Werkstatt,03_Projekt-MAN Frauen in der Werkstatt/03_Medien/01_Footage/Kamera-C Fuji DN/Proxy/DSCF7636.mov,0.01,0.2,540,960,2
03_Projekt-MAN Frauen in der Werkstatt,03_Projekt-MAN Frauen in der Werkstatt/03_Medien/01_Footage/Kamera-C Fuji DN/Proxy/DSCF7637.mov,0.01,0.2,540,960,2
03_Projekt-MAN Frauen in der Werkstatt,03_Projekt-MAN Frauen in der Werkstatt/03_Medien/01_Footage/Kamera-C Fuji DN/Proxy/DSCF7640.mov,0.01,0.2,540,960,2
03_Projekt-MAN Frauen in der Werkstatt,03_Projekt-MAN Frauen in der Werkstatt/03_Medien/01_Footage/Kamera-C Fuji DN/Proxy/DSCF7641.mov,0.01,0.1,540,960,2
03_Projekt-MAN Frauen in der Werkstatt,03_Projekt-MAN Frauen in der Werkstatt/03_Medien/01_Footage/Kamera-C Fuji DN/Proxy/DSCF7642.mov,0.01,0.1,540,960,2
03_Projekt-MAN Frauen in der Werkstatt,03_Projekt-MAN Frauen in der Werkstatt/03_Medien/01_Footage/Kamera-C Fuji DN/Proxy/DSCF7695.mov,0.01,0.1,540,960,2
03_Projekt-MAN Frauen in der Werkstatt,03_Projekt-MAN Frauen in der Werkstatt/03_Medien/01_Footage/Kamera-C Fuji DN/Proxy/DSCF7697.mov,0.01,0.1,540,960,2
03_Projekt-MAN Frauen in der Werkstatt,03_Projekt-MAN Frauen in der Werkstatt/03_Medien/01_Footage/Kamera-C Fuji DN/Proxy/DSCF7698.mov,0.01,0.2,540,960,2
03_Projekt-MAN Frauen in der Werkstatt,03_Projekt-MAN Frauen in der Werkstatt/03_Medien/01_Footage/Kamera-C Fuji DN/Proxy/DSCF7708.mov,0.01,0.1,540,960,2
03_Projekt-MAN Frauen in der Werkstatt,03_Projekt-MAN Frauen in der Werkstatt/03_Medien/01_Footage/Kamera-C Fuji DN/Proxy/DSCF7709.mov,0.01,0.1,540,960,2
03_Projekt-MAN Frauen in der Werkstatt,03_Projekt-MAN Frauen in der Werkstatt/03_Medien/01_Footage/Kamera-C Fuji DN/Proxy/DSCF7710.mov,0.01,0.2,540,960,2
03_Projekt-MAN Frauen in der Werkstatt,03_Projekt-MAN Frauen in der Werkstatt/03_Medien/01_Footage/Kamera-C Fuji DN/Proxy/DSCF7711.mov,0.01,0.2,540,960,2
03_Projekt-MAN Frauen in der Werkstatt,03_Projekt-MAN Frauen in der Werkstatt/03_Medien/01_Footage/Kamera-C Fuji DN/Proxy/DSCF7754.mov,0.01,0.2,540,960,2
03_Projekt-MAN Frauen in der Werkstatt,03_Projekt-MAN Frauen in der Werkstatt/03_Medien/01_Footage/Kamera-C Fuji DN/Proxy/DSCF7826.mov,0.01,0.2,540,960,2
03_Projekt-MAN Frauen in der Werkstatt,03_Projekt-MAN Frauen in der Werkstatt/03_Medien/01_Footage/Kamera-C Fuji DN/Proxy/DSCF7828.mov,0.01,0.1,540,960,2
03_Projekt-MAN Frauen in der Werkstatt,03_Projekt-MAN Frauen in der Werkstatt/03_Medien/01_Footage/Kamera-C Fuji DN/Proxy/DSCF7831.mov,0.01,0.2,540,960,2
03_Projekt-MAN Frauen in der Werkstatt,03_Projekt-MAN Frauen in der Werkstatt/03_Medien/01_Footage/Kamera-C Fuji DN/Proxy/DSCF7887.mov,0.01,0.2,540,960,2
03_Projekt-MAN Frauen in der Werkstatt,03_Projekt-MAN Frauen in der Werkstatt/03_Medien/01_Footage/Kamera-C Fuji DN/Proxy/DSCF7975.mov,0.01,0.1,540,960,2
03_Projekt-MAN Frauen in der Werkstatt,03_Projekt-MAN Frauen in der Werkstatt/03_Medien/01_Footage/Kamera-C Fuji DN/Proxy/DSCF8011.mov,0.01,0.2,540,960,2
03_Projekt-MAN Frauen in der Werkstatt,03_Projekt-MAN Frauen in der Werkstatt/03_Medien/01_Footage/Kamera-C Fuji DN/Proxy/DSCF8012.mov,0.01,0.2,540,960,2
03_Projekt-MAN Frauen in der Werkstatt,03_Projekt-MAN Frauen in der Werkstatt/03_Medien/01_Footage/Kamera-C Fuji DN/Proxy/DSCF8013.mov,0.01,0.2,540,960,2
03_Projekt-MAN Frauen in der Werkstatt,03_Projekt-MAN Frauen in der Werkstatt/03_Medien/01_Footage/Kamera-C Fuji DN/Proxy/DSCF8126.mov,0.01,0.2,960,540,2
03_Projekt-MAN Frauen in der Werkstatt,03_Projekt-MAN Frauen in der Werkstatt/03_Medien/01_Footage/Kamera-C Fuji DN/Proxy/DSCF8128.mov,0.01,0.2,960,540,2
03_Projekt-MAN Frauen in der Werkstatt,03_Projekt-MAN Frauen in der Werkstatt/03_Medien/01_Footage/Kamera-C Fuji DN/Proxy/DSCF8134.mov,0.01,0.1,540,960,2
03_Projekt-MAN Frauen in der Werkstatt,03_Projekt-MAN Frauen in der Werkstatt/03_Medien/01_Footage/Kamera-C Fuji DN/Proxy/DSCF8135.mov,0.01,0.3,540,960,2
03_Projekt-MAN Frauen in der Werkstatt,03_Projekt-MAN Frauen in der Werkstatt/03_Medien/01_Footage/Kamera-C Fuji DN/Proxy/DSCF8136.mov,0.01,0.1,540,960,2
03_Projekt-MAN Frauen in der Werkstatt,03_Projekt-MAN Frauen in der Werkstatt/03_Medien/01_Footage/Kamera-C Fuji DN/Proxy/DSCF8137.mov,0.01,0.3,540,960,2
03_Projekt-MAN Frauen in der Werkstatt,03_Projekt-MAN Frauen in der Werkstatt/03_Medien/01_Footage/Kamera-C Fuji DN/Proxy/DSCF8014.mov,0.01,0.1,540,960,2
03_Projekt-MAN Frauen in der Werkstatt,03_Projekt-MAN Frauen in der Werkstatt/03_Medien/01_Footage/Kamera-C Fuji DN/Proxy/DSCF8018.mov,0.01,0.2,540,960,2
03_Projekt-MAN Frauen in der Werkstatt,03_Projekt-MAN Frauen in der Werkstatt/03_Medien/01_Footage/Kamera-C Fuji DN/Proxy/DSCF8047.mov,0.01,0.2,960,540,2
03_Projekt-MAN Frauen in der Werkstatt,03_Projekt-MAN Frauen in der Werkstatt/03_Medien/05_Footage sortiert/Lagerfootage/Proxy/C0755.mov,0.0,0.0,540,960,2
03_Projekt-MAN Frauen in der Werkstatt,03_Projekt-MAN Frauen in der Werkstatt/03_Medien/05_Footage sortiert/Lagerfootage/Proxy/C0754.mov,0.0,0.0,540,960,2
03_Projekt-MAN Frauen in der Werkstatt,03_Projekt-MAN Frauen in der Werkstatt/03_Medien/05_Footage sortiert/Lagerfootage/Proxy/C0752.mov,0.0,0.0,540,960,2
03_Projekt-MAN Frauen in der Werkstatt,03_Projekt-MAN Frauen in der Werkstatt/03_Medien/05_Footage sortiert/Lagerfootage/Proxy/C0753.mov,0.0,0.0,540,960,2
03_Projekt-MAN Frauen in der Werkstatt,03_Projekt-MAN Frauen in der Werkstatt/03_Medien/05_Footage sortiert/Lagerfootage/Proxy/C0757.mov,0.0,0.0,540,960,2
03_Projekt-MAN Frauen in der Werkstatt,03_Projekt-MAN Frauen in der Werkstatt/03_Medien/05_Footage sortiert/Lagerfootage/Proxy/C0763.mov,0.0,0.0,540,960,2
03_Projekt-MAN Frauen in der Werkstatt,03_Projekt-MAN Frauen in der Werkstatt/03_Medien/05_Footage sortiert/Lagerfootage/Proxy/C0762.mov,0.0,0.0,540,960,2
03_Projekt-MAN Frauen in der Werkstatt,03_Projekt-MAN Frauen in der Werkstatt/03_Medien/05_Footage sortiert/Lagerfootage/Proxy/C0766.mov,0.0,0.0,540,960,2
03_Projekt-MAN Frauen in der Werkstatt,03_Projekt-MAN Frauen in der Werkstatt/03_Medien/05_Footage sortiert/Lagerfootage/Proxy/C0761.mov,0.0,0.0,540,960,2
03_Projekt-MAN Frauen in der Werkstatt,03_Projekt-MAN Frauen in der Werkstatt/03_Medien/05_Footage sortiert/Lagerfootage/Proxy/C0765.mov,0.0,0.0,540,960,2
03_Projekt-MAN Frauen in der Werkstatt,03_Projekt-MAN Frauen in der Werkstatt/03_Medien/05_Footage sortiert/Lagerfootage/Proxy/C0760.mov,0.0,0.0,540,960,2
03_Projekt-MAN Frauen in der Werkstatt,03_Projekt-MAN Frauen in der Werkstatt/03_Medien/05_Footage sortiert/Lagerfootage/Proxy/C0767.mov,0.0,0.0,540,960,2
03_Projekt-MAN Frauen in der Werkstatt,03_Projekt-MAN Frauen in der Werkstatt/03_Medien/05_Footage sortiert/Lagerfootage/Proxy/C0764.mov,0.0,0.0,540,960,2
03_Projekt-MAN Frauen in der Werkstatt,03_Projekt-MAN Frauen in der Werkstatt/03_Medien/05_Footage sortiert/Lagerfootage/Proxy/FX3_0541.mov,0.0,0.1,540,960,2
03_Projekt-MAN Frauen in der Werkstatt,03_Projekt-MAN Frauen in der Werkstatt/03_Medien/05_Footage sortiert/02_B-Roll/Fahrzeuge auf dem Hof/Proxy/C0778.mov,0.0,0.1,540,960,2
03_Projekt-MAN Frauen in der Werkstatt,03_Projekt-MAN Frauen in der Werkstatt/03_Medien/05_Footage sortiert/02_B-Roll/Fahrzeuge auf dem Hof/Proxy/C0782.mov,0.0,0.0,540,960,2
03_Projekt-MAN Frauen in der Werkstatt,03_Projekt-MAN Frauen in der Werkstatt/03_Medien/05_Footage sortiert/02_B-Roll/Fahrzeuge auf dem Hof/Proxy/C0781.mov,0.0,0.0,540,960,2
03_Projekt-MAN Frauen in der Werkstatt,03_Projekt-MAN Frauen in der Werkstatt/03_Medien/05_Footage sortiert/02_B-Roll/Fahrzeuge auf dem Hof/Proxy/C0780.mov,0.0,0.0,540,960,2
03_Projekt-MAN Frauen in der Werkstatt,03_Projekt-MAN Frauen in der Werkstatt/03_Medien/05_Footage sortiert/02_B-Roll/Fahrzeuge auf dem Hof/Proxy/C0777.mov,0.0,0.0,540,960,2
03_Projekt-MAN Frauen in der Werkstatt,03_Projekt-MAN Frauen in der Werkstatt/03_Medien/05_Footage sortiert/02_B-Roll/Fahrzeuge auf dem Hof/Proxy/C0779.mov,0.0,0.0,540,960,2
03_Projekt-MAN Frauen in der Werkstatt,03_Projekt-MAN Frauen in der Werkstatt/03_Medien/05_Footage sortiert/02_B-Roll/Fahrzeuge auf dem Hof/Proxy/C0783.mov,0.0,0.1,540,960,2
03_Projekt-MAN Frauen in der Werkstatt,03_Projekt-MAN Frauen in der Werkstatt/03_Medien/05_Footage sortiert/02_B-Roll/Fahrzeuge auf dem Hof/Proxy/C0784.mov,0.0,0.0,540,960,2
03_Projekt-MAN Frauen in der Werkstatt,03_Projekt-MAN Frauen in der Werkstatt/03_Medien/05_Footage sortiert/02_B-Roll/Fahrzeuge auf dem Hof/Proxy/C0785.mov,0.0,0.1,540,960,2
03_Projekt-MAN Frauen in der Werkstatt,03_Projekt-MAN Frauen in der Werkstatt/03_Medien/05_Footage sortiert/02_B-Roll/Fahrzeuge auf dem Hof/Proxy/C0788.mov,0.0,0.0,540,960,2
03_Projekt-MAN Frauen in der Werkstatt,03_Projekt-MAN Frauen in der Werkstatt/03_Medien/05_Footage sortiert/02_B-Roll/Fahrzeuge auf dem Hof/Proxy/C0786.mov,0.0,0.0,540,960,2
03_Projekt-MAN Frauen in der Werkstatt,03_Projekt-MAN Frauen in der Werkstatt/03_Medien/05_Footage sortiert/02_B-Roll/Fahrzeuge auf dem Hof/Proxy/C0787.mov,0.0,0.0,540,960,2
03_Projekt-MAN Frauen in der Werkstatt,03_Projekt-MAN Frauen in der Werkstatt/03_Medien/05_Footage sortiert/02_B-Roll/Fahrzeuge auf dem Hof/Proxy/C0791.mov,0.0,0.0,540,960,2
03_Projekt-MAN Frauen in der Werkstatt,03_Projekt-MAN Frauen in der Werkstatt/03_Medien/05_Footage sortiert/02_B-Roll/Fahrzeuge auf dem Hof/Proxy/C0792.mov,0.0,0.0,540,960,2
03_Projekt-MAN Frauen in der Werkstatt,03_Projekt-MAN Frauen in der Werkstatt/03_Medien/05_Footage sortiert/02_B-Roll/Fahrzeuge auf dem Hof/Proxy/C0789.mov,0.0,0.1,540,960,2
03_Projekt-MAN Frauen in der Werkstatt,03_Projekt-MAN Frauen in der Werkstatt/03_Medien/05_Footage sortiert/02_B-Roll/Fahrzeuge auf dem Hof/Proxy/C0790.mov,0.0,0.0,540,960,2
03_Projekt-MAN Frauen in der Werkstatt,03_Projekt-MAN Frauen in der Werkstatt/03_Medien/05_Footage sortiert/02_B-Roll/Fahrzeuge auf dem Hof/Proxy/C0793.mov,0.0,0.1,540,960,2
03_Projekt-MAN Frauen in der Werkstatt,03_Projekt-MAN Frauen in der Werkstatt/03_Medien/05_Footage sortiert/02_B-Roll/Fahrzeuge auf dem Hof/Proxy/C0796.mov,0.0,0.0,540,960,2
03_Projekt-MAN Frauen in der Werkstatt,03_Projekt-MAN Frauen in der Werkstatt/03_Medien/05_Footage sortiert/02_B-Roll/Fahrzeuge auf dem Hof/Proxy/C0797.mov,0.0,0.0,540,960,2
03_Projekt-MAN Frauen in der Werkstatt,03_Projekt-MAN Frauen in der Werkstatt/03_Medien/05_Footage sortiert/02_B-Roll/Fahrzeuge auf dem Hof/Proxy/C0794.mov,0.0,0.0,540,960,2
03_Projekt-MAN Frauen in der Werkstatt,03_Projekt-MAN Frauen in der Werkstatt/03_Medien/05_Footage sortiert/02_B-Roll/Fahrzeuge auf dem Hof/Proxy/C0795.mov,0.0,0.0,540,960,2
03_Projekt-MAN Frauen in der Werkstatt,03_Projekt-MAN Frauen in der Werkstatt/03_Medien/05_Footage sortiert/02_B-Roll/Fahrzeuge auf dem Hof/Proxy/C0799.mov,0.0,0.0,540,960,2
03_Projekt-MAN Frauen in der Werkstatt,03_Projekt-MAN Frauen in der Werkstatt/03_Medien/05_Footage sortiert/02_B-Roll/Fahrzeuge auf dem Hof/Proxy/C0800.mov,0.0,0.1,540,960,2
03_Projekt-MAN Frauen in der Werkstatt,03_Projekt-MAN Frauen in der Werkstatt/03_Medien/05_Footage sortiert/02_B-Roll/Fahrzeuge auf dem Hof/Proxy/C0801.mov,0.0,0.0,540,960,2
03_Projekt-MAN Frauen in der Werkstatt,03_Projekt-MAN Frauen in der Werkstatt/03_Medien/05_Footage sortiert/02_B-Roll/Fahrzeuge auf dem Hof/Proxy/C0805.mov,0.0,0.0,540,960,2
03_Projekt-MAN Frauen in der Werkstatt,03_Projekt-MAN Frauen in der Werkstatt/03_Medien/05_Footage sortiert/02_B-Roll/Fahrzeuge auf dem Hof/Proxy/C0803.mov,0.0,0.0,540,960,2
03_Projekt-MAN Frauen in der Werkstatt,03_Projekt-MAN Frauen in der Werkstatt/03_Medien/05_Footage sortiert/02_B-Roll/Fahrzeuge auf dem Hof/Proxy/C0804.mov,0.0,0.0,540,960,2
03_Projekt-MAN Frauen in der Werkstatt,03_Projekt-MAN Frauen in der Werkstatt/03_Medien/05_Footage sortiert/02_B-Roll/Fahrzeuge auf dem Hof/Proxy/C0802.mov,0.0,0.1,540,960,2
03_Projekt-MAN Frauen in der Werkstatt,03_Projekt-MAN Frauen in der Werkstatt/03_Medien/05_Footage sortiert/02_B-Roll/Fahrzeuge auf dem Hof/Proxy/C0806.mov,0.0,0.1,540,960,2
03_Projekt-MAN Frauen in der Werkstatt,03_Projekt-MAN Frauen in der Werkstatt/03_Medien/05_Footage sortiert/02_B-Roll/Fahrzeuge auf dem Hof/Proxy/C0808.mov,0.0,0.1,540,960,2
03_Projekt-MAN Frauen in der Werkstatt,03_Projekt-MAN Frauen in der Werkstatt/03_Medien/05_Footage sortiert/02_B-Roll/Fahrzeuge auf dem Hof/Proxy/C0810.mov,0.0,0.0,540,960,2
03_Projekt-MAN Frauen in der Werkstatt,03_Projekt-MAN Frauen in der Werkstatt/03_Medien/05_Footage sortiert/02_B-Roll/Fahrzeuge auf dem Hof/Proxy/C0812.mov,0.0,0.0,540,960,2
03_Projekt-MAN Frauen in der Werkstatt,03_Projekt-MAN Frauen in der Werkstatt/03_Medien/05_Footage sortiert/02_B-Roll/Fahrzeuge auf dem Hof/Proxy/C0813.mov,0.0,0.0,540,960,2
03_Projekt-MAN Frauen in der Werkstatt,03_Projekt-MAN Frauen in der Werkstatt/03_Medien/05_Footage sortiert/02_B-Roll/Fahrzeuge auf dem Hof/Proxy/C0814.mov,0.0,0.0,540,960,2
03_Projekt-MAN Frauen in der Werkstatt,03_Projekt-MAN Frauen in der Werkstatt/03_Medien/05_Footage sortiert/02_B-Roll/Fahrzeuge auf dem Hof/Proxy/C0815.mov,0.0,0.0,540,960,2
03_Projekt-MAN Frauen in der Werkstatt,03_Projekt-MAN Frauen in der Werkstatt/03_Medien/05_Footage sortiert/02_B-Roll/Fahrzeuge auf dem Hof/Proxy/C0816.mov,0.0,0.0,540,960,2
03_Projekt-MAN Frauen in der Werkstatt,03_Projekt-MAN Frauen in der Werkstatt/03_Medien/05_Footage sortiert/02_B-Roll/Fahrzeuge auf dem Hof/Proxy/C0821.mov,0.0,0.0,540,960,2
03_Projekt-MAN Frauen in der Werkstatt,03_Projekt-MAN Frauen in der Werkstatt/03_Medien/05_Footage sortiert/02_B-Roll/Fahrzeuge auf dem Hof/Proxy/C0820.mov,0.0,0.0,540,960,2
03_Projekt-MAN Frauen in der Werkstatt,03_Projekt-MAN Frauen in der Werkstatt/03_Medien/05_Footage sortiert/02_B-Roll/Fahrzeuge auf dem Hof/Proxy/C0817.mov,0.0,0.0,540,960,2
03_Projekt-MAN Frauen in der Werkstatt,03_Projekt-MAN Frauen in der Werkstatt/03_Medien/05_Footage sortiert/02_B-Roll/Fahrzeuge auf dem Hof/Proxy/C0818.mov,0.0,0.0,540,960,2
03_Projekt-MAN Frauen in der Werkstatt,03_Projekt-MAN Frauen in der Werkstatt/03_Medien/05_Footage sortiert/02_B-Roll/Fahrzeuge auf dem Hof/Proxy/C0819.mov,0.0,0.0,540,960,2
03_Projekt-MAN Frauen in der Werkstatt,03_Projekt-MAN Frauen in der Werkstatt/03_Medien/05_Footage sortiert/02_B-Roll/Fahrzeuge auf dem Hof/Proxy/C0822.mov,0.0,0.0,540,960,2
03_Projekt-MAN Frauen in der Werkstatt,03_Projekt-MAN Frauen in der Werkstatt/03_Medien/05_Footage sortiert/02_B-Roll/Fahrzeuge auf dem Hof/Proxy/C0824.mov,0.0,0.0,540,960,2
03_Projekt-MAN Frauen in der Werkstatt,03_Projekt-MAN Frauen in der Werkstatt/03_Medien/05_Footage sortiert/02_B-Roll/Fahrzeuge auf dem Hof/Proxy/C0825.mov,0.0,0.0,540,960,2
03_Projekt-MAN Frauen in der Werkstatt,03_Projekt-MAN Frauen in der Werkstatt/03_Medien/05_Footage sortiert/02_B-Roll/Fahrzeuge auf dem Hof/Proxy/C0828.mov,0.0,0.0,540,960,2
03_Projekt-MAN Frauen in der Werkstatt,03_Projekt-MAN Frauen in der Werkstatt/03_Medien/05_Footage sortiert/02_B-Roll/Fahrzeuge auf dem Hof/Proxy/C0826.mov,0.0,0.0,540,960,2
03_Projekt-MAN Frauen in der Werkstatt,03_Projekt-MAN Frauen in der Werkstatt/03_Medien/05_Footage sortiert/02_B-Roll/Fahrzeuge auf dem Hof/Proxy/C0829.mov,0.0,0.0,540,960,2
03_Projekt-MAN Frauen in der Werkstatt,03_Projekt-MAN Frauen in der Werkstatt/03_Medien/05_Footage sortiert/02_B-Roll/Fahrzeuge auf dem Hof/Proxy/C0830.mov,0.0,0.0,540,960,2
03_Projekt-MAN Frauen in der Werkstatt,03_Projekt-MAN Frauen in der Werkstatt/03_Medien/05_Footage sortiert/02_B-Roll/Fahrzeuge auf dem Hof/Proxy/C0831.mov,0.0,0.1,540,960,2
03_Projekt-MAN Frauen in der Werkstatt,03_Projekt-MAN Frauen in der Werkstatt/03_Medien/05_Footage sortiert/02_B-Roll/Fahrzeuge auf dem Hof/Proxy/C0832.mov,0.0,0.0,540,960,2
03_Projekt-MAN Frauen in der Werkstatt,03_Projekt-MAN Frauen in der Werkstatt/03_Medien/05_Footage sortiert/02_B-Roll/Fahrzeuge auf dem Hof/Proxy/C0833.mov,0.0,0.1,540,960,2
03_Projekt-MAN Frauen in der Werkstatt,03_Projekt-MAN Frauen in der Werkstatt/03_Medien/05_Footage sortiert/02_B-Roll/Fahrzeuge auf dem Hof/Proxy/C0835.mov,0.0,0.1,540,960,2
03_Projekt-MAN Frauen in der Werkstatt,03_Projekt-MAN Frauen in der Werkstatt/03_Medien/05_Footage sortiert/02_B-Roll/Fahrzeuge auf dem Hof/Proxy/C0837.mov,0.0,0.0,540,960,2
03_Projekt-MAN Frauen in der Werkstatt,03_Projekt-MAN Frauen in der Werkstatt/03_Medien/05_Footage sortiert/02_B-Roll/Fahrzeuge auf dem Hof/Proxy/C0838.mov,0.0,0.0,540,960,2
03_Projekt-MAN Frauen in der Werkstatt,03_Projekt-MAN Frauen in der Werkstatt/03_Medien/05_Footage sortiert/02_B-Roll/Fahrzeuge auf dem Hof/Proxy/C0839.mov,0.0,0.0,540,960,2
03_Projekt-MAN Frauen in der Werkstatt,03_Projekt-MAN Frauen in der Werkstatt/03_Medien/05_Footage sortiert/02_B-Roll/Fahrzeuge auf dem Hof/Proxy/C0840.mov,0.0,0.1,540,960,2
03_Projekt-MAN Frauen in der Werkstatt,03_Projekt-MAN Frauen in der Werkstatt/03_Medien/05_Footage sortiert/02_B-Roll/Fahrzeuge auf dem Hof/Proxy/C0842.mov,0.0,0.1,540,960,2
03_Projekt-MAN Frauen in der Werkstatt,03_Projekt-MAN Frauen in der Werkstatt/03_Medien/05_Footage sortiert/02_B-Roll/Fahrzeuge auf dem Hof/Proxy/C0841.mov,0.0,0.0,540,960,2
03_Projekt-MAN Frauen in der Werkstatt,03_Projekt-MAN Frauen in der Werkstatt/03_Medien/05_Footage sortiert/02_B-Roll/Fahrzeuge auf dem Hof/Proxy/C0843.mov,0.0,0.0,540,960,2
03_Projekt-MAN Frauen in der Werkstatt,03_Projekt-MAN Frauen in der Werkstatt/03_Medien/05_Footage sortiert/02_B-Roll/Fahrzeuge auf dem Hof/Proxy/C0844.mov,0.0,0.0,540,960,2
03_Projekt-MAN Frauen in der Werkstatt,03_Projekt-MAN Frauen in der Werkstatt/03_Medien/05_Footage sortiert/02_B-Roll/Fahrzeuge auf dem Hof/Proxy/C0845.mov,0.0,0.0,540,960,2
03_Projekt-MAN Frauen in der Werkstatt,03_Projekt-MAN Frauen in der Werkstatt/03_Medien/05_Footage sortiert/02_B-Roll/Fahrzeuge auf dem Hof/Proxy/C0846.mov,0.0,0.1,540,960,2
03_Projekt-MAN Frauen in der Werkstatt,03_Projekt-MAN Frauen in der Werkstatt/03_Medien/05_Footage sortiert/02_B-Roll/Fahrzeuge auf dem Hof/Proxy/C0847.mov,0.0,0.1,540,960,2
03_Projekt-MAN Frauen in der Werkstatt,03_Projekt-MAN Frauen in der Werkstatt/03_Medien/05_Footage sortiert/02_B-Roll/Fahrzeuge auf dem Hof/Proxy/C0848.mov,0.0,0.0,540,960,2
03_Projekt-MAN Frauen in der Werkstatt,03_Projekt-MAN Frauen in der Werkstatt/03_Medien/05_Footage sortiert/02_B-Roll/Fahrzeuge auf dem Hof/Proxy/C0849.mov,0.0,0.0,540,960,2
03_Projekt-MAN Frauen in der Werkstatt,03_Projekt-MAN Frauen in der Werkstatt/03_Medien/05_Footage sortiert/02_B-Roll/Fahrzeuge auf dem Hof/Proxy/C0850.mov,0.0,0.1,960,540,2
03_Projekt-MAN Frauen in der Werkstatt,03_Projekt-MAN Frauen in der Werkstatt/03_Medien/05_Footage sortiert/02_B-Roll/Fahrzeuge auf dem Hof/Proxy/C0851.mov,0.0,0.0,540,960,2
03_Projekt-MAN Frauen in der Werkstatt,03_Projekt-MAN Frauen in der Werkstatt/03_Medien/05_Footage sortiert/02_B-Roll/Fahrzeuge auf dem Hof/Proxy/C0852.mov,0.0,0.0,540,960,2
03_Projekt-MAN Frauen in der Werkstatt,03_Projekt-MAN Frauen in der Werkstatt/03_Medien/05_Footage sortiert/02_B-Roll/Fahrzeuge auf dem Hof/Proxy/C0853.mov,0.0,0.1,540,960,2
03_Projekt-MAN Frauen in der Werkstatt,03_Projekt-MAN Frauen in der Werkstatt/03_Medien/05_Footage sortiert/02_B-Roll/Fahrzeuge auf dem Hof/Proxy/C0854.mov,0.0,0.0,540,960,2
03_Projekt-MAN Frauen in der Werkstatt,03_Projekt-MAN Frauen in der Werkstatt/03_Medien/05_Footage sortiert/02_B-Roll/Fahrzeuge auf dem Hof/Proxy/C0855.mov,0.0,0.1,540,960,2
03_Projekt-MAN Frauen in der Werkstatt,03_Projekt-MAN Frauen in der Werkstatt/03_Medien/05_Footage sortiert/02_B-Roll/Fahrzeuge auf dem Hof/Proxy/C0856.mov,0.0,0.0,540,960,2
03_Projekt-MAN Frauen in der Werkstatt,03_Projekt-MAN Frauen in der Werkstatt/03_Medien/05_Footage sortiert/02_B-Roll/Fahrzeuge auf dem Hof/Proxy/C0857.mov,0.0,0.0,540,960,2
03_Projekt-MAN Frauen in der Werkstatt,03_Projekt-MAN Frauen in der Werkstatt/03_Medien/05_Footage sortiert/02_B-Roll/Fahrzeuge auf dem Hof/Proxy/C0858.mov,0.0,0.0,540,960,2
03_Projekt-MAN Frauen in der Werkstatt,03_Projekt-MAN Frauen in der Werkstatt/03_Medien/05_Footage sortiert/02_B-Roll/Fahrzeuge auf dem Hof/Proxy/C0861.mov,0.0,0.0,960,540,2
03_Projekt-MAN Frauen in der Werkstatt,03_Projekt-MAN Frauen in der Werkstatt/03_Medien/05_Footage sortiert/02_B-Roll/Fahrzeuge auf dem Hof/Proxy/C0862.mov,0.0,0.0,540,960,2
03_Projekt-MAN Frauen in der Werkstatt,03_Projekt-MAN Frauen in der Werkstatt/03_Medien/05_Footage sortiert/02_B-Roll/Fahrzeuge auf dem Hof/Proxy/C0863.mov,0.0,0.0,540,960,2
03_Projekt-MAN Frauen in der Werkstatt,03_Projekt-MAN Frauen in der Werkstatt/03_Medien/05_Footage sortiert/02_B-Roll/Fahrzeuge auf dem Hof/Proxy/C0864.mov,0.0,0.0,540,960,2
03_Projekt-MAN Frauen in der Werkstatt,03_Projekt-MAN Frauen in der Werkstatt/03_Medien/05_Footage sortiert/02_B-Roll/Fahrzeuge auf dem Hof/Proxy/C0865.mov,0.0,0.0,540,960,2
03_Projekt-MAN Frauen in der Werkstatt,03_Projekt-MAN Frauen in der Werkstatt/03_Medien/05_Footage sortiert/02_B-Roll/Fahrzeuge auf dem Hof/Proxy/C0866.mov,0.0,0.0,540,960,2
03_Projekt-MAN Frauen in der Werkstatt,03_Projekt-MAN Frauen in der Werkstatt/03_Medien/05_Footage sortiert/02_B-Roll/Fahrzeuge auf dem Hof/Proxy/C0867.mov,0.0,0.0,540,960,2
03_Projekt-MAN Frauen in der Werkstatt,03_Projekt-MAN Frauen in der Werkstatt/03_Medien/05_Footage sortiert/02_B-Roll/Fahrzeuge auf dem Hof/Proxy/C0868.mov,0.0,0.0,540,960,2
03_Projekt-MAN Frauen in der Werkstatt,03_Projekt-MAN Frauen in der Werkstatt/03_Medien/05_Footage sortiert/02_B-Roll/Fahrzeuge auf dem Hof/Proxy/C0870.mov,0.0,0.1,540,960,2
03_Projekt-MAN Frauen in der Werkstatt,03_Projekt-MAN Frauen in der Werkstatt/03_Medien/05_Footage sortiert/02_B-Roll/Fahrzeuge auf dem Hof/Proxy/C0871.mov,0.0,0.0,540,960,2
03_Projekt-MAN Frauen in der Werkstatt,03_Projekt-MAN Frauen in der Werkstatt/03_Medien/05_Footage sortiert/02_B-Roll/Fahrzeuge auf dem Hof/Proxy/C0873.mov,0.0,0.1,540,960,2
03_Projekt-MAN Frauen in der Werkstatt,03_Projekt-MAN Frauen in der Werkstatt/03_Medien/05_Footage sortiert/02_B-Roll/Fahrzeuge auf dem Hof/Proxy/C0874.mov,0.0,0.0,540,960,2
03_Projekt-MAN Frauen in der Werkstatt,03_Projekt-MAN Frauen in der Werkstatt/03_Medien/05_Footage sortiert/02_B-Roll/Fahrzeuge auf dem Hof/Proxy/C0878.mov,0.0,0.0,540,960,2
03_Projekt-MAN Frauen in der Werkstatt,03_Projekt-MAN Frauen in der Werkstatt/03_Medien/05_Footage sortiert/02_B-Roll/Fahrzeuge auf dem Hof/Proxy/C0879.mov,0.0,0.0,540,960,2
03_Projekt-MAN Frauen in der Werkstatt,03_Projekt-MAN Frauen in der Werkstatt/03_Medien/05_Footage sortiert/02_B-Roll/Fahrzeuge auf dem Hof/Proxy/C0880.mov,0.0,0.1,540,960,2
03_Projekt-MAN Frauen in der Werkstatt,03_Projekt-MAN Frauen in der Werkstatt/03_Medien/05_Footage sortiert/02_B-Roll/Fahrzeuge auf dem Hof/Proxy/C0881.mov,0.0,0.0,540,960,2
03_Projekt-MAN Frauen in der Werkstatt,03_Projekt-MAN Frauen in der Werkstatt/03_Medien/05_Footage sortiert/02_B-Roll/Fahrzeuge auf dem Hof/Proxy/C0882.mov,0.0,0.0,540,960,2
03_Projekt-MAN Frauen in der Werkstatt,03_Projekt-MAN Frauen in der Werkstatt/03_Medien/05_Footage sortiert/02_B-Roll/Fahrzeuge auf dem Hof/Proxy/C0886.mov,0.0,0.0,540,960,2
03_Projekt-MAN Frauen in der Werkstatt,03_Projekt-MAN Frauen in der Werkstatt/03_Medien/05_Footage sortiert/02_B-Roll/Fahrzeuge auf dem Hof/Proxy/C0885.mov,0.0,0.0,540,960,2
03_Projekt-MAN Frauen in der Werkstatt,03_Projekt-MAN Frauen in der Werkstatt/03_Medien/05_Footage sortiert/02_B-Roll/Fahrzeuge auf dem Hof/Proxy/C0887.mov,0.0,0.0,540,960,2
03_Projekt-MAN Frauen in der Werkstatt,03_Projekt-MAN Frauen in der Werkstatt/03_Medien/05_Footage sortiert/02_B-Roll/Fahrzeuge auf dem Hof/Proxy/C0888.mov,0.0,0.0,540,960,2
03_Projekt-MAN Frauen in der Werkstatt,03_Projekt-MAN Frauen in der Werkstatt/03_Medien/05_Footage sortiert/02_B-Roll/Fahrzeuge auf dem Hof/Proxy/C0892.mov,0.0,0.0,540,960,2
03_Projekt-MAN Frauen in der Werkstatt,03_Projekt-MAN Frauen in der Werkstatt/03_Medien/05_Footage sortiert/02_B-Roll/Fahrzeuge auf dem Hof/Proxy/C0891.mov,0.0,0.0,540,960,2
03_Projekt-MAN Frauen in der Werkstatt,03_Projekt-MAN Frauen in der Werkstatt/03_Medien/05_Footage sortiert/02_B-Roll/Fahrzeuge auf dem Hof/Proxy/C0893.mov,0.0,0.0,540,960,2
03_Projekt-MAN Frauen in der Werkstatt,03_Projekt-MAN Frauen in der Werkstatt/03_Medien/05_Footage sortiert/02_B-Roll/Fahrzeuge auf dem Hof/Proxy/C0894.mov,0.0,0.0,540,960,2
03_Projekt-MAN Frauen in der Werkstatt,03_Projekt-MAN Frauen in der Werkstatt/03_Medien/05_Footage sortiert/02_B-Roll/Fahrzeuge auf dem Hof/Proxy/C0895.mov,0.0,0.1,540,960,2
03_Projekt-MAN Frauen in der Werkstatt,03_Projekt-MAN Frauen in der Werkstatt/03_Medien/05_Footage sortiert/02_B-Roll/Fahrzeuge auf dem Hof/Proxy/C0896.mov,0.0,0.0,540,960,2
03_Projekt-MAN Frauen in der Werkstatt,03_Projekt-MAN Frauen in der Werkstatt/03_Medien/05_Footage sortiert/02_B-Roll/Fahrzeuge auf dem Hof/Proxy/C0898.mov,0.0,0.1,540,960,2
03_Projekt-MAN Frauen in der Werkstatt,03_Projekt-MAN Frauen in der Werkstatt/03_Medien/05_Footage sortiert/02_B-Roll/Fahrzeuge auf dem Hof/Proxy/C0899.mov,0.0,0.0,540,960,2
03_Projekt-MAN Frauen in der Werkstatt,03_Projekt-MAN Frauen in der Werkstatt/03_Medien/05_Footage sortiert/02_B-Roll/Fahrzeuge auf dem Hof/Proxy/C0900.mov,0.0,0.1,540,960,2
03_Projekt-MAN Frauen in der Werkstatt,03_Projekt-MAN Frauen in der Werkstatt/03_Medien/05_Footage sortiert/02_B-Roll/Fahrzeuge auf dem Hof/Proxy/C0901.mov,0.0,0.0,540,960,2
03_Projekt-MAN Frauen in der Werkstatt,03_Projekt-MAN Frauen in der Werkstatt/03_Medien/05_Footage sortiert/02_B-Roll/Fahrzeuge auf dem Hof/Proxy/FX3_3999.mov,0.0,0.0,540,960,2
03_Projekt-MAN Frauen in der Werkstatt,03_Projekt-MAN Frauen in der Werkstatt/03_Medien/05_Footage sortiert/02_B-Roll/Fahrzeuge auf dem Hof/Proxy/FX3_4009.mov,0.0,0.0,540,960,2
03_Projekt-MAN Frauen in der Werkstatt,03_Projekt-MAN Frauen in der Werkstatt/03_Medien/05_Footage sortiert/02_B-Roll/Fahrzeuge auf dem Hof/Proxy/FX3_4013.mov,0.0,0.0,540,960,2
03_Projekt-MAN Frauen in der Werkstatt,03_Projekt-MAN Frauen in der Werkstatt/03_Medien/05_Footage sortiert/02_B-Roll/Fahrzeuge auf dem Hof/Proxy/FX3_4023.mov,0.0,0.0,540,960,2
03_Projekt-MAN Frauen in der Werkstatt,03_Projekt-MAN Frauen in der Werkstatt/03_Medien/05_Footage sortiert/02_B-Roll/Fahrzeuge auf dem Hof/Proxy/FX3_4026.mov,0.0,0.0,540,960,2
03_Projekt-MAN Frauen in der Werkstatt,03_Projekt-MAN Frauen in der Werkstatt/03_Medien/05_Footage sortiert/02_B-Roll/Reisebus/Proxy/FX3_0547.mov,0.0,0.0,540,960,2
03_Projekt-MAN Frauen in der Werkstatt,03_Projekt-MAN Frauen in der Werkstatt/03_Medien/05_Footage sortiert/02_B-Roll/Reisebus/Proxy/FX3_0548.mov,0.0,0.1,540,960,2
03_Projekt-MAN Frauen in der Werkstatt,03_Projekt-MAN Frauen in der Werkstatt/03_Medien/05_Footage sortiert/02_B-Roll/TGE/Proxy/C9355.mov,0.0,0.1,540,960,2
03_Projekt-MAN Frauen in der Werkstatt,03_Projekt-MAN Frauen in der Werkstatt/03_Medien/05_Footage sortiert/02_B-Roll/TGE/Proxy/C9354.mov,0.0,0.0,540,960,2
03_Projekt-MAN Frauen in der Werkstatt,03_Projekt-MAN Frauen in der Werkstatt/03_Medien/05_Footage sortiert/02_B-Roll/TGE/Proxy/FX3_0517.mov,0.0,0.1,540,960,2
03_Projekt-MAN Frauen in der Werkstatt,03_Projekt-MAN Frauen in der Werkstatt/03_Medien/05_Footage sortiert/02_B-Roll/Teamfoto/Proxy/FX3_0495.mov,0.0,0.0,540,960,2
03_Projekt-MAN Frauen in der Werkstatt,03_Projekt-MAN Frauen in der Werkstatt/03_Medien/05_Footage sortiert/02_B-Roll/Teamfoto/Proxy/FX3_0492.mov,0.0,0.0,540,960,2
03_Projekt-MAN Frauen in der Werkstatt,03_Projekt-MAN Frauen in der Werkstatt/03_Medien/05_Footage sortiert/02_B-Roll/Teamfoto/Proxy/FX3_0493.mov,0.0,0.0,540,960,2
03_Projekt-MAN Frauen in der Werkstatt,03_Projekt-MAN Frauen in der Werkstatt/03_Medien/05_Footage sortiert/02_B-Roll/Teamfoto/Proxy/FX3_0494.mov,0.0,0.1,540,960,2
03_Projekt-MAN Frauen in der Werkstatt,03_Projekt-MAN Frauen in der Werkstatt/03_Medien/05_Footage sortiert/02_B-Roll/Teamfoto/Proxy/FX3_0498.mov,0.0,0.0,540,960,2
03_Projekt-MAN Frauen in der Werkstatt,03_Projekt-MAN Frauen in der Werkstatt/03_Medien/05_Footage sortiert/02_B-Roll/Teamfoto/Proxy/FX3_0501.mov,0.0,0.0,540,960,2
03_Projekt-MAN Frauen in der Werkstatt,03_Projekt-MAN Frauen in der Werkstatt/03_Medien/05_Footage sortiert/02_B-Roll/Teamfoto/Proxy/FX3_0502.mov,0.0,0.0,540,960,2
03_Projekt-MAN Frauen in der Werkstatt,03_Projekt-MAN Frauen in der Werkstatt/03_Medien/05_Footage sortiert/02_B-Roll/Teamfoto/Proxy/FX3_0503.mov,0.0,0.1,540,960,2
03_Projekt-MAN Frauen in der Werkstatt,03_Projekt-MAN Frauen in der Werkstatt/03_Medien/05_Footage sortiert/02_B-Roll/Roter LKW/Proxy/C9236.mov,0.0,0.0,540,960,2
03_Projekt-MAN Frauen in der Werkstatt,03_Projekt-MAN Frauen in der Werkstatt/03_Medien/05_Footage sortiert/02_B-Roll/Roter LKW/Proxy/C9234.mov,0.0,0.0,540,960,2
03_Projekt-MAN Frauen in der Werkstatt,03_Projekt-MAN Frauen in der Werkstatt/03_Medien/05_Footage sortiert/02_B-Roll/Roter LKW/Proxy/C9239.mov,0.0,0.0,540,960,2
03_Projekt-MAN Frauen in der Werkstatt,03_Projekt-MAN Frauen in der Werkstatt/03_Medien/05_Footage sortiert/02_B-Roll/Roter LKW/Proxy/C9238.mov,0.0,0.1,540,960,2
03_Projekt-MAN Frauen in der Werkstatt,03_Projekt-MAN Frauen in der Werkstatt/03_Medien/05_Footage sortiert/02_B-Roll/Roter LKW/Proxy/C9237.mov,0.0,0.0,540,960,2
03_Projekt-MAN Frauen in der Werkstatt,03_Projekt-MAN Frauen in der Werkstatt/03_Medien/05_Footage sortiert/02_B-Roll/Roter LKW/Proxy/C9240.mov,0.0,0.0,540,960,2
03_Projekt-MAN Frauen in der Werkstatt,03_Projekt-MAN Frauen in der Werkstatt/03_Medien/05_Footage sortiert/02_B-Roll/Roter LKW/Proxy/C9244.mov,0.0,0.0,540,960,2
03_Projekt-MAN Frauen in der Werkstatt,03_Projekt-MAN Frauen in der Werkstatt/03_Medien/05_Footage sortiert/02_B-Roll/Roter LKW/Proxy/C9243.mov,0.0,0.0,540,960,2
03_Projekt-MAN Frauen in der Werkstatt,03_Projekt-MAN Frauen in der Werkstatt/03_Medien/05_Footage sortiert/02_B-Roll/Roter LKW/Proxy/C9242.mov,0.0,0.0,540,960,2
03_Projekt-MAN Frauen in der Werkstatt,03_Projekt-MAN Frauen in der Werkstatt/03_Medien/05_Footage sortiert/02_B-Roll/Roter LKW/Proxy/C9245.mov,0.0,0.1,540,960,2
03_Projekt-MAN Frauen in der Werkstatt,03_Projekt-MAN Frauen in der Werkstatt/03_Medien/05_Footage sortiert/02_B-Roll/Roter LKW/Proxy/C9251.mov,0.0,0.0,540,960,2
03_Projekt-MAN Frauen in der Werkstatt,03_Projekt-MAN Frauen in der Werkstatt/03_Medien/05_Footage sortiert/02_B-Roll/Roter LKW/Proxy/C9253.mov,0.0,0.0,540,960,2
03_Projekt-MAN Frauen in der Werkstatt,03_Projekt-MAN Frauen in der Werkstatt/03_Medien/05_Footage sortiert/02_B-Roll/Roter LKW/Proxy/C9285.mov,0.0,0.0,540,960,2
03_Projekt-MAN Frauen in der Werkstatt,03_Projekt-MAN Frauen in der Werkstatt/03_Medien/05_Footage sortiert/02_B-Roll/Roter LKW/Proxy/C9289.mov,0.0,0.0,540,960,2
03_Projekt-MAN Frauen in der Werkstatt,03_Projekt-MAN Frauen in der Werkstatt/03_Medien/05_Footage sortiert/02_B-Roll/Roter LKW/Proxy/C9290.mov,0.0,0.0,540,960,2
03_Projekt-MAN Frauen in der Werkstatt,03_Projekt-MAN Frauen in der Werkstatt/03_Medien/05_Footage sortiert/02_B-Roll/Roter LKW/Proxy/C9293.mov,0.0,0.0,540,960,2
03_Projekt-MAN Frauen in der Werkstatt,03_Projekt-MAN Frauen in der Werkstatt/03_Medien/05_Footage sortiert/02_B-Roll/Roter LKW/Proxy/C9298.mov,0.0,0.1,540,960,2
03_Projekt-MAN Frauen in der Werkstatt,03_Projekt-MAN Frauen in der Werkstatt/03_Medien/05_Footage sortiert/02_B-Roll/Roter LKW/Proxy/C9301.mov,0.0,0.1,540,960,2
03_Projekt-MAN Frauen in der Werkstatt,03_Projekt-MAN Frauen in der Werkstatt/03_Medien/05_Footage sortiert/02_B-Roll/Roter LKW/Proxy/C9305.mov,0.0,0.0,540,960,2
03_Projekt-MAN Frauen in der Werkstatt,03_Projekt-MAN Frauen in der Werkstatt/03_Medien/05_Footage sortiert/02_B-Roll/Roter LKW/Proxy/C9306.mov,0.0,0.0,540,960,2
03_Projekt-MAN Frauen in der Werkstatt,03_Projekt-MAN Frauen in der Werkstatt/03_Medien/05_Footage sortiert/02_B-Roll/Roter LKW/Proxy/C9307.mov,0.0,0.0,540,960,2
03_Projekt-MAN Frauen in der Werkstatt,03_Projekt-MAN Frauen in der Werkstatt/03_Medien/05_Footage sortiert/02_B-Roll/Roter LKW/Proxy/C9314.mov,0.0,0.1,540,960,2
03_Projekt-MAN Frauen in der Werkstatt,03_Projekt-MAN Frauen in der Werkstatt/03_Medien/05_Footage sortiert/02_B-Roll/Roter LKW/Proxy/C9317.mov,0.0,0.0,540,960,2
03_Projekt-MAN Frauen in der Werkstatt,03_Projekt-MAN Frauen in der Werkstatt/03_Medien/05_Footage sortiert/02_B-Roll/Roter LKW/Proxy/C9318.mov,0.0,0.0,540,960,2
03_Projekt-MAN Frauen in der Werkstatt,03_Projekt-MAN Frauen in der Werkstatt/03_Medien/05_Footage sortiert/02_B-Roll/Roter LKW/Proxy/C9323.mov,0.0,0.1,540,960,2
03_Projekt-MAN Frauen in der Werkstatt,03_Projekt-MAN Frauen in der Werkstatt/03_Medien/05_Footage sortiert/02_B-Roll/Roter LKW/Proxy/C9321.mov,0.0,0.0,540,960,2
03_Projekt-MAN Frauen in der Werkstatt,03_Projekt-MAN Frauen in der Werkstatt/03_Medien/05_Footage sortiert/02_B-Roll/Roter LKW/Proxy/C9320.mov,0.0,0.0,540,960,2
03_Projekt-MAN Frauen in der Werkstatt,03_Projekt-MAN Frauen in der Werkstatt/03_Medien/05_Footage sortiert/02_B-Roll/Roter LKW/Proxy/C9322.mov,0.0,0.0,540,960,2
03_Projekt-MAN Frauen in der Werkstatt,03_Projekt-MAN Frauen in der Werkstatt/03_Medien/05_Footage sortiert/02_B-Roll/Roter LKW/Proxy/C9325.mov,0.0,0.0,540,960,2
03_Projekt-MAN Frauen in der Werkstatt,03_Projekt-MAN Frauen in der Werkstatt/03_Medien/05_Footage sortiert/02_B-Roll/Roter LKW/Proxy/C9324.mov,0.0,0.1,540,960,2
03_Projekt-MAN Frauen in der Werkstatt,03_Projekt-MAN Frauen in der Werkstatt/03_Medien/05_Footage sortiert/02_B-Roll/Roter LKW/Proxy/C9326.mov,0.0,0.1,540,960,2
03_Projekt-MAN Frauen in der Werkstatt,03_Projekt-MAN Frauen in der Werkstatt/03_Medien/05_Footage sortiert/02_B-Roll/Roter LKW/Proxy/C9331.mov,0.0,0.0,540,960,2
03_Projekt-MAN Frauen in der Werkstatt,03_Projekt-MAN Frauen in der Werkstatt/03_Medien/05_Footage sortiert/02_B-Roll/Roter LKW/Proxy/C9330.mov,0.0,0.0,540,960,2
03_Projekt-MAN Frauen in der Werkstatt,03_Projekt-MAN Frauen in der Werkstatt/03_Medien/05_Footage sortiert/02_B-Roll/Roter LKW/Proxy/C9329.mov,0.0,0.1,540,960,2
03_Projekt-MAN Frauen in der Werkstatt,03_Projekt-MAN Frauen in der Werkstatt/03_Medien/05_Footage sortiert/02_B-Roll/Roter LKW/Proxy/C9327.mov,0.0,0.0,540,960,2
03_Projekt-MAN Frauen in der Werkstatt,03_Projekt-MAN Frauen in der Werkstatt/03_Medien/05_Footage sortiert/02_B-Roll/Roter LKW/Proxy/C9334.mov,0.0,0.0,540,960,2
03_Projekt-MAN Frauen in der Werkstatt,03_Projekt-MAN Frauen in der Werkstatt/03_Medien/05_Footage sortiert/02_B-Roll/Roter LKW/Proxy/C9332.mov,0.0,0.0,540,960,2
03_Projekt-MAN Frauen in der Werkstatt,03_Projekt-MAN Frauen in der Werkstatt/03_Medien/05_Footage sortiert/02_B-Roll/Roter LKW/Proxy/C9336.mov,0.0,0.0,540,960,2
03_Projekt-MAN Frauen in der Werkstatt,03_Projekt-MAN Frauen in der Werkstatt/03_Medien/05_Footage sortiert/02_B-Roll/Roter LKW/Proxy/C9335.mov,0.0,0.0,960,540,2
03_Projekt-MAN Frauen in der Werkstatt,03_Projekt-MAN Frauen in der Werkstatt/03_Medien/05_Footage sortiert/02_B-Roll/Roter LKW/Proxy/C9337.mov,0.0,0.0,540,960,2
03_Projekt-MAN Frauen in der Werkstatt,03_Projekt-MAN Frauen in der Werkstatt/03_Medien/05_Footage sortiert/02_B-Roll/Roter LKW/Proxy/C9340.mov,0.0,0.0,540,960,2
03_Projekt-MAN Frauen in der Werkstatt,03_Projekt-MAN Frauen in der Werkstatt/03_Medien/05_Footage sortiert/02_B-Roll/Roter LKW/Proxy/C9342.mov,0.0,0.1,540,960,2
03_Projekt-MAN Frauen in der Werkstatt,03_Projekt-MAN Frauen in der Werkstatt/03_Medien/05_Footage sortiert/02_B-Roll/Roter LKW/Proxy/C9341.mov,0.0,0.0,540,960,2
03_Projekt-MAN Frauen in der Werkstatt,03_Projekt-MAN Frauen in der Werkstatt/03_Medien/05_Footage sortiert/02_B-Roll/Roter LKW/Proxy/C9344.mov,0.0,0.0,540,960,2
03_Projekt-MAN Frauen in der Werkstatt,03_Projekt-MAN Frauen in der Werkstatt/03_Medien/05_Footage sortiert/02_B-Roll/Roter LKW/Proxy/C9346.mov,0.0,0.1,540,960,2
03_Projekt-MAN Frauen in der Werkstatt,03_Projekt-MAN Frauen in der Werkstatt/03_Medien/05_Footage sortiert/02_B-Roll/Roter LKW/Proxy/C9347.mov,0.0,0.1,540,960,2
03_Projekt-MAN Frauen in der Werkstatt,03_Projekt-MAN Frauen in der Werkstatt/03_Medien/05_Footage sortiert/02_B-Roll/Roter LKW/Proxy/C9343.mov,0.0,0.0,540,960,2
03_Projekt-MAN Frauen in der Werkstatt,03_Projekt-MAN Frauen in der Werkstatt/03_Medien/05_Footage sortiert/02_B-Roll/Roter LKW/Proxy/C9348.mov,0.0,0.0,540,960,2
03_Projekt-MAN Frauen in der Werkstatt,03_Projekt-MAN Frauen in der Werkstatt/03_Medien/05_Footage sortiert/02_B-Roll/Roter LKW/Proxy/C9349.mov,0.0,0.0,540,960,2
03_Projekt-MAN Frauen in der Werkstatt,03_Projekt-MAN Frauen in der Werkstatt/03_Medien/05_Footage sortiert/02_B-Roll/Roter LKW/Proxy/C9351.mov,0.0,0.0,540,960,2
03_Projekt-MAN Frauen in der Werkstatt,03_Projekt-MAN Frauen in der Werkstatt/03_Medien/05_Footage sortiert/02_B-Roll/Roter LKW/Proxy/C9353.mov,0.0,0.0,540,960,2
03_Projekt-MAN Frauen in der Werkstatt,03_Projekt-MAN Frauen in der Werkstatt/03_Medien/05_Footage sortiert/02_B-Roll/Roter LKW/Proxy/C9352.mov,0.0,0.0,540,960,2
03_Projekt-MAN Frauen in der Werkstatt,03_Projekt-MAN Frauen in der Werkstatt/03_Medien/05_Footage sortiert/02_B-Roll/Allgemeine Tätigkeiten/Proxy/C0738.mov,0.0,0.0,540,960,2
03_Projekt-MAN Frauen in der Werkstatt,03_Projekt-MAN Frauen in der Werkstatt/03_Medien/05_Footage sortiert/02_B-Roll/Allgemeine Tätigkeiten/Proxy/C0743.mov,0.0,0.0,540,960,2
03_Projekt-MAN Frauen in der Werkstatt,03_Projekt-MAN Frauen in der Werkstatt/03_Medien/05_Footage sortiert/02_B-Roll/Allgemeine Tätigkeiten/Proxy/C0747.mov,0.0,0.1,540,960,2
03_Projekt-MAN Frauen in der Werkstatt,03_Projekt-MAN Frauen in der Werkstatt/03_Medien/05_Footage sortiert/02_B-Roll/Allgemeine Tätigkeiten/Proxy/C0746.mov,0.0,0.0,540,960,2
03_Projekt-MAN Frauen in der Werkstatt,03_Projekt-MAN Frauen in der Werkstatt/03_Medien/05_Footage sortiert/02_B-Roll/Allgemeine Tätigkeiten/Proxy/C0750.mov,0.0,0.1,540,960,2
03_Projekt-MAN Frauen in der Werkstatt,03_Projekt-MAN Frauen in der Werkstatt/03_Medien/05_Footage sortiert/02_B-Roll/Allgemeine Tätigkeiten/Proxy/C0745.mov,0.0,0.0,540,960,2
03_Projekt-MAN Frauen in der Werkstatt,03_Projekt-MAN Frauen in der Werkstatt/03_Medien/05_Footage sortiert/02_B-Roll/Allgemeine Tätigkeiten/Proxy/C0749.mov,0.0,0.0,540,960,2
03_Projekt-MAN Frauen in der Werkstatt,03_Projekt-MAN Frauen in der Werkstatt/03_Medien/05_Footage sortiert/02_B-Roll/Allgemeine Tätigkeiten/Proxy/C0748.mov,0.0,0.0,540,960,2
03_Projekt-MAN Frauen in der Werkstatt,03_Projekt-MAN Frauen in der Werkstatt/03_Medien/05_Footage sortiert/02_B-Roll/Allgemeine Tätigkeiten/Proxy/C0770.mov,0.0,0.1,540,960,2
03_Projekt-MAN Frauen in der Werkstatt,03_Projekt-MAN Frauen in der Werkstatt/03_Medien/05_Footage sortiert/02_B-Roll/Allgemeine Tätigkeiten/Proxy/C0769.mov,0.0,0.0,540,960,2
03_Projekt-MAN Frauen in der Werkstatt,03_Projekt-MAN Frauen in der Werkstatt/03_Medien/05_Footage sortiert/02_B-Roll/Allgemeine Tätigkeiten/Proxy/C0772.mov,0.0,0.1,540,960,2
03_Projekt-MAN Frauen in der Werkstatt,03_Projekt-MAN Frauen in der Werkstatt/03_Medien/05_Footage sortiert/02_B-Roll/Allgemeine Tätigkeiten/Proxy/C0771.mov,0.0,0.0,540,960,2
03_Projekt-MAN Frauen in der Werkstatt,03_Projekt-MAN Frauen in der Werkstatt/03_Medien/05_Footage sortiert/02_B-Roll/Allgemeine Tätigkeiten/Proxy/C0773.mov,0.0,0.0,540,960,2
03_Projekt-MAN Frauen in der Werkstatt,03_Projekt-MAN Frauen in der Werkstatt/03_Medien/05_Footage sortiert/02_B-Roll/Allgemeine Tätigkeiten/Proxy/C0774.mov,0.0,0.0,540,960,2
03_Projekt-MAN Frauen in der Werkstatt,03_Projekt-MAN Frauen in der Werkstatt/03_Medien/05_Footage sortiert/02_B-Roll/Allgemeine Tätigkeiten/Proxy/C0775.mov,0.0,0.0,540,960,2
03_Projekt-MAN Frauen in der Werkstatt,03_Projekt-MAN Frauen in der Werkstatt/03_Medien/05_Footage sortiert/02_B-Roll/Allgemeine Tätigkeiten/Proxy/C0776.mov,0.0,0.0,540,960,2
03_Projekt-MAN Frauen in der Werkstatt,03_Projekt-MAN Frauen in der Werkstatt/03_Medien/05_Footage sortiert/02_B-Roll/Allgemeine Tätigkeiten/Proxy/C9033.mov,0.0,0.0,540,960,2
03_Projekt-MAN Frauen in der Werkstatt,03_Projekt-MAN Frauen in der Werkstatt/03_Medien/05_Footage sortiert/02_B-Roll/Allgemeine Tätigkeiten/Proxy/C9032.mov,0.0,0.0,540,960,2
03_Projekt-MAN Frauen in der Werkstatt,03_Projekt-MAN Frauen in der Werkstatt/03_Medien/05_Footage sortiert/02_B-Roll/Allgemeine Tätigkeiten/Proxy/C9031.mov,0.0,0.0,540,960,2
03_Projekt-MAN Frauen in der Werkstatt,03_Projekt-MAN Frauen in der Werkstatt/03_Medien/05_Footage sortiert/02_B-Roll/Allgemeine Tätigkeiten/Proxy/C9034.mov,0.0,0.0,540,960,2
03_Projekt-MAN Frauen in der Werkstatt,03_Projekt-MAN Frauen in der Werkstatt/03_Medien/05_Footage sortiert/02_B-Roll/Allgemeine Tätigkeiten/Proxy/C9036.mov,0.0,0.0,540,960,2
03_Projekt-MAN Frauen in der Werkstatt,03_Projekt-MAN Frauen in der Werkstatt/03_Medien/05_Footage sortiert/02_B-Roll/Allgemeine Tätigkeiten/Proxy/C9038.mov,0.0,0.0,540,960,2
03_Projekt-MAN Frauen in der Werkstatt,03_Projekt-MAN Frauen in der Werkstatt/03_Medien/05_Footage sortiert/02_B-Roll/Allgemeine Tätigkeiten/Proxy/C9041.mov,0.0,0.0,540,960,2
03_Projekt-MAN Frauen in der Werkstatt,03_Projekt-MAN Frauen in der Werkstatt/03_Medien/05_Footage sortiert/02_B-Roll/Allgemeine Tätigkeiten/Proxy/C9040.mov,0.0,0.0,540,960,2
03_Projekt-MAN Frauen in der Werkstatt,03_Projekt-MAN Frauen in der Werkstatt/03_Medien/05_Footage sortiert/02_B-Roll/Allgemeine Tätigkeiten/Proxy/C9039.mov,0.0,0.0,540,960,2
03_Projekt-MAN Frauen in der Werkstatt,03_Projekt-MAN Frauen in der Werkstatt/03_Medien/05_Footage sortiert/02_B-Roll/Allgemeine Tätigkeiten/Proxy/C9042.mov,0.0,0.0,540,960,2
03_Projekt-MAN Frauen in der Werkstatt,03_Projekt-MAN Frauen in der Werkstatt/03_Medien/05_Footage sortiert/02_B-Roll/Allgemeine Tätigkeiten/Proxy/C9045.mov,0.0,0.0,540,960,2
03_Projekt-MAN Frauen in der Werkstatt,03_Projekt-MAN Frauen in der Werkstatt/03_Medien/05_Footage sortiert/02_B-Roll/Allgemeine Tätigkeiten/Proxy/C9046.mov,0.0,0.0,540,960,2
03_Projekt-MAN Frauen in der Werkstatt,03_Projekt-MAN Frauen in der Werkstatt/03_Medien/05_Footage sortiert/02_B-Roll/Allgemeine Tätigkeiten/Proxy/C9049.mov,0.0,0.0,540,960,2
03_Projekt-MAN Frauen in der Werkstatt,03_Projekt-MAN Frauen in der Werkstatt/03_Medien/05_Footage sortiert/02_B-Roll/Allgemeine Tätigkeiten/Proxy/C9047.mov,0.0,0.0,540,960,2
03_Projekt-MAN Frauen in der Werkstatt,03_Projekt-MAN Frauen in der Werkstatt/03_Medien/05_Footage sortiert/02_B-Roll/Allgemeine Tätigkeiten/Proxy/C9050.mov,0.0,0.0,540,960,2
03_Projekt-MAN Frauen in der Werkstatt,03_Projekt-MAN Frauen in der Werkstatt/03_Medien/05_Footage sortiert/02_B-Roll/Allgemeine Tätigkeiten/Proxy/C9052.mov,0.0,0.0,540,960,2
03_Projekt-MAN Frauen in der Werkstatt,03_Projekt-MAN Frauen in der Werkstatt/03_Medien/05_Footage sortiert/02_B-Roll/Allgemeine Tätigkeiten/Proxy/C9051.mov,0.0,0.0,540,960,2
03_Projekt-MAN Frauen in der Werkstatt,03_Projekt-MAN Frauen in der Werkstatt/03_Medien/05_Footage sortiert/02_B-Roll/Allgemeine Tätigkeiten/Proxy/C9054.mov,0.0,0.0,540,960,2
03_Projekt-MAN Frauen in der Werkstatt,03_Projekt-MAN Frauen in der Werkstatt/03_Medien/05_Footage sortiert/02_B-Roll/Allgemeine Tätigkeiten/Proxy/C9053.mov,0.0,0.0,540,960,2
03_Projekt-MAN Frauen in der Werkstatt,03_Projekt-MAN Frauen in der Werkstatt/03_Medien/05_Footage sortiert/02_B-Roll/Allgemeine Tätigkeiten/Proxy/C9358.mov,0.0,0.0,540,960,2
03_Projekt-MAN Frauen in der Werkstatt,03_Projekt-MAN Frauen in der Werkstatt/03_Medien/05_Footage sortiert/02_B-Roll/Allgemeine Tätigkeiten/Proxy/C9359.mov,0.0,0.1,540,960,2
03_Projekt-MAN Frauen in der Werkstatt,03_Projekt-MAN Frauen in der Werkstatt/03_Medien/05_Footage sortiert/02_B-Roll/Allgemeine Tätigkeiten/Proxy/C9362.mov,0.0,0.0,540,960,2
03_Projekt-MAN Frauen in der Werkstatt,03_Projekt-MAN Frauen in der Werkstatt/03_Medien/05_Footage sortiert/02_B-Roll/Allgemeine Tätigkeiten/Proxy/C9365.mov,0.0,0.0,540,960,2
03_Projekt-MAN Frauen in der Werkstatt,03_Projekt-MAN Frauen in der Werkstatt/03_Medien/05_Footage sortiert/02_B-Roll/Allgemeine Tätigkeiten/Proxy/C9364.mov,0.0,0.0,540,960,2
03_Projekt-MAN Frauen in der Werkstatt,03_Projekt-MAN Frauen in der Werkstatt/03_Medien/05_Footage sortiert/02_B-Roll/Allgemeine Tätigkeiten/Proxy/C9366.mov,0.0,0.0,540,960,2
03_Projekt-MAN Frauen in der Werkstatt,03_Projekt-MAN Frauen in der Werkstatt/03_Medien/05_Footage sortiert/02_B-Roll/Allgemeine Tätigkeiten/Proxy/C9368.mov,0.0,0.0,540,960,2
03_Projekt-MAN Frauen in der Werkstatt,03_Projekt-MAN Frauen in der Werkstatt/03_Medien/05_Footage sortiert/02_B-Roll/Allgemeine Tätigkeiten/Proxy/C9369.mov,0.0,0.1,540,960,2
03_Projekt-MAN Frauen in der Werkstatt,03_Projekt-MAN Frauen in der Werkstatt/03_Medien/05_Footage sortiert/02_B-Roll/Allgemeine Tätigkeiten/Proxy/C9371.mov,0.0,0.0,540,960,2
03_Projekt-MAN Frauen in der Werkstatt,03_Projekt-MAN Frauen in der Werkstatt/03_Medien/05_Footage sortiert/02_B-Roll/Allgemeine Tätigkeiten/Proxy/C9373.mov,0.0,0.0,540,960,2
03_Projekt-MAN Frauen in der Werkstatt,03_Projekt-MAN Frauen in der Werkstatt/03_Medien/05_Footage sortiert/02_B-Roll/Allgemeine Tätigkeiten/Proxy/C9374.mov,0.0,0.0,540,960,2
03_Projekt-MAN Frauen in der Werkstatt,03_Projekt-MAN Frauen in der Werkstatt/03_Medien/05_Footage sortiert/02_B-Roll/Allgemeine Tätigkeiten/Proxy/C9377.mov,0.0,0.0,540,960,2
03_Projekt-MAN Frauen in der Werkstatt,03_Projekt-MAN Frauen in der Werkstatt/03_Medien/05_Footage sortiert/02_B-Roll/Allgemeine Tätigkeiten/Proxy/C9380.mov,0.0,0.0,540,960,2
03_Projekt-MAN Frauen in der Werkstatt,03_Projekt-MAN Frauen in der Werkstatt/03_Medien/05_Footage sortiert/02_B-Roll/Allgemeine Tätigkeiten/Proxy/C9382.mov,0.0,0.0,540,960,2
03_Projekt-MAN Frauen in der Werkstatt,03_Projekt-MAN Frauen in der Werkstatt/03_Medien/05_Footage sortiert/02_B-Roll/Allgemeine Tätigkeiten/Proxy/C9383.mov,0.0,0.0,540,960,2
03_Projekt-MAN Frauen in der Werkstatt,03_Projekt-MAN Frauen in der Werkstatt/03_Medien/05_Footage sortiert/02_B-Roll/Allgemeine Tätigkeiten/Proxy/C0737.mov,0.0,0.1,540,960,2
03_Projekt-MAN Frauen in der Werkstatt,03_Projekt-MAN Frauen in der Werkstatt/03_Medien/05_Footage sortiert/02_B-Roll/Grüner LKW/Proxy/C8966.mov,0.0,0.0,540,960,2
03_Projekt-MAN Frauen in der Werkstatt,03_Projekt-MAN Frauen in der Werkstatt/03_Medien/05_Footage sortiert/02_B-Roll/Grüner LKW/Proxy/C8962.mov,0.0,0.1,540,960,2
03_Projekt-MAN Frauen in der Werkstatt,03_Projekt-MAN Frauen in der Werkstatt/03_Medien/05_Footage sortiert/02_B-Roll/Grüner LKW/Proxy/C8964.mov,0.0,0.0,540,960,2
03_Projekt-MAN Frauen in der Werkstatt,03_Projekt-MAN Frauen in der Werkstatt/03_Medien/05_Footage sortiert/02_B-Roll/Grüner LKW/Proxy/C8965.mov,0.0,0.0,540,960,2
03_Projekt-MAN Frauen in der Werkstatt,03_Projekt-MAN Frauen in der Werkstatt/03_Medien/05_Footage sortiert/02_B-Roll/Grüner LKW/Proxy/C8971.mov,0.0,0.1,540,960,2
03_Projekt-MAN Frauen in der Werkstatt,03_Projekt-MAN Frauen in der Werkstatt/03_Medien/05_Footage sortiert/02_B-Roll/Grüner LKW/Proxy/C8969.mov,0.0,0.0,540,960,2
03_Projekt-MAN Frauen in der Werkstatt,03_Projekt-MAN Frauen in der Werkstatt/03_Medien/05_Footage sortiert/02_B-Roll/Grüner LKW/Proxy/C8967.mov,0.0,0.0,540,960,2
03_Projekt-MAN Frauen in der Werkstatt,03_Projekt-MAN Frauen in der Werkstatt/03_Medien/05_Footage sortiert/02_B-Roll/Grüner LKW/Proxy/C8968.mov,0.0,0.0,540,960,2
03_Projekt-MAN Frauen in der Werkstatt,03_Projekt-MAN Frauen in der Werkstatt/03_Medien/05_Footage sortiert/02_B-Roll/Grüner LKW/Proxy/C8970.mov,0.0,0.0,540,960,2
03_Projekt-MAN Frauen in der Werkstatt,03_Projekt-MAN Frauen in der Werkstatt/03_Medien/05_Footage sortiert/02_B-Roll/Grüner LKW/Proxy/C8972.mov,0.0,0.1,540,960,2
03_Projekt-MAN Frauen in der Werkstatt,03_Projekt-MAN Frauen in der Werkstatt/03_Medien/05_Footage sortiert/02_B-Roll/Grüner LKW/Proxy/C8973.mov,0.0,0.0,540,960,2
03_Projekt-MAN Frauen in der Werkstatt,03_Projekt-MAN Frauen in der Werkstatt/03_Medien/05_Footage sortiert/02_B-Roll/Grüner LKW/Proxy/C8974.mov,0.0,0.1,540,960,2
03_Projekt-MAN Frauen in der Werkstatt,03_Projekt-MAN Frauen in der Werkstatt/03_Medien/05_Footage sortiert/02_B-Roll/Grüner LKW/Proxy/C8977.mov,0.0,0.0,540,960,2
03_Projekt-MAN Frauen in der Werkstatt,03_Projekt-MAN Frauen in der Werkstatt/03_Medien/05_Footage sortiert/02_B-Roll/Grüner LKW/Proxy/C8975.mov,0.0,0.1,540,960,2
03_Projekt-MAN Frauen in der Werkstatt,03_Projekt-MAN Frauen in der Werkstatt/03_Medien/05_Footage sortiert/02_B-Roll/Grüner LKW/Proxy/C8976.mov,0.0,0.1,540,960,2
03_Projekt-MAN Frauen in der Werkstatt,03_Projekt-MAN Frauen in der Werkstatt/03_Medien/05_Footage sortiert/02_B-Roll/Grüner LKW/Proxy/C8980.mov,0.0,0.0,540,960,2
03_Projekt-MAN Frauen in der Werkstatt,03_Projekt-MAN Frauen in der Werkstatt/03_Medien/05_Footage sortiert/02_B-Roll/Grüner LKW/Proxy/C8978.mov,0.0,0.0,540,960,2
03_Projekt-MAN Frauen in der Werkstatt,03_Projekt-MAN Frauen in der Werkstatt/03_Medien/05_Footage sortiert/02_B-Roll/Grüner LKW/Proxy/C8982.mov,0.0,0.0,540,960,2
03_Projekt-MAN Frauen in der Werkstatt,03_Projekt-MAN Frauen in der Werkstatt/03_Medien/05_Footage sortiert/02_B-Roll/Grüner LKW/Proxy/C8981.mov,0.0,0.1,540,960,2
03_Projekt-MAN Frauen in der Werkstatt,03_Projekt-MAN Frauen in der Werkstatt/03_Medien/05_Footage sortiert/02_B-Roll/Grüner LKW/Proxy/C8990.mov,0.0,0.0,540,960,2
03_Projekt-MAN Frauen in der Werkstatt,03_Projekt-MAN Frauen in der Werkstatt/03_Medien/05_Footage sortiert/02_B-Roll/Grüner LKW/Proxy/C8991.mov,0.0,0.0,540,960,2
03_Projekt-MAN Frauen in der Werkstatt,03_Projekt-MAN Frauen in der Werkstatt/03_Medien/05_Footage sortiert/02_B-Roll/Grüner LKW/Proxy/C8995.mov,0.0,0.0,540,960,2
03_Projekt-MAN Frauen in der Werkstatt,03_Projekt-MAN Frauen in der Werkstatt/03_Medien/05_Footage sortiert/02_B-Roll/Grüner LKW/Proxy/C8999.mov,0.0,0.0,540,960,2
03_Projekt-MAN Frauen in der Werkstatt,03_Projekt-MAN Frauen in der Werkstatt/03_Medien/05_Footage sortiert/02_B-Roll/Grüner LKW/Proxy/C9002.mov,0.0,0.0,540,960,2
03_Projekt-MAN Frauen in der Werkstatt,03_Projekt-MAN Frauen in der Werkstatt/03_Medien/05_Footage sortiert/02_B-Roll/Grüner LKW/Proxy/C9001.mov,0.0,0.0,540,960,2
03_Projekt-MAN Frauen in der Werkstatt,03_Projekt-MAN Frauen in der Werkstatt/03_Medien/05_Footage sortiert/02_B-Roll/Grüner LKW/Proxy/C9000.mov,0.0,0.0,540,960,2
03_Projekt-MAN Frauen in der Werkstatt,03_Projekt-MAN Frauen in der Werkstatt/03_Medien/05_Footage sortiert/02_B-Roll/Grüner LKW/Proxy/C9004.mov,0.0,0.0,540,960,2
03_Projekt-MAN Frauen in der Werkstatt,03_Projekt-MAN Frauen in der Werkstatt/03_Medien/05_Footage sortiert/02_B-Roll/Grüner LKW/Proxy/C9006.mov,0.0,0.0,540,960,2
03_Projekt-MAN Frauen in der Werkstatt,03_Projekt-MAN Frauen in der Werkstatt/03_Medien/05_Footage sortiert/02_B-Roll/Grüner LKW/Proxy/C9007.mov,0.0,0.0,540,960,2
03_Projekt-MAN Frauen in der Werkstatt,03_Projekt-MAN Frauen in der Werkstatt/03_Medien/05_Footage sortiert/02_B-Roll/Grüner LKW/Proxy/C9008.mov,0.0,0.0,540,960,2
03_Projekt-MAN Frauen in der Werkstatt,03_Projekt-MAN Frauen in der Werkstatt/03_Medien/05_Footage sortiert/02_B-Roll/Grüner LKW/Proxy/C9010.mov,0.0,0.0,540,960,2
03_Projekt-MAN Frauen in der Werkstatt,03_Projekt-MAN Frauen in der Werkstatt/03_Medien/05_Footage sortiert/02_B-Roll/Grüner LKW/Proxy/C9013.mov,0.0,0.0,540,960,2
03_Projekt-MAN Frauen in der Werkstatt,03_Projekt-MAN Frauen in der Werkstatt/03_Medien/05_Footage sortiert/02_B-Roll/Grüner LKW/Proxy/C9012.mov,0.0,0.0,540,960,2
03_Projekt-MAN Frauen in der Werkstatt,03_Projekt-MAN Frauen in der Werkstatt/03_Medien/05_Footage sortiert/02_B-Roll/Grüner LKW/Proxy/C9011.mov,0.0,0.0,540,960,2
03_Projekt-MAN Frauen in der Werkstatt,03_Projekt-MAN Frauen in der Werkstatt/03_Medien/05_Footage sortiert/02_B-Roll/Grüner LKW/Proxy/C9014.mov,0.0,0.0,540,960,2
03_Projekt-MAN Frauen in der Werkstatt,03_Projekt-MAN Frauen in der Werkstatt/03_Medien/05_Footage sortiert/02_B-Roll/Grüner LKW/Proxy/C9020.mov,0.0,0.0,540,960,2
03_Projekt-MAN Frauen in der Werkstatt,03_Projekt-MAN Frauen in der Werkstatt/03_Medien/05_Footage sortiert/02_B-Roll/Grüner LKW/Proxy/C9024.mov,0.0,0.0,540,960,2
03_Projekt-MAN Frauen in der Werkstatt,03_Projekt-MAN Frauen in der Werkstatt/03_Medien/05_Footage sortiert/02_B-Roll/Grüner LKW/Proxy/C9025.mov,0.0,0.1,960,540,2
03_Projekt-MAN Frauen in der Werkstatt,03_Projekt-MAN Frauen in der Werkstatt/03_Medien/05_Footage sortiert/02_B-Roll/Grüner LKW/Proxy/C9028.mov,0.0,0.0,540,960,2
03_Projekt-MAN Frauen in der Werkstatt,03_Projekt-MAN Frauen in der Werkstatt/03_Medien/05_Footage sortiert/02_B-Roll/Grüner LKW/Proxy/C9027.mov,0.0,0.0,540,960,2
03_Projekt-MAN Frauen in der Werkstatt,03_Projekt-MAN Frauen in der Werkstatt/03_Medien/05_Footage sortiert/02_B-Roll/Grüner LKW/Proxy/C9029.mov,0.0,0.0,540,960,2
03_Projekt-MAN Frauen in der Werkstatt,03_Projekt-MAN Frauen in der Werkstatt/03_Medien/05_Footage sortiert/02_B-Roll/Grüner LKW/Proxy/C9030.mov,0.0,0.0,540,960,2
03_Projekt-MAN Frauen in der Werkstatt,03_Projekt-MAN Frauen in der Werkstatt/03_Medien/05_Footage sortiert/02_B-Roll/Grüner LKW/Proxy/C9057.mov,0.0,0.1,540,960,2
03_Projekt-MAN Frauen in der Werkstatt,03_Projekt-MAN Frauen in der Werkstatt/03_Medien/05_Footage sortiert/02_B-Roll/Grüner LKW/Proxy/C9058.mov,0.0,0.0,540,960,2
03_Projekt-MAN Frauen in der Werkstatt,03_Projekt-MAN Frauen in der Werkstatt/03_Medien/05_Footage sortiert/02_B-Roll/Grüner LKW/Proxy/C9059.mov,0.0,0.0,540,960,2
03_Projekt-MAN Frauen in der Werkstatt,03_Projekt-MAN Frauen in der Werkstatt/03_Medien/05_Footage sortiert/02_B-Roll/Grüner LKW/Proxy/C9056.mov,0.0,0.0,540,960,2
03_Projekt-MAN Frauen in der Werkstatt,03_Projekt-MAN Frauen in der Werkstatt/03_Medien/05_Footage sortiert/02_B-Roll/Grüner LKW/Proxy/C9061.mov,0.0,0.1,540,960,2
03_Projekt-MAN Frauen in der Werkstatt,03_Projekt-MAN Frauen in der Werkstatt/03_Medien/05_Footage sortiert/02_B-Roll/Grüner LKW/Proxy/C9062.mov,0.0,0.0,540,960,2
03_Projekt-MAN Frauen in der Werkstatt,03_Projekt-MAN Frauen in der Werkstatt/03_Medien/05_Footage sortiert/02_B-Roll/Grüner LKW/Proxy/C9063.mov,0.0,0.0,540,960,2
03_Projekt-MAN Frauen in der Werkstatt,03_Projekt-MAN Frauen in der Werkstatt/03_Medien/05_Footage sortiert/02_B-Roll/Grüner LKW/Proxy/C9065.mov,0.0,0.0,540,960,2
03_Projekt-MAN Frauen in der Werkstatt,03_Projekt-MAN Frauen in der Werkstatt/03_Medien/05_Footage sortiert/02_B-Roll/Grüner LKW/Proxy/C9064.mov,0.0,0.1,540,960,2
03_Projekt-MAN Frauen in der Werkstatt,03_Projekt-MAN Frauen in der Werkstatt/03_Medien/05_Footage sortiert/02_B-Roll/Grüner LKW/Proxy/C9066.mov,0.0,0.0,540,960,2
03_Projekt-MAN Frauen in der Werkstatt,03_Projekt-MAN Frauen in der Werkstatt/03_Medien/05_Footage sortiert/02_B-Roll/Grüner LKW/Proxy/C9067.mov,0.0,0.1,540,960,2
03_Projekt-MAN Frauen in der Werkstatt,03_Projekt-MAN Frauen in der Werkstatt/03_Medien/05_Footage sortiert/02_B-Roll/Grüner LKW/Proxy/C9069.mov,0.0,0.1,960,540,2
03_Projekt-MAN Frauen in der Werkstatt,03_Projekt-MAN Frauen in der Werkstatt/03_Medien/05_Footage sortiert/02_B-Roll/Grüner LKW/Proxy/C9070.mov,0.0,0.0,540,960,2
03_Projekt-MAN Frauen in der Werkstatt,03_Projekt-MAN Frauen in der Werkstatt/03_Medien/05_Footage sortiert/02_B-Roll/Grüner LKW/Proxy/C9071.mov,0.0,0.0,540,960,2
03_Projekt-MAN Frauen in der Werkstatt,03_Projekt-MAN Frauen in der Werkstatt/03_Medien/05_Footage sortiert/02_B-Roll/Grüner LKW/Proxy/C9072.mov,0.0,0.0,540,960,2
03_Projekt-MAN Frauen in der Werkstatt,03_Projekt-MAN Frauen in der Werkstatt/03_Medien/05_Footage sortiert/02_B-Roll/Grüner LKW/Proxy/C9078.mov,0.0,0.0,540,960,2
03_Projekt-MAN Frauen in der Werkstatt,03_Projekt-MAN Frauen in der Werkstatt/03_Medien/05_Footage sortiert/02_B-Roll/Grüner LKW/Proxy/C9079.mov,0.0,0.0,540,960,2
03_Projekt-MAN Frauen in der Werkstatt,03_Projekt-MAN Frauen in der Werkstatt/03_Medien/05_Footage sortiert/02_B-Roll/Grüner LKW/Proxy/C9090.mov,0.0,0.0,540,960,2
03_Projekt-MAN Frauen in der Werkstatt,03_Projekt-MAN Frauen in der Werkstatt/03_Medien/05_Footage sortiert/02_B-Roll/Grüner LKW/Proxy/C9089.mov,0.0,0.1,960,540,2
03_Projekt-MAN Frauen in der Werkstatt,03_Projekt-MAN Frauen in der Werkstatt/03_Medien/05_Footage sortiert/02_B-Roll/Grüner LKW/Proxy/C9091.mov,0.0,0.1,540,960,2
03_Projekt-MAN Frauen in der Werkstatt,03_Projekt-MAN Frauen in der Werkstatt/03_Medien/05_Footage sortiert/02_B-Roll/Grüner LKW/Proxy/C9093.mov,0.0,0.0,540,960,2
03_Projekt-MAN Frauen in der Werkstatt,03_Projekt-MAN Frauen in der Werkstatt/03_Medien/05_Footage sortiert/02_B-Roll/Grüner LKW/Proxy/C9092.mov,0.0,0.0,540,960,2
03_Projekt-MAN Frauen in der Werkstatt,03_Projekt-MAN Frauen in der Werkstatt/03_Medien/05_Footage sortiert/02_B-Roll/Grüner LKW/Proxy/C9095.mov,0.0,0.0,540,960,2
03_Projekt-MAN Frauen in der Werkstatt,03_Projekt-MAN Frauen in der Werkstatt/03_Medien/05_Footage sortiert/02_B-Roll/Grüner LKW/Proxy/C9097.mov,0.0,0.0,540,960,2
03_Projekt-MAN Frauen in der Werkstatt,03_Projekt-MAN Frauen in der Werkstatt/03_Medien/05_Footage sortiert/02_B-Roll/Grüner LKW/Proxy/C9096.mov,0.0,0.0,540,960,2
03_Projekt-MAN Frauen in der Werkstatt,03_Projekt-MAN Frauen in der Werkstatt/03_Medien/05_Footage sortiert/02_B-Roll/Grüner LKW/Proxy/C9099.mov,0.0,0.0,540,960,2
03_Projekt-MAN Frauen in der Werkstatt,03_Projekt-MAN Frauen in der Werkstatt/03_Medien/05_Footage sortiert/02_B-Roll/Grüner LKW/Proxy/C9098.mov,0.0,0.0,540,960,2
03_Projekt-MAN Frauen in der Werkstatt,03_Projekt-MAN Frauen in der Werkstatt/03_Medien/05_Footage sortiert/02_B-Roll/Grüner LKW/Proxy/C9102.mov,0.0,0.0,540,960,2
03_Projekt-MAN Frauen in der Werkstatt,03_Projekt-MAN Frauen in der Werkstatt/03_Medien/05_Footage sortiert/02_B-Roll/Grüner LKW/Proxy/C9104.mov,0.0,0.0,540,960,2
03_Projekt-MAN Frauen in der Werkstatt,03_Projekt-MAN Frauen in der Werkstatt/03_Medien/05_Footage sortiert/02_B-Roll/Grüner LKW/Proxy/C9103.mov,0.0,0.0,540,960,2
03_Projekt-MAN Frauen in der Werkstatt,03_Projekt-MAN Frauen in der Werkstatt/03_Medien/05_Footage sortiert/02_B-Roll/Grüner LKW/Proxy/C9105.mov,0.0,0.1,540,960,2
03_Projekt-MAN Frauen in der Werkstatt,03_Projekt-MAN Frauen in der Werkstatt/03_Medien/05_Footage sortiert/02_B-Roll/Grüner LKW/Proxy/C9106.mov,0.0,0.0,540,960,2
03_Projekt-MAN Frauen in der Werkstatt,03_Projekt-MAN Frauen in der Werkstatt/03_Medien/05_Footage sortiert/02_B-Roll/Grüner LKW/Proxy/C9108.mov,0.0,0.0,540,960,2
03_Projekt-MAN Frauen in der Werkstatt,03_Projekt-MAN Frauen in der Werkstatt/03_Medien/05_Footage sortiert/02_B-Roll/Grüner LKW/Proxy/C9109.mov,0.0,0.1,540,960,2
03_Projekt-MAN Frauen in der Werkstatt,03_Projekt-MAN Frauen in der Werkstatt/03_Medien/05_Footage sortiert/02_B-Roll/Grüner LKW/Proxy/C9110.mov,0.0,0.0,540,960,2
03_Projekt-MAN Frauen in der Werkstatt,03_Projekt-MAN Frauen in der Werkstatt/03_Medien/05_Footage sortiert/02_B-Roll/Grüner LKW/Proxy/C9112.mov,0.0,0.0,540,960,2
03_Projekt-MAN Frauen in der Werkstatt,03_Projekt-MAN Frauen in der Werkstatt/03_Medien/05_Footage sortiert/02_B-Roll/Grüner LKW/Proxy/C9111.mov,0.0,0.0,540,960,2
03_Projekt-MAN Frauen in der Werkstatt,03_Projekt-MAN Frauen in der Werkstatt/03_Medien/05_Footage sortiert/02_B-Roll/Grüner LKW/Proxy/C9115.mov,0.0,0.0,540,960,2
03_Projekt-MAN Frauen in der Werkstatt,03_Projekt-MAN Frauen in der Werkstatt/03_Medien/05_Footage sortiert/02_B-Roll/Grüner LKW/Proxy/C9116.mov,0.0,0.0,960,540,2
03_Projekt-MAN Frauen in der Werkstatt,03_Projekt-MAN Frauen in der Werkstatt/03_Medien/05_Footage sortiert/02_B-Roll/Grüner LKW/Proxy/C9118.mov,0.0,0.1,540,960,2
03_Projekt-MAN Frauen in der Werkstatt,03_Projekt-MAN Frauen in der Werkstatt/03_Medien/05_Footage sortiert/02_B-Roll/Grüner LKW/Proxy/C9120.mov,0.0,0.0,540,960,2
03_Projekt-MAN Frauen in der Werkstatt,03_Projekt-MAN Frauen in der Werkstatt/03_Medien/05_Footage sortiert/02_B-Roll/Grüner LKW/Proxy/C9121.mov,0.0,0.0,540,960,2
03_Projekt-MAN Frauen in der Werkstatt,03_Projekt-MAN Frauen in der Werkstatt/03_Medien/05_Footage sortiert/02_B-Roll/Grüner LKW/Proxy/C9124.mov,0.0,0.0,540,960,2
03_Projekt-MAN Frauen in der Werkstatt,03_Projekt-MAN Frauen in der Werkstatt/03_Medien/05_Footage sortiert/02_B-Roll/Grüner LKW/Proxy/C9126.mov,0.0,0.0,540,960,2
03_Projekt-MAN Frauen in der Werkstatt,03_Projekt-MAN Frauen in der Werkstatt/03_Medien/05_Footage sortiert/02_B-Roll/Grüner LKW/Proxy/C9129.mov,0.0,0.1,540,960,2
03_Projekt-MAN Frauen in der Werkstatt,03_Projekt-MAN Frauen in der Werkstatt/03_Medien/05_Footage sortiert/02_B-Roll/Grüner LKW/Proxy/C9131.mov,0.0,0.0,540,960,2
03_Projekt-MAN Frauen in der Werkstatt,03_Projekt-MAN Frauen in der Werkstatt/03_Medien/05_Footage sortiert/02_B-Roll/Grüner LKW/Proxy/C9132.mov,0.0,0.0,540,960,2
03_Projekt-MAN Frauen in der Werkstatt,03_Projekt-MAN Frauen in der Werkstatt/03_Medien/05_Footage sortiert/02_B-Roll/Grüner LKW/Proxy/C9133.mov,0.0,0.0,540,960,2
03_Projekt-MAN Frauen in der Werkstatt,03_Projekt-MAN Frauen in der Werkstatt/03_Medien/05_Footage sortiert/02_B-Roll/Grüner LKW/Proxy/C9135.mov,0.0,0.0,540,960,2
03_Projekt-MAN Frauen in der Werkstatt,03_Projekt-MAN Frauen in der Werkstatt/03_Medien/05_Footage sortiert/02_B-Roll/Grüner LKW/Proxy/C9137.mov,0.0,0.0,540,960,2
03_Projekt-MAN Frauen in der Werkstatt,03_Projekt-MAN Frauen in der Werkstatt/03_Medien/05_Footage sortiert/02_B-Roll/Grüner LKW/Proxy/C9138.mov,0.0,0.0,540,960,2
03_Projekt-MAN Frauen in der Werkstatt,03_Projekt-MAN Frauen in der Werkstatt/03_Medien/05_Footage sortiert/02_B-Roll/Grüner LKW/Proxy/C9139.mov,0.0,0.0,540,960,2
03_Projekt-MAN Frauen in der Werkstatt,03_Projekt-MAN Frauen in der Werkstatt/03_Medien/05_Footage sortiert/02_B-Roll/Grüner LKW/Proxy/C9140.mov,0.0,0.0,540,960,2
03_Projekt-MAN Frauen in der Werkstatt,03_Projekt-MAN Frauen in der Werkstatt/03_Medien/05_Footage sortiert/02_B-Roll/Grüner LKW/Proxy/C9141.mov,0.0,0.0,540,960,2
03_Projekt-MAN Frauen in der Werkstatt,03_Projekt-MAN Frauen in der Werkstatt/03_Medien/05_Footage sortiert/02_B-Roll/Grüner LKW/Proxy/C9142.mov,0.0,0.0,540,960,2
03_Projekt-MAN Frauen in der Werkstatt,03_Projekt-MAN Frauen in der Werkstatt/03_Medien/05_Footage sortiert/02_B-Roll/Grüner LKW/Proxy/C9143.mov,0.0,0.0,540,960,2
03_Projekt-MAN Frauen in der Werkstatt,03_Projekt-MAN Frauen in der Werkstatt/03_Medien/05_Footage sortiert/02_B-Roll/Grüner LKW/Proxy/C9144.mov,0.0,0.0,540,960,2
03_Projekt-MAN Frauen in der Werkstatt,03_Projekt-MAN Frauen in der Werkstatt/03_Medien/05_Footage sortiert/02_B-Roll/Grüner LKW/Proxy/C9145.mov,0.0,0.0,540,960,2
03_Projekt-MAN Frauen in der Werkstatt,03_Projekt-MAN Frauen in der Werkstatt/03_Medien/05_Footage sortiert/02_B-Roll/Grüner LKW/Proxy/C9146.mov,0.0,0.1,540,960,2
03_Projekt-MAN Frauen in der Werkstatt,03_Projekt-MAN Frauen in der Werkstatt/03_Medien/05_Footage sortiert/02_B-Roll/Grüner LKW/Proxy/C9147.mov,0.0,0.0,540,960,2
03_Projekt-MAN Frauen in der Werkstatt,03_Projekt-MAN Frauen in der Werkstatt/03_Medien/05_Footage sortiert/02_B-Roll/Grüner LKW/Proxy/C9148.mov,0.0,0.0,540,960,2
03_Projekt-MAN Frauen in der Werkstatt,03_Projekt-MAN Frauen in der Werkstatt/03_Medien/05_Footage sortiert/02_B-Roll/Grüner LKW/Proxy/C9149.mov,0.0,0.0,540,960,2
03_Projekt-MAN Frauen in der Werkstatt,03_Projekt-MAN Frauen in der Werkstatt/03_Medien/05_Footage sortiert/02_B-Roll/Grüner LKW/Proxy/C9153.mov,0.0,0.0,540,960,2
03_Projekt-MAN Frauen in der Werkstatt,03_Projekt-MAN Frauen in der Werkstatt/03_Medien/05_Footage sortiert/02_B-Roll/Grüner LKW/Proxy/C9154.mov,0.0,0.0,540,960,2
03_Projekt-MAN Frauen in der Werkstatt,03_Projekt-MAN Frauen in der Werkstatt/03_Medien/05_Footage sortiert/02_B-Roll/Grüner LKW/Proxy/C9156.mov,0.0,0.0,540,960,2
03_Projekt-MAN Frauen in der Werkstatt,03_Projekt-MAN Frauen in der Werkstatt/03_Medien/05_Footage sortiert/02_B-Roll/Grüner LKW/Proxy/C9155.mov,0.0,0.0,540,960,2
03_Projekt-MAN Frauen in der Werkstatt,03_Projekt-MAN Frauen in der Werkstatt/03_Medien/05_Footage sortiert/02_B-Roll/Grüner LKW/Proxy/C9157.mov,0.0,0.0,540,960,2
03_Projekt-MAN Frauen in der Werkstatt,03_Projekt-MAN Frauen in der Werkstatt/03_Medien/05_Footage sortiert/02_B-Roll/Grüner LKW/Proxy/C9158.mov,0.0,0.0,540,960,2
03_Projekt-MAN Frauen in der Werkstatt,03_Projekt-MAN Frauen in der Werkstatt/03_Medien/05_Footage sortiert/02_B-Roll/Grüner LKW/Proxy/C9160.mov,0.0,0.0,540,960,2
03_Projekt-MAN Frauen in der Werkstatt,03_Projekt-MAN Frauen in der Werkstatt/03_Medien/05_Footage sortiert/02_B-Roll/Grüner LKW/Proxy/C9161.mov,0.0,0.0,540,960,2
03_Projekt-MAN Frauen in der Werkstatt,03_Projekt-MAN Frauen in der Werkstatt/03_Medien/05_Footage sortiert/02_B-Roll/Grüner LKW/Proxy/C9163.mov,0.0,0.1,540,960,2
03_Projekt-MAN Frauen in der Werkstatt,03_Projekt-MAN Frauen in der Werkstatt/03_Medien/05_Footage sortiert/02_B-Roll/Grüner LKW/Proxy/C9165.mov,0.0,0.0,540,960,2
03_Projekt-MAN Frauen in der Werkstatt,03_Projekt-MAN Frauen in der Werkstatt/03_Medien/05_Footage sortiert/02_B-Roll/Grüner LKW/Proxy/C9168.mov,0.0,0.0,540,960,2
03_Projekt-MAN Frauen in der Werkstatt,03_Projekt-MAN Frauen in der Werkstatt/03_Medien/05_Footage sortiert/02_B-Roll/Grüner LKW/Proxy/C9170.mov,0.0,0.1,540,960,2
03_Projekt-MAN Frauen in der Werkstatt,03_Projekt-MAN Frauen in der Werkstatt/03_Medien/05_Footage sortiert/02_B-Roll/Grüner LKW/Proxy/C9172.mov,0.0,0.0,540,960,2
03_Projekt-MAN Frauen in der Werkstatt,03_Projekt-MAN Frauen in der Werkstatt/03_Medien/05_Footage sortiert/02_B-Roll/Grüner LKW/Proxy/C9174.mov,0.0,0.1,540,960,2
03_Projekt-MAN Frauen in der Werkstatt,03_Projekt-MAN Frauen in der Werkstatt/03_Medien/05_Footage sortiert/02_B-Roll/Grüner LKW/Proxy/C9178.mov,0.0,0.0,540,960,2
03_Projekt-MAN Frauen in der Werkstatt,03_Projekt-MAN Frauen in der Werkstatt/03_Medien/05_Footage sortiert/02_B-Roll/Grüner LKW/Proxy/C9175.mov,0.0,0.0,540,960,2
03_Projekt-MAN Frauen in der Werkstatt,03_Projekt-MAN Frauen in der Werkstatt/03_Medien/05_Footage sortiert/02_B-Roll/Grüner LKW/Proxy/C9176.mov,0.0,0.0,540,960,2
03_Projekt-MAN Frauen in der Werkstatt,03_Projekt-MAN Frauen in der Werkstatt/03_Medien/05_Footage sortiert/02_B-Roll/Grüner LKW/Proxy/C9177.mov,0.0,0.0,540,960,2
03_Projekt-MAN Frauen in der Werkstatt,03_Projekt-MAN Frauen in der Werkstatt/03_Medien/05_Footage sortiert/02_B-Roll/Grüner LKW/Proxy/C9179.mov,0.0,0.0,540,960,2
03_Projekt-MAN Frauen in der Werkstatt,03_Projekt-MAN Frauen in der Werkstatt/03_Medien/05_Footage sortiert/02_B-Roll/Grüner LKW/Proxy/C9180.mov,0.0,0.0,540,960,2
03_Projekt-MAN Frauen in der Werkstatt,03_Projekt-MAN Frauen in der Werkstatt/03_Medien/05_Footage sortiert/02_B-Roll/Grüner LKW/Proxy/C9186.mov,0.0,0.0,960,540,2
03_Projekt-MAN Frauen in der Werkstatt,03_Projekt-MAN Frauen in der Werkstatt/03_Medien/05_Footage sortiert/02_B-Roll/Grüner LKW/Proxy/C9183.mov,0.0,0.1,960,540,2
03_Projekt-MAN Frauen in der Werkstatt,03_Projekt-MAN Frauen in der Werkstatt/03_Medien/05_Footage sortiert/02_B-Roll/Grüner LKW/Proxy/C9189.mov,0.0,0.0,540,960,2
03_Projekt-MAN Frauen in der Werkstatt,03_Projekt-MAN Frauen in der Werkstatt/03_Medien/05_Footage sortiert/02_B-Roll/Grüner LKW/Proxy/C9190.mov,0.0,0.0,540,960,2
03_Projekt-MAN Frauen in der Werkstatt,03_Projekt-MAN Frauen in der Werkstatt/03_Medien/05_Footage sortiert/02_B-Roll/Grüner LKW/Proxy/C9193.mov,0.0,0.1,540,960,2
03_Projekt-MAN Frauen in der Werkstatt,03_Projekt-MAN Frauen in der Werkstatt/03_Medien/05_Footage sortiert/02_B-Roll/Grüner LKW/Proxy/C9194.mov,0.0,0.0,540,960,2
03_Projekt-MAN Frauen in der Werkstatt,03_Projekt-MAN Frauen in der Werkstatt/03_Medien/05_Footage sortiert/02_B-Roll/Grüner LKW/Proxy/C9197.mov,0.0,0.0,540,960,2
03_Projekt-MAN Frauen in der Werkstatt,03_Projekt-MAN Frauen in der Werkstatt/03_Medien/05_Footage sortiert/02_B-Roll/Grüner LKW/Proxy/C9198.mov,0.0,0.0,540,960,2
03_Projekt-MAN Frauen in der Werkstatt,03_Projekt-MAN Frauen in der Werkstatt/03_Medien/05_Footage sortiert/02_B-Roll/Grüner LKW/Proxy/C9199.mov,0.0,0.1,540,960,2
03_Projekt-MAN Frauen in der Werkstatt,03_Projekt-MAN Frauen in der Werkstatt/03_Medien/05_Footage sortiert/02_B-Roll/Grüner LKW/Proxy/C9200.mov,0.0,0.0,540,960,2
03_Projekt-MAN Frauen in der Werkstatt,03_Projekt-MAN Frauen in der Werkstatt/03_Medien/05_Footage sortiert/02_B-Roll/Grüner LKW/Proxy/C9201.mov,0.0,0.0,540,960,2
03_Projekt-MAN Frauen in der Werkstatt,03_Projekt-MAN Frauen in der Werkstatt/03_Medien/05_Footage sortiert/02_B-Roll/Grüner LKW/Proxy/C9202.mov,0.0,0.0,540,960,2
03_Projekt-MAN Frauen in der Werkstatt,03_Projekt-MAN Frauen in der Werkstatt/03_Medien/05_Footage sortiert/02_B-Roll/Grüner LKW/Proxy/C9204.mov,0.0,0.0,540,960,2
03_Projekt-MAN Frauen in der Werkstatt,03_Projekt-MAN Frauen in der Werkstatt/03_Medien/05_Footage sortiert/02_B-Roll/Grüner LKW/Proxy/C9205.mov,0.0,0.0,540,960,2
03_Projekt-MAN Frauen in der Werkstatt,03_Projekt-MAN Frauen in der Werkstatt/03_Medien/05_Footage sortiert/02_B-Roll/Grüner LKW/Proxy/C9207.mov,0.0,0.0,540,960,2
03_Projekt-MAN Frauen in der Werkstatt,03_Projekt-MAN Frauen in der Werkstatt/03_Medien/05_Footage sortiert/02_B-Roll/Grüner LKW/Proxy/C9209.mov,0.0,0.0,540,960,2
03_Projekt-MAN Frauen in der Werkstatt,03_Projekt-MAN Frauen in der Werkstatt/03_Medien/05_Footage sortiert/02_B-Roll/Grüner LKW/Proxy/C9210.mov,0.0,0.0,540,960,2
03_Projekt-MAN Frauen in der Werkstatt,03_Projekt-MAN Frauen in der Werkstatt/03_Medien/05_Footage sortiert/02_B-Roll/Grüner LKW/Proxy/C9213.mov,0.0,0.0,540,960,2
03_Projekt-MAN Frauen in der Werkstatt,03_Projekt-MAN Frauen in der Werkstatt/03_Medien/05_Footage sortiert/02_B-Roll/Grüner LKW/Proxy/C9215.mov,0.0,0.0,540,960,2
03_Projekt-MAN Frauen in der Werkstatt,03_Projekt-MAN Frauen in der Werkstatt/03_Medien/05_Footage sortiert/02_B-Roll/Grüner LKW/Proxy/C9217.mov,0.0,0.0,540,960,2
03_Projekt-MAN Frauen in der Werkstatt,03_Projekt-MAN Frauen in der Werkstatt/03_Medien/05_Footage sortiert/02_B-Roll/Grüner LKW/Proxy/C9218.mov,0.0,0.0,540,960,2
03_Projekt-MAN Frauen in der Werkstatt,03_Projekt-MAN Frauen in der Werkstatt/03_Medien/05_Footage sortiert/02_B-Roll/Grüner LKW/Proxy/C9219.mov,0.0,0.0,540,960,2
03_Projekt-MAN Frauen in der Werkstatt,03_Projekt-MAN Frauen in der Werkstatt/03_Medien/05_Footage sortiert/02_B-Roll/Grüner LKW/Proxy/C9223.mov,0.0,0.0,540,960,2
03_Projekt-MAN Frauen in der Werkstatt,03_Projekt-MAN Frauen in der Werkstatt/03_Medien/05_Footage sortiert/02_B-Roll/Grüner LKW/Proxy/C9225.mov,0.0,0.0,540,960,2
03_Projekt-MAN Frauen in der Werkstatt,03_Projekt-MAN Frauen in der Werkstatt/03_Medien/05_Footage sortiert/02_B-Roll/Grüner LKW/Proxy/C9226.mov,0.0,0.0,540,960,2
03_Projekt-MAN Frauen in der Werkstatt,03_Projekt-MAN Frauen in der Werkstatt/03_Medien/05_Footage sortiert/02_B-Roll/Grüner LKW/Proxy/C9228.mov,0.0,0.0,540,960,2
03_Projekt-MAN Frauen in der Werkstatt,03_Projekt-MAN Frauen in der Werkstatt/03_Medien/05_Footage sortiert/02_B-Roll/Grüner LKW/Proxy/C9232.mov,0.0,0.0,540,960,2
03_Projekt-MAN Frauen in der Werkstatt,03_Projekt-MAN Frauen in der Werkstatt/03_Medien/05_Footage sortiert/02_B-Roll/Grüner LKW/Proxy/FX3_0392.mov,0.0,0.1,540,960,2
03_Projekt-MAN Frauen in der Werkstatt,03_Projekt-MAN Frauen in der Werkstatt/03_Medien/05_Footage sortiert/02_B-Roll/Grüner LKW/Proxy/C9233.mov,0.0,0.0,540,960,2
03_Projekt-MAN Frauen in der Werkstatt,03_Projekt-MAN Frauen in der Werkstatt/03_Medien/05_Footage sortiert/02_B-Roll/Grüner LKW/Proxy/FX3_0395.mov,0.0,0.0,540,960,2
03_Projekt-MAN Frauen in der Werkstatt,03_Projekt-MAN Frauen in der Werkstatt/03_Medien/05_Footage sortiert/02_B-Roll/Grüner LKW/Proxy/FX3_0396.mov,0.0,0.0,540,960,2
03_Projekt-MAN Frauen in der Werkstatt,03_Projekt-MAN Frauen in der Werkstatt/03_Medien/05_Footage sortiert/02_B-Roll/Grüner LKW/Proxy/FX3_0397.mov,0.0,0.0,540,960,2
03_Projekt-MAN Frauen in der Werkstatt,03_Projekt-MAN Frauen in der Werkstatt/03_Medien/05_Footage sortiert/02_B-Roll/Grüner LKW/Proxy/FX3_0401.mov,0.0,0.0,540,960,2
03_Projekt-MAN Frauen in der Werkstatt,03_Projekt-MAN Frauen in der Werkstatt/03_Medien/05_Footage sortiert/02_B-Roll/Grüner LKW/Proxy/FX3_0404.mov,0.0,0.0,540,960,2
03_Projekt-MAN Frauen in der Werkstatt,03_Projekt-MAN Frauen in der Werkstatt/03_Medien/05_Footage sortiert/02_B-Roll/Grüner LKW/Proxy/FX3_0413.mov,0.0,0.0,540,960,2
03_Projekt-MAN Frauen in der Werkstatt,03_Projekt-MAN Frauen in der Werkstatt/03_Medien/05_Footage sortiert/02_B-Roll/Grüner LKW/Proxy/FX3_0415.mov,0.0,0.1,540,960,2
03_Projekt-MAN Frauen in der Werkstatt,03_Projekt-MAN Frauen in der Werkstatt/03_Medien/05_Footage sortiert/02_B-Roll/Grüner LKW/Proxy/FX3_0419.mov,0.0,0.0,540,960,2
03_Projekt-MAN Frauen in der Werkstatt,03_Projekt-MAN Frauen in der Werkstatt/03_Medien/05_Footage sortiert/02_B-Roll/Grüner LKW/Proxy/FX3_0422.mov,0.0,0.0,540,960,2
03_Projekt-MAN Frauen in der Werkstatt,03_Projekt-MAN Frauen in der Werkstatt/03_Medien/05_Footage sortiert/02_B-Roll/Grüner LKW/Proxy/FX3_0444.mov,0.0,0.0,540,960,2
03_Projekt-MAN Frauen in der Werkstatt,03_Projekt-MAN Frauen in der Werkstatt/03_Medien/05_Footage sortiert/02_B-Roll/Grüner LKW/Proxy/FX3_0459.mov,0.0,0.0,540,960,2
03_Projekt-MAN Frauen in der Werkstatt,03_Projekt-MAN Frauen in der Werkstatt/03_Medien/05_Footage sortiert/Aussortiert/Proxy/FX3_0391.mov,0.0,0.0,540,960,2
03_Projekt-MAN Frauen in der Werkstatt,03_Projekt-MAN Frauen in der Werkstatt/03_Medien/05_Footage sortiert/1.2 Kompetenz fährt vor/Hook-Szene/Proxy/C9258.mov,0.0,0.1,540,960,2
03_Projekt-MAN Frauen in der Werkstatt,03_Projekt-MAN Frauen in der Werkstatt/03_Medien/05_Footage sortiert/1.2 Kompetenz fährt vor/Hook-Szene/Proxy/C9261.mov,0.0,0.0,540,960,2
03_Projekt-MAN Frauen in der Werkstatt,03_Projekt-MAN Frauen in der Werkstatt/03_Medien/05_Footage sortiert/1.2 Kompetenz fährt vor/Hook-Szene/Proxy/C9262.mov,0.0,0.1,540,960,2
03_Projekt-MAN Frauen in der Werkstatt,03_Projekt-MAN Frauen in der Werkstatt/03_Medien/05_Footage sortiert/1.2 Kompetenz fährt vor/Hook-Szene/Proxy/C9263.mov,0.0,0.0,540,960,2
03_Projekt-MAN Frauen in der Werkstatt,03_Projekt-MAN Frauen in der Werkstatt/03_Medien/05_Footage sortiert/1.2 Kompetenz fährt vor/Hook-Szene/Proxy/C9265.mov,0.0,0.1,540,960,2
03_Projekt-MAN Frauen in der Werkstatt,03_Projekt-MAN Frauen in der Werkstatt/03_Medien/05_Footage sortiert/1.2 Kompetenz fährt vor/Hook-Szene/Proxy/C9268.mov,0.0,0.1,540,960,2
03_Projekt-MAN Frauen in der Werkstatt,03_Projekt-MAN Frauen in der Werkstatt/03_Medien/05_Footage sortiert/1.2 Kompetenz fährt vor/Hook-Szene/Proxy/C9266.mov,0.0,0.0,540,960,2
03_Projekt-MAN Frauen in der Werkstatt,03_Projekt-MAN Frauen in der Werkstatt/03_Medien/05_Footage sortiert/1.2 Kompetenz fährt vor/Hook-Szene/Proxy/C9267.mov,0.0,0.0,540,960,2
03_Projekt-MAN Frauen in der Werkstatt,03_Projekt-MAN Frauen in der Werkstatt/03_Medien/05_Footage sortiert/1.2 Kompetenz fährt vor/Hook-Szene/Proxy/C9269.mov,0.0,0.0,540,960,2
03_Projekt-MAN Frauen in der Werkstatt,03_Projekt-MAN Frauen in der Werkstatt/03_Medien/05_Footage sortiert/1.2 Kompetenz fährt vor/Hook-Szene/Proxy/C9279.mov,0.0,0.0,540,960,2
03_Projekt-MAN Frauen in der Werkstatt,03_Projekt-MAN Frauen in der Werkstatt/03_Medien/05_Footage sortiert/1.2 Kompetenz fährt vor/Hook-Szene/Proxy/C9273.mov,0.0,0.0,540,960,2
03_Projekt-MAN Frauen in der Werkstatt,03_Projekt-MAN Frauen in der Werkstatt/03_Medien/05_Footage sortiert/1.2 Kompetenz fährt vor/Hook-Szene/Proxy/C9276.mov,0.0,0.0,540,960,2
03_Projekt-MAN Frauen in der Werkstatt,03_Projekt-MAN Frauen in der Werkstatt/03_Medien/05_Footage sortiert/1.2 Kompetenz fährt vor/Hook-Szene/Proxy/C9280.mov,0.0,0.1,540,960,2
03_Projekt-MAN Frauen in der Werkstatt,03_Projekt-MAN Frauen in der Werkstatt/03_Medien/05_Footage sortiert/1.2 Kompetenz fährt vor/Hook-Szene/Proxy/FX3_0470.mov,0.0,0.0,540,960,2
03_Projekt-MAN Frauen in der Werkstatt,03_Projekt-MAN Frauen in der Werkstatt/03_Medien/05_Footage sortiert/1.2 Kompetenz fährt vor/Hook-Szene/Proxy/C9282.mov,0.0,0.0,540,960,2
03_Projekt-MAN Frauen in der Werkstatt,03_Projekt-MAN Frauen in der Werkstatt/03_Medien/05_Footage sortiert/1.2 Kompetenz fährt vor/Hook-Szene/Proxy/FX3_0473.mov,0.0,0.0,540,960,2
03_Projekt-MAN Frauen in der Werkstatt,03_Projekt-MAN Frauen in der Werkstatt/03_Medien/05_Footage sortiert/1.2 Kompetenz fährt vor/Hook-Szene/Proxy/C9275.mov,0.0,0.0,540,960,2
03_Projekt-MAN Frauen in der Werkstatt,03_Projekt-MAN Frauen in der Werkstatt/03_Medien/05_Footage sortiert/1.2 Kompetenz fährt vor/Hook-Szene/Proxy/FX3_0474.mov,0.0,0.0,540,960,2
03_Projekt-MAN Frauen in der Werkstatt,03_Projekt-MAN Frauen in der Werkstatt/03_Medien/05_Footage sortiert/1.2 Kompetenz fährt vor/Hook-Szene/Proxy/C9281.mov,0.0,0.0,540,960,2
03_Projekt-MAN Frauen in der Werkstatt,03_Projekt-MAN Frauen in der Werkstatt/03_Medien/05_Footage sortiert/1.2 Kompetenz fährt vor/Hook-Szene/Proxy/FX3_0483.mov,0.0,0.1,540,960,2
03_Projekt-MAN Frauen in der Werkstatt,03_Projekt-MAN Frauen in der Werkstatt/03_Medien/05_Footage sortiert/1.2 Kompetenz fährt vor/Hook-Szene/Proxy/C9283.mov,0.0,0.1,540,960,2
03_Projekt-MAN Frauen in der Werkstatt,03_Projekt-MAN Frauen in der Werkstatt/03_Medien/05_Footage sortiert/1.2 Kompetenz fährt vor/Hook-Szene/Proxy/FX3_0485.mov,0.0,0.1,540,960,2
03_Projekt-MAN Frauen in der Werkstatt,03_Projekt-MAN Frauen in der Werkstatt/03_Medien/02_Assets/02_Sound Effekte/videoplayback.mp4,0.0,0.2,0,0,2
03_Projekt-MAN Frauen in der Werkstatt,03_Projekt-MAN Frauen in der Werkstatt/03_Medien/01_Footage/Kamera-C Fuji DN/Proxy/DSCF7616.mov,0.0,0.1,540,960,2
03_Projekt-MAN Frauen in der Werkstatt,03_Projekt-MAN Frauen in der Werkstatt/03_Medien/01_Footage/Kamera-C Fuji DN/Proxy/DSCF7617.mov,0.0,0.0,540,960,2
03_Projekt-MAN Frauen in der Werkstatt,03_Projekt-MAN Frauen in der Werkstatt/03_Medien/01_Footage/Kamera-C Fuji DN/Proxy/DSCF7620.mov,0.0,0.1,540,960,2
03_Projekt-MAN Frauen in der Werkstatt,03_Projekt-MAN Frauen in der Werkstatt/03_Medien/01_Footage/Kamera-C Fuji DN/Proxy/DSCF7633.mov,0.0,0.1,540,960,2
03_Projekt-MAN Frauen in der Werkstatt,03_Projekt-MAN Frauen in der Werkstatt/03_Medien/01_Footage/Kamera-C Fuji DN/Proxy/DSCF7638.mov,0.0,0.1,540,960,2
03_Projekt-MAN Frauen in der Werkstatt,03_Projekt-MAN Frauen in der Werkstatt/03_Medien/01_Footage/Kamera-C Fuji DN/Proxy/DSCF7639.mov,0.0,0.0,540,960,2
03_Projekt-MAN Frauen in der Werkstatt,03_Projekt-MAN Frauen in der Werkstatt/03_Medien/01_Footage/Kamera-C Fuji DN/Proxy/DSCF7696.mov,0.0,0.1,540,960,2
03_Projekt-MAN Frauen in der Werkstatt,03_Projekt-MAN Frauen in der Werkstatt/03_Medien/01_Footage/Kamera-C Fuji DN/Proxy/DSCF7705.mov,0.0,0.1,540,960,2
03_Projekt-MAN Frauen in der Werkstatt,03_Projekt-MAN Frauen in der Werkstatt/03_Medien/01_Footage/Kamera-C Fuji DN/Proxy/DSCF7706.mov,0.0,0.1,540,960,2
03_Projekt-MAN Frauen in der Werkstatt,03_Projekt-MAN Frauen in der Werkstatt/03_Medien/01_Footage/Kamera-C Fuji DN/Proxy/DSCF7707.mov,0.0,0.1,540,960,2
03_Projekt-MAN Frauen in der Werkstatt,03_Projekt-MAN Frauen in der Werkstatt/03_Medien/01_Footage/Kamera-C Fuji DN/Proxy/DSCF7825.mov,0.0,0.1,540,960,2
03_Projekt-MAN Frauen in der Werkstatt,03_Projekt-MAN Frauen in der Werkstatt/03_Medien/01_Footage/Kamera-C Fuji DN/Proxy/DSCF7827.mov,0.0,0.0,540,960,2
03_Projekt-MAN Frauen in der Werkstatt,03_Projekt-MAN Frauen in der Werkstatt/03_Medien/01_Footage/Kamera-C Fuji DN/Proxy/DSCF7830.mov,0.0,0.1,540,960,2
03_Projekt-MAN Frauen in der Werkstatt,03_Projekt-MAN Frauen in der Werkstatt/03_Medien/01_Footage/Kamera-C Fuji DN/Proxy/DSCF7885.mov,0.0,0.0,960,540,2
03_Projekt-MAN Frauen in der Werkstatt,03_Projekt-MAN Frauen in der Werkstatt/03_Medien/01_Footage/Kamera-C Fuji DN/Proxy/DSCF7886.mov,0.0,0.1,540,960,2
03_Projekt-MAN Frauen in der Werkstatt,03_Projekt-MAN Frauen in der Werkstatt/03_Medien/01_Footage/Kamera-C Fuji DN/Proxy/DSCF7991.mov,0.0,0.0,540,960,2
03_Projekt-MAN Frauen in der Werkstatt,03_Projekt-MAN Frauen in der Werkstatt/03_Medien/01_Footage/Kamera-C Fuji DN/Proxy/DSCF7992.mov,0.0,0.1,540,960,2
03_Projekt-MAN Frauen in der Werkstatt,03_Projekt-MAN Frauen in der Werkstatt/03_Medien/01_Footage/Kamera-C Fuji DN/Proxy/DSCF8009.mov,0.0,0.1,960,540,2
03_Projekt-MAN Frauen in der Werkstatt,03_Projekt-MAN Frauen in der Werkstatt/03_Medien/01_Footage/Kamera-C Fuji DN/Proxy/DSCF8010.mov,0.0,0.1,540,960,2
03_Projekt-MAN Frauen in der Werkstatt,03_Projekt-MAN Frauen in der Werkstatt/03_Medien/01_Footage/Kamera-C Fuji DN/Proxy/DSCF8015.mov,0.0,0.1,540,960,2
03_Projekt-MAN Frauen in der Werkstatt,03_Projekt-MAN Frauen in der Werkstatt/03_Medien/01_Footage/Kamera-C Fuji DN/Proxy/DSCF8016.mov,0.0,0.1,540,960,2
03_Projekt-MAN Frauen in der Werkstatt,03_Projekt-MAN Frauen in der Werkstatt/03_Medien/01_Footage/Kamera-C Fuji DN/Proxy/DSCF8104.mov,0.0,0.1,540,960,2
04_Projekt-Lagerlogistik,04_Projekt-Lagerlogistik/03_Medien/01_Footage/Sortiert/Interviews/C8238.MP4,20.27,18.6,3840,2160,2
04_Projekt-Lagerlogistik,04_Projekt-Lagerlogistik/03_Medien/01_Footage/Sortiert/Interviews/FX3_1808.MP4,18.46,16.9,3840,2160,2
04_Projekt-Lagerlogistik,04_Projekt-Lagerlogistik/03_Medien/01_Footage/Sortiert/Interviews/C8239.MP4,16.51,15.1,3840,2160,2
04_Projekt-Lagerlogistik,04_Projekt-Lagerlogistik/03_Medien/01_Footage/Sortiert/Interviews/FX3_1809.MP4,15.23,13.9,3840,2160,2
04_Projekt-Lagerlogistik,04_Projekt-Lagerlogistik/03_Medien/01_Footage/Sortiert/Interviews/C8240.MP4,15.17,13.8,3840,2160,2
04_Projekt-Lagerlogistik,04_Projekt-Lagerlogistik/03_Medien/01_Footage/Sortiert/Interviews/FX3_1810.MP4,14.5,13.3,3840,2160,2
04_Projekt-Lagerlogistik,04_Projekt-Lagerlogistik/03_Medien/01_Footage/DJI Action/DJI_20260428143800_0007_D.MP4,8.2,10.4,3840,2880,1
04_Projekt-Lagerlogistik,04_Projekt-Lagerlogistik/03_Medien/01_Footage/DJI Action/DJI_20260428111401_0006_D.MP4,4.4,5.9,3840,2880,1
04_Projekt-Lagerlogistik,04_Projekt-Lagerlogistik/03_Medien/01_Footage/DJI Action/DJI_20260428101848_0004_D.MP4,3.62,5.5,3840,2880,1
04_Projekt-Lagerlogistik,04_Projekt-Lagerlogistik/03_Medien/01_Footage/Sortiert/Hooks/Freeze Szene/C8241.MP4,2.62,1.6,3840,2160,2
04_Projekt-Lagerlogistik,04_Projekt-Lagerlogistik/03_Medien/01_Footage/DJI Action/DJI_20260428104921_0005_D.MP4,1.62,2.2,3840,2880,1
04_Projekt-Lagerlogistik,04_Projekt-Lagerlogistik/03_Medien/01_Footage/Sortiert/Hooks/Freeze Szene/C8251.MP4,1.61,1.0,3840,2160,2
04_Projekt-Lagerlogistik,04_Projekt-Lagerlogistik/03_Medien/01_Footage/Sortiert/Interviews/C8237.MP4,1.48,1.3,3840,2160,2
04_Projekt-Lagerlogistik,04_Projekt-Lagerlogistik/03_Medien/01_Footage/Sortiert/B-Roll/Waren einlagern/C8202.MP4,1.34,0.8,3840,2160,2
04_Projekt-Lagerlogistik,04_Projekt-Lagerlogistik/03_Medien/01_Footage/Sortiert/B-Roll/Paket vor Kamera/FX3_1826.MP4,1.28,1.1,3840,2160,2
04_Projekt-Lagerlogistik,04_Projekt-Lagerlogistik/03_Medien/01_Footage/Sortiert/B-Roll/Jonathan und Nico chillen/FX3_1822.MP4,1.14,0.7,3840,2160,2
04_Projekt-Lagerlogistik,04_Projekt-Lagerlogistik/03_Medien/02_Assets/09_Capcut/0515 (3).mov,1.13,0.2,2160,3840,2
04_Projekt-Lagerlogistik,04_Projekt-Lagerlogistik/03_Medien/01_Footage/Sortiert/B-Roll/Nico und Jonathan verpacken/FX3_1792.MP4,1.07,0.9,3840,2160,2
04_Projekt-Lagerlogistik,04_Projekt-Lagerlogistik/03_Medien/01_Footage/Sortiert/B-Roll/Nico und Jonathan verpacken/FX3_1793.MP4,1.01,0.9,3840,2160,2
04_Projekt-Lagerlogistik,04_Projekt-Lagerlogistik/03_Medien/01_Footage/Sortiert/Hooks/Freeze Szene/FX3_1816.MP4,1.01,0.6,3840,2160,2
04_Projekt-Lagerlogistik,04_Projekt-Lagerlogistik/03_Medien/01_Footage/Sortiert/B-Roll/Waren einlagern/FX3_1776.MP4,0.94,0.8,3840,2160,2
04_Projekt-Lagerlogistik,04_Projekt-Lagerlogistik/03_Medien/01_Footage/Sortiert/B-Roll/Nico und Jonathan verpacken/FX3_1786.MP4,0.94,0.8,3840,2160,2
04_Projekt-Lagerlogistik,04_Projekt-Lagerlogistik/03_Medien/01_Footage/Sortiert/B-Roll/Nico und Jonathan verpacken/FX3_1791.MP4,0.94,0.8,3840,2160,2
04_Projekt-Lagerlogistik,04_Projekt-Lagerlogistik/03_Medien/01_Footage/Sortiert/B-Roll/Kunde holt Paket/FX3_1798.MP4,0.94,0.8,3840,2160,2
04_Projekt-Lagerlogistik,04_Projekt-Lagerlogistik/03_Medien/01_Footage/Sortiert/Hooks/Freeze Szene/C8242.MP4,0.94,0.6,3840,2160,2
04_Projekt-Lagerlogistik,04_Projekt-Lagerlogistik/03_Medien/01_Footage/Sortiert/Interviews/Proxy/C8238.mov,0.88,18.6,1080,1920,2
04_Projekt-Lagerlogistik,04_Projekt-Lagerlogistik/03_Medien/01_Footage/Sortiert/B-Roll/Jonathan Allgemeine Szenen/C8217.MP4,0.87,0.5,3840,2160,2
04_Projekt-Lagerlogistik,04_Projekt-Lagerlogistik/03_Medien/01_Footage/Sortiert/B-Roll/Kunde holt Paket/FX3_1799.MP4,0.87,0.7,3840,2160,2
04_Projekt-Lagerlogistik,04_Projekt-Lagerlogistik/03_Medien/01_Footage/Sortiert/B-Roll/Kunde holt Paket/FX3_1800.MP4,0.87,0.8,3840,2160,2
04_Projekt-Lagerlogistik,04_Projekt-Lagerlogistik/03_Medien/01_Footage/Sortiert/B-Roll/Jonathan und Nico chillen/FX3_1823.MP4,0.81,0.5,3840,2160,2
04_Projekt-Lagerlogistik,04_Projekt-Lagerlogistik/03_Medien/01_Footage/Sortiert/Interviews/Proxy/FX3_1808.mov,0.8,16.9,1080,1920,2
04_Projekt-Lagerlogistik,04_Projekt-Lagerlogistik/03_Medien/01_Footage/Sortiert/Interviews/Proxy/C8239.mov,0.72,15.1,1080,1920,2
04_Projekt-Lagerlogistik,04_Projekt-Lagerlogistik/03_Medien/01_Footage/Sortiert/B-Roll/Waren einlagern/FX3_1777.MP4,0.67,0.6,3840,2160,2
04_Projekt-Lagerlogistik,04_Projekt-Lagerlogistik/03_Medien/01_Footage/Sortiert/Interviews/Proxy/FX3_1809.mov,0.66,13.9,1080,1920,2
04_Projekt-Lagerlogistik,04_Projekt-Lagerlogistik/03_Medien/01_Footage/Sortiert/Interviews/Proxy/C8240.mov,0.66,13.8,1080,1920,2
04_Projekt-Lagerlogistik,04_Projekt-Lagerlogistik/03_Medien/02_Assets/05_CTA/MAN-LagerCTA-4K-transparent.mov,0.65,0.2,2160,3840,2
04_Projekt-Lagerlogistik,04_Projekt-Lagerlogistik/03_Medien/01_Footage/Sortiert/Interviews/Proxy/FX3_1810.mov,0.63,13.3,1080,1920,2
04_Projekt-Lagerlogistik,04_Projekt-Lagerlogistik/03_Medien/01_Footage/Sortiert/B-Roll/Jonathan Allgemeine Szenen/C8213.MP4,0.6,0.4,3840,2160,2
04_Projekt-Lagerlogistik,04_Projekt-Lagerlogistik/03_Medien/01_Footage/Sortiert/B-Roll/Nico und Jonathan verpacken/FX3_1789.MP4,0.6,0.5,3840,2160,2
04_Projekt-Lagerlogistik,04_Projekt-Lagerlogistik/03_Medien/01_Footage/Sortiert/B-Roll/Kunde holt Paket/FX3_1797.MP4,0.6,0.5,3840,2160,2
04_Projekt-Lagerlogistik,04_Projekt-Lagerlogistik/03_Medien/01_Footage/Sortiert/B-Roll/Bestellung für Kunde/FX3_1744.MP4,0.54,0.4,3840,2160,2
04_Projekt-Lagerlogistik,04_Projekt-Lagerlogistik/03_Medien/01_Footage/DJI Action/Proxy/DJI_20260428143800_0007_D.mov,0.49,10.4,1080,1920,1
04_Projekt-Lagerlogistik,04_Projekt-Lagerlogistik/03_Medien/01_Footage/Sortiert/B-Roll/Bestellung für Kunde/C8173.MP4,0.47,0.3,3840,2160,2
04_Projekt-Lagerlogistik,04_Projekt-Lagerlogistik/03_Medien/01_Footage/Sortiert/B-Roll/Ameise/FX3_1765.MP4,0.47,0.4,3840,2160,2
04_Projekt-Lagerlogistik,04_Projekt-Lagerlogistik/03_Medien/01_Footage/Sortiert/B-Roll/Waren einlagern/FX3_1771.MP4,0.47,0.4,3840,2160,2
04_Projekt-Lagerlogistik,04_Projekt-Lagerlogistik/03_Medien/01_Footage/Sortiert/B-Roll/Jonathan Allgemeine Szenen/FX3_1779.MP4,0.47,0.4,3840,2160,2
04_Projekt-Lagerlogistik,04_Projekt-Lagerlogistik/03_Medien/01_Footage/Sortiert/B-Roll/Jonathan Allgemeine Szenen/FX3_1782.MP4,0.47,0.4,3840,2160,2
04_Projekt-Lagerlogistik,04_Projekt-Lagerlogistik/03_Medien/01_Footage/Sortiert/B-Roll/Jonathan am Schreibtisch/FX3_1806.MP4,0.47,0.4,3840,2160,2
04_Projekt-Lagerlogistik,04_Projekt-Lagerlogistik/03_Medien/01_Footage/Sortiert/B-Roll/Jonathan am Schreibtisch/C8232.MP4,0.47,0.3,3840,2160,2
04_Projekt-Lagerlogistik,04_Projekt-Lagerlogistik/03_Medien/01_Footage/Sortiert/Hooks/Freeze Szene/FX3_1815.MP4,0.47,0.4,3840,2160,2
04_Projekt-Lagerlogistik,04_Projekt-Lagerlogistik/03_Medien/01_Footage/Sortiert/Hooks/Freeze Szene/C8243.MP4,0.47,0.3,3840,2160,2
04_Projekt-Lagerlogistik,04_Projekt-Lagerlogistik/03_Medien/01_Footage/Sortiert/B-Roll/Bestellung für Kunde/FX3_1746.MP4,0.4,0.4,3840,2160,2
04_Projekt-Lagerlogistik,04_Projekt-Lagerlogistik/03_Medien/01_Footage/Sortiert/B-Roll/Bestellung für Kunde/FX3_1747.MP4,0.4,0.3,3840,2160,2
04_Projekt-Lagerlogistik,04_Projekt-Lagerlogistik/03_Medien/01_Footage/Sortiert/B-Roll/Bestellung für Kunde/C8161.MP4,0.4,0.2,3840,2160,2
04_Projekt-Lagerlogistik,04_Projekt-Lagerlogistik/03_Medien/01_Footage/Sortiert/B-Roll/Waren einlagern/FX3_1778.MP4,0.4,0.4,3840,2160,2
04_Projekt-Lagerlogistik,04_Projekt-Lagerlogistik/03_Medien/01_Footage/Sortiert/B-Roll/Waren einlagern/C8208.MP4,0.4,0.2,3840,2160,2
04_Projekt-Lagerlogistik,04_Projekt-Lagerlogistik/03_Medien/01_Footage/Sortiert/B-Roll/Jonathan am Schreibtisch/FX3_1802.MP4,0.4,0.4,3840,2160,2
04_Projekt-Lagerlogistik,04_Projekt-Lagerlogistik/03_Medien/01_Footage/Sortiert/B-Roll/Jonathan am Schreibtisch/FX3_1803.MP4,0.4,0.3,3840,2160,2
04_Projekt-Lagerlogistik,04_Projekt-Lagerlogistik/03_Medien/01_Footage/Sortiert/B-Roll/Jonathan und Nico chillen/C8254.MP4,0.4,0.3,3840,2160,2
04_Projekt-Lagerlogistik,04_Projekt-Lagerlogistik/03_Medien/01_Footage/Sortiert/Hooks/Freeze Szene/FX3_1814.MP4,0.4,0.3,3840,2160,2
04_Projekt-Lagerlogistik,04_Projekt-Lagerlogistik/03_Medien/01_Footage/Sortiert/Hooks/Freeze Szene/C8245.MP4,0.4,0.2,3840,2160,2
04_Projekt-Lagerlogistik,04_Projekt-Lagerlogistik/03_Medien/01_Footage/Sortiert/Hooks/Freeze Szene/C8250.MP4,0.4,0.2,3840,2160,2
04_Projekt-Lagerlogistik,04_Projekt-Lagerlogistik/03_Medien/01_Footage/Sortiert/B-Roll/Bestellung für Kunde/FX3_1754.MP4,0.34,0.3,3840,2160,2
04_Projekt-Lagerlogistik,04_Projekt-Lagerlogistik/03_Medien/01_Footage/Sortiert/B-Roll/Bestellung für Kunde/FX3_1762.MP4,0.34,0.3,3840,2160,2
04_Projekt-Lagerlogistik,04_Projekt-Lagerlogistik/03_Medien/01_Footage/Sortiert/B-Roll/Handschuhe anziehen/FX3_1749.MP4,0.34,0.3,3840,2160,2
04_Projekt-Lagerlogistik,04_Projekt-Lagerlogistik/03_Medien/01_Footage/Sortiert/B-Roll/Ameise/C8188.MP4,0.34,0.2,3840,2160,2
04_Projekt-Lagerlogistik,04_Projekt-Lagerlogistik/03_Medien/01_Footage/Sortiert/B-Roll/MAN Logo/FX3_1767.MP4,0.34,0.3,3840,2160,2
04_Projekt-Lagerlogistik,04_Projekt-Lagerlogistik/03_Medien/01_Footage/Sortiert/B-Roll/Jonathan Allgemeine Szenen/FX3_1783.MP4,0.34,0.3,3840,2160,2
04_Projekt-Lagerlogistik,04_Projekt-Lagerlogistik/03_Medien/01_Footage/Sortiert/B-Roll/Nico und Jonathan verpacken/FX3_1790.MP4,0.34,0.3,3840,2160,2
04_Projekt-Lagerlogistik,04_Projekt-Lagerlogistik/03_Medien/01_Footage/Sortiert/B-Roll/Jonathan am Schreibtisch/FX3_1795.MP4,0.34,0.3,3840,2160,2
04_Projekt-Lagerlogistik,04_Projekt-Lagerlogistik/03_Medien/01_Footage/Sortiert/B-Roll/Jonathan am Schreibtisch/FX3_1805.MP4,0.34,0.3,3840,2160,2
04_Projekt-Lagerlogistik,04_Projekt-Lagerlogistik/03_Medien/01_Footage/Sortiert/B-Roll/Kunde holt Paket/FX3_1801.MP4,0.34,0.2,3840,2160,2
04_Projekt-Lagerlogistik,04_Projekt-Lagerlogistik/03_Medien/01_Footage/Sortiert/B-Roll/Jonathan und Nico chillen/C8257.MP4,0.34,0.2,3840,2160,2
04_Projekt-Lagerlogistik,04_Projekt-Lagerlogistik/03_Medien/01_Footage/Sortiert/Hooks/Freeze Szene/FX3_1811.MP4,0.34,0.2,3840,2160,2
04_Projekt-Lagerlogistik,04_Projekt-Lagerlogistik/03_Medien/01_Footage/Sortiert/Hooks/Freeze Szene/FX3_1821.MP4,0.34,0.2,3840,2160,2
04_Projekt-Lagerlogistik,04_Projekt-Lagerlogistik/03_Medien/01_Footage/Sortiert/Hooks/Freeze Szene/C8244.MP4,0.34,0.2,3840,2160,2
04_Projekt-Lagerlogistik,04_Projekt-Lagerlogistik/03_Medien/01_Footage/Sortiert/Hooks/Freeze Szene/C8247.MP4,0.34,0.2,3840,2160,2
04_Projekt-Lagerlogistik,04_Projekt-Lagerlogistik/03_Medien/01_Footage/Sortiert/Hooks/Freeze Szene/C8248.MP4,0.34,0.2,3840,2160,2
04_Projekt-Lagerlogistik,04_Projekt-Lagerlogistik/03_Medien/01_Footage/Sortiert/Hooks/Freeze Szene/C8249.MP4,0.34,0.2,3840,2160,2
04_Projekt-Lagerlogistik,04_Projekt-Lagerlogistik/03_Medien/01_Footage/Sortiert/Hooks/Freeze Szene/C8252.MP4,0.34,0.2,3840,2160,2
04_Projekt-Lagerlogistik,04_Projekt-Lagerlogistik/03_Medien/01_Footage/DJI Action/Proxy/DJI_20260428111401_0006_D.mov,0.28,6.0,1920,1080,1
04_Projekt-Lagerlogistik,04_Projekt-Lagerlogistik/03_Medien/01_Footage/Sortiert/B-Roll/Bestellung für Kunde/FX3_1755.MP4,0.27,0.2,3840,2160,2
04_Projekt-Lagerlogistik,04_Projekt-Lagerlogistik/03_Medien/01_Footage/Sortiert/B-Roll/Bestellung für Kunde/FX3_1756.MP4,0.27,0.2,3840,2160,2
04_Projekt-Lagerlogistik,04_Projekt-Lagerlogistik/03_Medien/01_Footage/Sortiert/B-Roll/Bestellung für Kunde/FX3_1757.MP4,0.27,0.2,3840,2160,2
04_Projekt-Lagerlogistik,04_Projekt-Lagerlogistik/03_Medien/01_Footage/Sortiert/B-Roll/Bestellung für Kunde/FX3_1760.MP4,0.27,0.2,3840,2160,2
04_Projekt-Lagerlogistik,04_Projekt-Lagerlogistik/03_Medien/01_Footage/Sortiert/B-Roll/Bestellung für Kunde/FX3_1764.MP4,0.27,0.2,3840,2160,2
04_Projekt-Lagerlogistik,04_Projekt-Lagerlogistik/03_Medien/01_Footage/Sortiert/B-Roll/Bestellung für Kunde/C8146.MP4,0.27,0.2,3840,2160,2
04_Projekt-Lagerlogistik,04_Projekt-Lagerlogistik/03_Medien/01_Footage/Sortiert/B-Roll/Bestellung für Kunde/C8162.MP4,0.27,0.1,3840,2160,2
04_Projekt-Lagerlogistik,04_Projekt-Lagerlogistik/03_Medien/01_Footage/Sortiert/B-Roll/Bestellung für Kunde/C8163.MP4,0.27,0.2,3840,2160,2
04_Projekt-Lagerlogistik,04_Projekt-Lagerlogistik/03_Medien/01_Footage/Sortiert/B-Roll/Bestellung für Kunde/C8166.MP4,0.27,0.1,3840,2160,2
04_Projekt-Lagerlogistik,04_Projekt-Lagerlogistik/03_Medien/01_Footage/Sortiert/B-Roll/Bestellung für Kunde/C8167.MP4,0.27,0.2,3840,2160,2
04_Projekt-Lagerlogistik,04_Projekt-Lagerlogistik/03_Medien/01_Footage/Sortiert/B-Roll/Handschuhe anziehen/FX3_1750.MP4,0.27,0.2,3840,2160,2
04_Projekt-Lagerlogistik,04_Projekt-Lagerlogistik/03_Medien/01_Footage/Sortiert/B-Roll/Handschuhe anziehen/C8159.MP4,0.27,0.1,3840,2160,2
04_Projekt-Lagerlogistik,04_Projekt-Lagerlogistik/03_Medien/01_Footage/Sortiert/B-Roll/Ameise/FX3_1766.MP4,0.27,0.2,3840,2160,2
04_Projekt-Lagerlogistik,04_Projekt-Lagerlogistik/03_Medien/01_Footage/Sortiert/B-Roll/Ameise/C8178.MP4,0.27,0.2,3840,2160,2
04_Projekt-Lagerlogistik,04_Projekt-Lagerlogistik/03_Medien/01_Footage/Sortiert/B-Roll/Ameise/C8189.MP4,0.27,0.1,3840,2160,2
04_Projekt-Lagerlogistik,04_Projekt-Lagerlogistik/03_Medien/01_Footage/Sortiert/B-Roll/Waren einlagern/FX3_1768.MP4,0.27,0.2,3840,2160,2
04_Projekt-Lagerlogistik,04_Projekt-Lagerlogistik/03_Medien/01_Footage/Sortiert/B-Roll/Waren einlagern/FX3_1772.MP4,0.27,0.2,3840,2160,2
04_Projekt-Lagerlogistik,04_Projekt-Lagerlogistik/03_Medien/01_Footage/Sortiert/B-Roll/Waren einlagern/FX3_1774.MP4,0.27,0.2,3840,2160,2
04_Projekt-Lagerlogistik,04_Projekt-Lagerlogistik/03_Medien/01_Footage/Sortiert/B-Roll/Waren einlagern/C8197.MP4,0.27,0.1,3840,2160,2
04_Projekt-Lagerlogistik,04_Projekt-Lagerlogistik/03_Medien/01_Footage/Sortiert/B-Roll/Waren einlagern/C8198.MP4,0.27,0.2,3840,2160,2
04_Projekt-Lagerlogistik,04_Projekt-Lagerlogistik/03_Medien/01_Footage/Sortiert/B-Roll/Waren einlagern/C8207.MP4,0.27,0.1,3840,2160,2
04_Projekt-Lagerlogistik,04_Projekt-Lagerlogistik/03_Medien/01_Footage/Sortiert/B-Roll/Jonathan Allgemeine Szenen/FX3_1784.MP4,0.27,0.2,3840,2160,2
04_Projekt-Lagerlogistik,04_Projekt-Lagerlogistik/03_Medien/01_Footage/Sortiert/B-Roll/Nico und Jonathan verpacken/FX3_1787.MP4,0.27,0.2,3840,2160,2
04_Projekt-Lagerlogistik,04_Projekt-Lagerlogistik/03_Medien/01_Footage/Sortiert/B-Roll/Nico und Jonathan verpacken/FX3_1788.MP4,0.27,0.2,3840,2160,2
04_Projekt-Lagerlogistik,04_Projekt-Lagerlogistik/03_Medien/01_Footage/Sortiert/B-Roll/Jonathan am Schreibtisch/FX3_1804.MP4,0.27,0.2,3840,2160,2
04_Projekt-Lagerlogistik,04_Projekt-Lagerlogistik/03_Medien/01_Footage/Sortiert/B-Roll/Jonathan am Schreibtisch/C8226.MP4,0.27,0.1,3840,2160,2
04_Projekt-Lagerlogistik,04_Projekt-Lagerlogistik/03_Medien/01_Footage/Sortiert/B-Roll/Jonathan am Schreibtisch/C8227.MP4,0.27,0.2,3840,2160,2
04_Projekt-Lagerlogistik,04_Projekt-Lagerlogistik/03_Medien/01_Footage/Sortiert/B-Roll/Jonathan und Nico chillen/C8258.MP4,0.27,0.1,3840,2160,2
04_Projekt-Lagerlogistik,04_Projekt-Lagerlogistik/03_Medien/01_Footage/Sortiert/B-Roll/Schublade/FX3_1825.MP4,0.27,0.2,3840,2160,2
04_Projekt-Lagerlogistik,04_Projekt-Lagerlogistik/03_Medien/01_Footage/Sortiert/Hooks/Freeze Szene/FX3_1817.MP4,0.27,0.2,3840,2160,2
04_Projekt-Lagerlogistik,04_Projekt-Lagerlogistik/03_Medien/01_Footage/Sortiert/Hooks/Freeze Szene/FX3_1820.MP4,0.27,0.2,3840,2160,2
04_Projekt-Lagerlogistik,04_Projekt-Lagerlogistik/03_Medien/01_Footage/Sortiert/Hooks/Freeze Szene/C8246.MP4,0.27,0.2,3840,2160,2
04_Projekt-Lagerlogistik,04_Projekt-Lagerlogistik/03_Medien/01_Footage/DJI Action/Proxy/DJI_20260428101848_0004_D.mov,0.26,5.5,1080,1920,1
04_Projekt-Lagerlogistik,04_Projekt-Lagerlogistik/03_Medien/01_Footage/Sortiert/B-Roll/Bestellung für Kunde/FX3_1753.MP4,0.2,0.1,3840,2160,2
04_Projekt-Lagerlogistik,04_Projekt-Lagerlogistik/03_Medien/01_Footage/Sortiert/B-Roll/Bestellung für Kunde/FX3_1763.MP4,0.2,0.2,3840,2160,2
04_Projekt-Lagerlogistik,04_Projekt-Lagerlogistik/03_Medien/01_Footage/Sortiert/B-Roll/Bestellung für Kunde/C8155.MP4,0.2,0.1,3840,2160,2
04_Projekt-Lagerlogistik,04_Projekt-Lagerlogistik/03_Medien/01_Footage/Sortiert/B-Roll/Bestellung für Kunde/C8165.MP4,0.2,0.1,3840,2160,2
04_Projekt-Lagerlogistik,04_Projekt-Lagerlogistik/03_Medien/01_Footage/Sortiert/B-Roll/Bestellung für Kunde/C8169.MP4,0.2,0.1,3840,2160,2
04_Projekt-Lagerlogistik,04_Projekt-Lagerlogistik/03_Medien/01_Footage/Sortiert/B-Roll/Waren einlagern/FX3_1769.MP4,0.2,0.2,3840,2160,2
04_Projekt-Lagerlogistik,04_Projekt-Lagerlogistik/03_Medien/01_Footage/Sortiert/B-Roll/Waren einlagern/C8195.MP4,0.2,0.1,3840,2160,2
04_Projekt-Lagerlogistik,04_Projekt-Lagerlogistik/03_Medien/01_Footage/Sortiert/B-Roll/Waren einlagern/C8196.MP4,0.2,0.1,3840,2160,2
04_Projekt-Lagerlogistik,04_Projekt-Lagerlogistik/03_Medien/01_Footage/Sortiert/B-Roll/Waren einlagern/C8200.MP4,0.2,0.1,3840,2160,2
04_Projekt-Lagerlogistik,04_Projekt-Lagerlogistik/03_Medien/01_Footage/Sortiert/B-Roll/Jonathan Allgemeine Szenen/FX3_1780.MP4,0.2,0.2,3840,2160,2
04_Projekt-Lagerlogistik,04_Projekt-Lagerlogistik/03_Medien/01_Footage/Sortiert/B-Roll/Jonathan Allgemeine Szenen/FX3_1785.MP4,0.2,0.1,3840,2160,2
04_Projekt-Lagerlogistik,04_Projekt-Lagerlogistik/03_Medien/01_Footage/Sortiert/B-Roll/Jonathan Allgemeine Szenen/C8209.MP4,0.2,0.1,3840,2160,2
04_Projekt-Lagerlogistik,04_Projekt-Lagerlogistik/03_Medien/01_Footage/Sortiert/B-Roll/Jonathan Allgemeine Szenen/C8215.MP4,0.2,0.1,3840,2160,2
04_Projekt-Lagerlogistik,04_Projekt-Lagerlogistik/03_Medien/01_Footage/Sortiert/B-Roll/Jonathan am Schreibtisch/FX3_1794.MP4,0.2,0.2,3840,2160,2
04_Projekt-Lagerlogistik,04_Projekt-Lagerlogistik/03_Medien/01_Footage/Sortiert/B-Roll/Jonathan am Schreibtisch/FX3_1807.MP4,0.2,0.2,3840,2160,2
04_Projekt-Lagerlogistik,04_Projekt-Lagerlogistik/03_Medien/01_Footage/Sortiert/B-Roll/Jonathan am Schreibtisch/C8219.MP4,0.2,0.1,3840,2160,2
04_Projekt-Lagerlogistik,04_Projekt-Lagerlogistik/03_Medien/01_Footage/Sortiert/B-Roll/Jonathan am Schreibtisch/C8228.MP4,0.2,0.1,3840,2160,2
04_Projekt-Lagerlogistik,04_Projekt-Lagerlogistik/03_Medien/01_Footage/Sortiert/B-Roll/Jonathan und Nico chillen/C8255.MP4,0.2,0.1,3840,2160,2
04_Projekt-Lagerlogistik,04_Projekt-Lagerlogistik/03_Medien/01_Footage/Sortiert/B-Roll/Jonathan und Nico chillen/C8256.MP4,0.2,0.1,3840,2160,2
04_Projekt-Lagerlogistik,04_Projekt-Lagerlogistik/03_Medien/01_Footage/Sortiert/B-Roll/Schublade/C8175.MP4,0.2,0.1,3840,2160,2
04_Projekt-Lagerlogistik,04_Projekt-Lagerlogistik/03_Medien/01_Footage/Sortiert/Hooks/Freeze Szene/FX3_1812.MP4,0.2,0.2,3840,2160,2
04_Projekt-Lagerlogistik,04_Projekt-Lagerlogistik/03_Medien/01_Footage/Sortiert/Hooks/Freeze Szene/FX3_1813.MP4,0.2,0.2,3840,2160,2
04_Projekt-Lagerlogistik,04_Projekt-Lagerlogistik/03_Medien/01_Footage/Sortiert/Hooks/Freeze Szene/FX3_1818.MP4,0.2,0.1,3840,2160,2
04_Projekt-Lagerlogistik,04_Projekt-Lagerlogistik/03_Medien/01_Footage/Sortiert/B-Roll/Bestellung für Kunde/FX3_1745.MP4,0.13,0.1,3840,2160,2
04_Projekt-Lagerlogistik,04_Projekt-Lagerlogistik/03_Medien/01_Footage/Sortiert/B-Roll/Bestellung für Kunde/FX3_1748.MP4,0.13,0.1,3840,2160,2
04_Projekt-Lagerlogistik,04_Projekt-Lagerlogistik/03_Medien/01_Footage/Sortiert/B-Roll/Bestellung für Kunde/FX3_1751.MP4,0.13,0.1,3840,2160,2
04_Projekt-Lagerlogistik,04_Projekt-Lagerlogistik/03_Medien/01_Footage/Sortiert/B-Roll/Bestellung für Kunde/FX3_1752.MP4,0.13,0.1,3840,2160,2
04_Projekt-Lagerlogistik,04_Projekt-Lagerlogistik/03_Medien/01_Footage/Sortiert/B-Roll/Bestellung für Kunde/FX3_1758.MP4,0.13,0.1,3840,2160,2
04_Projekt-Lagerlogistik,04_Projekt-Lagerlogistik/03_Medien/01_Footage/Sortiert/B-Roll/Bestellung für Kunde/FX3_1759.MP4,0.13,0.1,3840,2160,2
04_Projekt-Lagerlogistik,04_Projekt-Lagerlogistik/03_Medien/01_Footage/Sortiert/B-Roll/Bestellung für Kunde/FX3_1761.MP4,0.13,0.1,3840,2160,2
04_Projekt-Lagerlogistik,04_Projekt-Lagerlogistik/03_Medien/01_Footage/Sortiert/B-Roll/Bestellung für Kunde/C8149.MP4,0.13,0.1,3840,2160,2
04_Projekt-Lagerlogistik,04_Projekt-Lagerlogistik/03_Medien/01_Footage/Sortiert/B-Roll/Bestellung für Kunde/C8150.MP4,0.13,0.1,3840,2160,2
04_Projekt-Lagerlogistik,04_Projekt-Lagerlogistik/03_Medien/01_Footage/Sortiert/B-Roll/Bestellung für Kunde/C8152.MP4,0.13,0.1,3840,2160,2
04_Projekt-Lagerlogistik,04_Projekt-Lagerlogistik/03_Medien/01_Footage/Sortiert/B-Roll/Bestellung für Kunde/C8160.MP4,0.13,0.1,3840,2160,2
04_Projekt-Lagerlogistik,04_Projekt-Lagerlogistik/03_Medien/01_Footage/Sortiert/B-Roll/Bestellung für Kunde/C8164.MP4,0.13,0.0,3840,2160,2
04_Projekt-Lagerlogistik,04_Projekt-Lagerlogistik/03_Medien/01_Footage/Sortiert/B-Roll/Bestellung für Kunde/C8168.MP4,0.13,0.1,3840,2160,2
04_Projekt-Lagerlogistik,04_Projekt-Lagerlogistik/03_Medien/01_Footage/Sortiert/B-Roll/Bestellung für Kunde/C8170.MP4,0.13,0.1,3840,2160,2
04_Projekt-Lagerlogistik,04_Projekt-Lagerlogistik/03_Medien/01_Footage/Sortiert/B-Roll/Bestellung für Kunde/C8171.MP4,0.13,0.1,3840,2160,2
04_Projekt-Lagerlogistik,04_Projekt-Lagerlogistik/03_Medien/01_Footage/Sortiert/B-Roll/Ameise/C8176.MP4,0.13,0.1,3840,2160,2
04_Projekt-Lagerlogistik,04_Projekt-Lagerlogistik/03_Medien/01_Footage/Sortiert/B-Roll/Ameise/C8177.MP4,0.13,0.1,3840,2160,2
04_Projekt-Lagerlogistik,04_Projekt-Lagerlogistik/03_Medien/01_Footage/Sortiert/B-Roll/Ameise/C8179.MP4,0.13,0.0,3840,2160,2
04_Projekt-Lagerlogistik,04_Projekt-Lagerlogistik/03_Medien/01_Footage/Sortiert/B-Roll/Ameise/C8180.MP4,0.13,0.1,3840,2160,2
04_Projekt-Lagerlogistik,04_Projekt-Lagerlogistik/03_Medien/01_Footage/Sortiert/B-Roll/Ameise/C8182.MP4,0.13,0.1,3840,2160,2
04_Projekt-Lagerlogistik,04_Projekt-Lagerlogistik/03_Medien/01_Footage/Sortiert/B-Roll/Ameise/C8183.MP4,0.13,0.0,3840,2160,2
04_Projekt-Lagerlogistik,04_Projekt-Lagerlogistik/03_Medien/01_Footage/Sortiert/B-Roll/Ameise/C8184.MP4,0.13,0.1,3840,2160,2
04_Projekt-Lagerlogistik,04_Projekt-Lagerlogistik/03_Medien/01_Footage/Sortiert/B-Roll/Ameise/C8186.MP4,0.13,0.1,3840,2160,2
04_Projekt-Lagerlogistik,04_Projekt-Lagerlogistik/03_Medien/01_Footage/Sortiert/B-Roll/Ameise/C8187.MP4,0.13,0.1,3840,2160,2
04_Projekt-Lagerlogistik,04_Projekt-Lagerlogistik/03_Medien/01_Footage/Sortiert/B-Roll/Waren einlagern/FX3_1773.MP4,0.13,0.1,3840,2160,2
04_Projekt-Lagerlogistik,04_Projekt-Lagerlogistik/03_Medien/01_Footage/Sortiert/B-Roll/Waren einlagern/C8193.MP4,0.13,0.1,3840,2160,2
04_Projekt-Lagerlogistik,04_Projekt-Lagerlogistik/03_Medien/01_Footage/Sortiert/B-Roll/Waren einlagern/C8194.MP4,0.13,0.0,3840,2160,2
04_Projekt-Lagerlogistik,04_Projekt-Lagerlogistik/03_Medien/01_Footage/Sortiert/B-Roll/Waren einlagern/C8204.MP4,0.13,0.1,3840,2160,2
04_Projekt-Lagerlogistik,04_Projekt-Lagerlogistik/03_Medien/01_Footage/Sortiert/B-Roll/Jonathan Allgemeine Szenen/FX3_1781.MP4,0.13,0.1,3840,2160,2
04_Projekt-Lagerlogistik,04_Projekt-Lagerlogistik/03_Medien/01_Footage/Sortiert/B-Roll/Jonathan Allgemeine Szenen/C8210.MP4,0.13,0.1,3840,2160,2
04_Projekt-Lagerlogistik,04_Projekt-Lagerlogistik/03_Medien/01_Footage/Sortiert/B-Roll/Jonathan Allgemeine Szenen/C8214.MP4,0.13,0.1,3840,2160,2
04_Projekt-Lagerlogistik,04_Projekt-Lagerlogistik/03_Medien/01_Footage/Sortiert/B-Roll/Jonathan Allgemeine Szenen/C8216.MP4,0.13,0.1,3840,2160,2
04_Projekt-Lagerlogistik,04_Projekt-Lagerlogistik/03_Medien/01_Footage/Sortiert/B-Roll/Jonathan am Schreibtisch/FX3_1796.MP4,0.13,0.1,3840,2160,2
04_Projekt-Lagerlogistik,04_Projekt-Lagerlogistik/03_Medien/01_Footage/Sortiert/B-Roll/Jonathan am Schreibtisch/C8220.MP4,0.13,0.1,3840,2160,2
04_Projekt-Lagerlogistik,04_Projekt-Lagerlogistik/03_Medien/01_Footage/Sortiert/B-Roll/Jonathan am Schreibtisch/C8229.MP4,0.13,0.1,3840,2160,2
04_Projekt-Lagerlogistik,04_Projekt-Lagerlogistik/03_Medien/01_Footage/Sortiert/B-Roll/Jonathan am Schreibtisch/C8230.MP4,0.13,0.1,3840,2160,2
04_Projekt-Lagerlogistik,04_Projekt-Lagerlogistik/03_Medien/01_Footage/Sortiert/B-Roll/Jonathan am Schreibtisch/C8235.MP4,0.13,0.0,3840,2160,2
04_Projekt-Lagerlogistik,04_Projekt-Lagerlogistik/03_Medien/01_Footage/Sortiert/B-Roll/Jonathan am Schreibtisch/C8236.MP4,0.13,0.0,3840,2160,2
04_Projekt-Lagerlogistik,04_Projekt-Lagerlogistik/03_Medien/01_Footage/Sortiert/B-Roll/Jonathan und Nico chillen/C8253.MP4,0.13,0.0,3840,2160,2
04_Projekt-Lagerlogistik,04_Projekt-Lagerlogistik/03_Medien/01_Footage/Sortiert/B-Roll/Schublade/FX3_1824.MP4,0.13,0.1,3840,2160,2
04_Projekt-Lagerlogistik,04_Projekt-Lagerlogistik/03_Medien/01_Footage/Sortiert/B-Roll/Schublade/C8174.MP4,0.13,0.1,3840,2160,2
04_Projekt-Lagerlogistik,04_Projekt-Lagerlogistik/03_Medien/01_Footage/Sortiert/Hooks/Freeze Szene/FX3_1819.MP4,0.13,0.1,3840,2160,2
04_Projekt-Lagerlogistik,04_Projekt-Lagerlogistik/03_Medien/01_Footage/Sortiert/Hooks/Freeze Szene/Proxy/C8241.mov,0.12,1.6,1080,1920,2
04_Projekt-Lagerlogistik,04_Projekt-Lagerlogistik/03_Medien/01_Footage/DJI Action/Proxy/DJI_20260428104921_0005_D.mov,0.1,2.2,1080,1920,1
04_Projekt-Lagerlogistik,04_Projekt-Lagerlogistik/04_Exportiert/5.3 Die Emotion der Wichtigkeit/5.3_V1.mov,0.08,1.1,2160,3840,2
04_Projekt-Lagerlogistik,04_Projekt-Lagerlogistik/06_Fotos & BTS/Videos/IMG_4796.MOV,0.07,0.4,3840,2160,6
04_Projekt-Lagerlogistik,04_Projekt-Lagerlogistik/04_Exportiert/5.1 Azubi_Struktur bewegt alles/5.1_V1.mov,0.07,0.9,2160,3840,2
04_Projekt-Lagerlogistik,04_Projekt-Lagerlogistik/04_Exportiert/5.2 Fachkraft Die Emotion der Ordnung/5.2_V1.mov,0.07,0.9,2160,3840,2
04_Projekt-Lagerlogistik,04_Projekt-Lagerlogistik/04_Exportiert/5.3 Die Emotion der Wichtigkeit/5.3_V2.mov,0.07,1.1,2160,3840,2
04_Projekt-Lagerlogistik,04_Projekt-Lagerlogistik/04_Exportiert/5.3 Die Emotion der Wichtigkeit/5.3_V3.mov,0.07,1.1,2160,3840,2
04_Projekt-Lagerlogistik,04_Projekt-Lagerlogistik/04_Exportiert/5.3 Die Emotion der Wichtigkeit/5.3_V5.mp4,0.07,1.2,2160,3840,2
04_Projekt-Lagerlogistik,04_Projekt-Lagerlogistik/03_Medien/01_Footage/Sortiert/B-Roll/Bestellung für Kunde/C8147.MP4,0.07,0.0,3840,2160,2
04_Projekt-Lagerlogistik,04_Projekt-Lagerlogistik/03_Medien/01_Footage/Sortiert/B-Roll/Bestellung für Kunde/C8148.MP4,0.07,0.1,3840,2160,2
04_Projekt-Lagerlogistik,04_Projekt-Lagerlogistik/03_Medien/01_Footage/Sortiert/B-Roll/Bestellung für Kunde/C8151.MP4,0.07,0.0,3840,2160,2
04_Projekt-Lagerlogistik,04_Projekt-Lagerlogistik/03_Medien/01_Footage/Sortiert/B-Roll/Bestellung für Kunde/C8153.MP4,0.07,0.0,3840,2160,2
04_Projekt-Lagerlogistik,04_Projekt-Lagerlogistik/03_Medien/01_Footage/Sortiert/B-Roll/Bestellung für Kunde/C8154.MP4,0.07,0.0,3840,2160,2
04_Projekt-Lagerlogistik,04_Projekt-Lagerlogistik/03_Medien/01_Footage/Sortiert/B-Roll/Bestellung für Kunde/C8158.MP4,0.07,0.0,3840,2160,2
04_Projekt-Lagerlogistik,04_Projekt-Lagerlogistik/03_Medien/01_Footage/Sortiert/B-Roll/Bestellung für Kunde/C8172.MP4,0.07,0.0,3840,2160,2
04_Projekt-Lagerlogistik,04_Projekt-Lagerlogistik/03_Medien/01_Footage/Sortiert/B-Roll/Handschuhe anziehen/C8157.MP4,0.07,0.0,3840,2160,2
04_Projekt-Lagerlogistik,04_Projekt-Lagerlogistik/03_Medien/01_Footage/Sortiert/B-Roll/Handschuhe anziehen/C8156.MP4,0.07,0.0,3840,2160,2
04_Projekt-Lagerlogistik,04_Projekt-Lagerlogistik/03_Medien/01_Footage/Sortiert/B-Roll/Ameise/C8181.MP4,0.07,0.0,3840,2160,2
04_Projekt-Lagerlogistik,04_Projekt-Lagerlogistik/03_Medien/01_Footage/Sortiert/B-Roll/Ameise/C8185.MP4,0.07,0.0,3840,2160,2
04_Projekt-Lagerlogistik,04_Projekt-Lagerlogistik/03_Medien/01_Footage/Sortiert/B-Roll/Ameise/C8190.MP4,0.07,0.0,3840,2160,2
04_Projekt-Lagerlogistik,04_Projekt-Lagerlogistik/03_Medien/01_Footage/Sortiert/B-Roll/Ameise/C8191.MP4,0.07,0.0,3840,2160,2
04_Projekt-Lagerlogistik,04_Projekt-Lagerlogistik/03_Medien/01_Footage/Sortiert/B-Roll/Waren einlagern/FX3_1770.MP4,0.07,0.0,3840,2160,2
04_Projekt-Lagerlogistik,04_Projekt-Lagerlogistik/03_Medien/01_Footage/Sortiert/B-Roll/Waren einlagern/FX3_1775.MP4,0.07,0.1,3840,2160,2
04_Projekt-Lagerlogistik,04_Projekt-Lagerlogistik/03_Medien/01_Footage/Sortiert/B-Roll/Waren einlagern/C8192.MP4,0.07,0.0,3840,2160,2
04_Projekt-Lagerlogistik,04_Projekt-Lagerlogistik/03_Medien/01_Footage/Sortiert/B-Roll/Waren einlagern/C8199.MP4,0.07,0.0,3840,2160,2
04_Projekt-Lagerlogistik,04_Projekt-Lagerlogistik/03_Medien/01_Footage/Sortiert/B-Roll/Waren einlagern/C8201.MP4,0.07,0.0,3840,2160,2
04_Projekt-Lagerlogistik,04_Projekt-Lagerlogistik/03_Medien/01_Footage/Sortiert/B-Roll/Waren einlagern/C8203.MP4,0.07,0.0,3840,2160,2
04_Projekt-Lagerlogistik,04_Projekt-Lagerlogistik/03_Medien/01_Footage/Sortiert/B-Roll/Waren einlagern/C8205.MP4,0.07,0.0,3840,2160,2
04_Projekt-Lagerlogistik,04_Projekt-Lagerlogistik/03_Medien/01_Footage/Sortiert/B-Roll/Waren einlagern/C8206.MP4,0.07,0.0,3840,2160,2
04_Projekt-Lagerlogistik,04_Projekt-Lagerlogistik/03_Medien/01_Footage/Sortiert/B-Roll/Jonathan Allgemeine Szenen/C8211.MP4,0.07,0.0,3840,2160,2
04_Projekt-Lagerlogistik,04_Projekt-Lagerlogistik/03_Medien/01_Footage/Sortiert/B-Roll/Jonathan Allgemeine Szenen/C8212.MP4,0.07,0.0,3840,2160,2
04_Projekt-Lagerlogistik,04_Projekt-Lagerlogistik/03_Medien/01_Footage/Sortiert/B-Roll/Jonathan Allgemeine Szenen/C8218.MP4,0.07,0.0,3840,2160,2
04_Projekt-Lagerlogistik,04_Projekt-Lagerlogistik/03_Medien/01_Footage/Sortiert/B-Roll/Jonathan am Schreibtisch/C8221.MP4,0.07,0.0,3840,2160,2
04_Projekt-Lagerlogistik,04_Projekt-Lagerlogistik/03_Medien/01_Footage/Sortiert/B-Roll/Jonathan am Schreibtisch/C8222.MP4,0.07,0.0,3840,2160,2
04_Projekt-Lagerlogistik,04_Projekt-Lagerlogistik/03_Medien/01_Footage/Sortiert/B-Roll/Jonathan am Schreibtisch/C8223.MP4,0.07,0.0,3840,2160,2
04_Projekt-Lagerlogistik,04_Projekt-Lagerlogistik/03_Medien/01_Footage/Sortiert/B-Roll/Jonathan am Schreibtisch/C8224.MP4,0.07,0.0,3840,2160,2
04_Projekt-Lagerlogistik,04_Projekt-Lagerlogistik/03_Medien/01_Footage/Sortiert/B-Roll/Jonathan am Schreibtisch/C8225.MP4,0.07,0.0,3840,2160,2
04_Projekt-Lagerlogistik,04_Projekt-Lagerlogistik/03_Medien/01_Footage/Sortiert/B-Roll/Jonathan am Schreibtisch/C8231.MP4,0.07,0.0,3840,2160,2
04_Projekt-Lagerlogistik,04_Projekt-Lagerlogistik/03_Medien/01_Footage/Sortiert/B-Roll/Jonathan am Schreibtisch/C8233.MP4,0.07,0.0,3840,2160,2
04_Projekt-Lagerlogistik,04_Projekt-Lagerlogistik/03_Medien/01_Footage/Sortiert/B-Roll/Jonathan am Schreibtisch/C8234.MP4,0.07,0.0,3840,2160,2
04_Projekt-Lagerlogistik,04_Projekt-Lagerlogistik/03_Medien/01_Footage/Sortiert/Hooks/Freeze Szene/Proxy/C8251.mov,0.07,1.0,1080,1920,2
04_Projekt-Lagerlogistik,04_Projekt-Lagerlogistik/04_Exportiert/5.1 Azubi_Struktur bewegt alles/5.1_V2.mov,0.06,0.9,2160,3840,2
04_Projekt-Lagerlogistik,04_Projekt-Lagerlogistik/04_Exportiert/5.1 Azubi_Struktur bewegt alles/5.1_V3.mp4,0.06,1.1,2160,3840,2
04_Projekt-Lagerlogistik,04_Projekt-Lagerlogistik/04_Exportiert/5.1 Azubi_Struktur bewegt alles/5.1_V3_UT_V1.mp4,0.06,1.1,1080,1920,2
04_Projekt-Lagerlogistik,04_Projekt-Lagerlogistik/04_Exportiert/5.1 Azubi_Struktur bewegt alles/5.1_V3_UT_V2.mp4,0.06,1.1,1080,1920,2
04_Projekt-Lagerlogistik,04_Projekt-Lagerlogistik/04_Exportiert/5.2 Fachkraft Die Emotion der Ordnung/5.2_V2.mov,0.06,0.9,2160,3840,2
04_Projekt-Lagerlogistik,04_Projekt-Lagerlogistik/04_Exportiert/5.2 Fachkraft Die Emotion der Ordnung/5.2_V3.mp4,0.06,1.0,2160,3840,2
04_Projekt-Lagerlogistik,04_Projekt-Lagerlogistik/04_Exportiert/5.2 Fachkraft Die Emotion der Ordnung/5.2_V3_UT_V1.mp4,0.06,1.0,1080,1920,2
04_Projekt-Lagerlogistik,04_Projekt-Lagerlogistik/04_Exportiert/5.2 Fachkraft Die Emotion der Ordnung/5.2_V3_UT_V2.mp4,0.06,1.0,1080,1920,2
04_Projekt-Lagerlogistik,04_Projekt-Lagerlogistik/04_Exportiert/5.3 Die Emotion der Wichtigkeit/5.3_V3 - ohne werfen.mov,0.06,0.9,2160,3840,2
04_Projekt-Lagerlogistik,04_Projekt-Lagerlogistik/04_Exportiert/5.3 Die Emotion der Wichtigkeit/5.3_V4 - ohne werfen.mov,0.06,0.9,2160,3840,2
04_Projekt-Lagerlogistik,04_Projekt-Lagerlogistik/04_Exportiert/5.3 Die Emotion der Wichtigkeit/5.3_V4.mov,0.06,1.0,2160,3840,2
04_Projekt-Lagerlogistik,04_Projekt-Lagerlogistik/04_Exportiert/5.3 Die Emotion der Wichtigkeit/5.3_V5 - ohne werfen.mp4,0.06,1.0,2160,3840,2
04_Projekt-Lagerlogistik,04_Projekt-Lagerlogistik/04_Exportiert/5.3 Die Emotion der Wichtigkeit/5.3_V5 - ohne werfen_UT_V1.mp4,0.06,1.0,1080,1920,2
04_Projekt-Lagerlogistik,04_Projekt-Lagerlogistik/04_Exportiert/5.3 Die Emotion der Wichtigkeit/5.3_V5 - ohne werfen_UT_V2.mp4,0.06,1.0,1080,1920,2
04_Projekt-Lagerlogistik,04_Projekt-Lagerlogistik/03_Medien/01_Footage/Sortiert/B-Roll/Waren einlagern/Proxy/C8202.mov,0.06,0.8,1080,1920,2
04_Projekt-Lagerlogistik,04_Projekt-Lagerlogistik/03_Medien/01_Footage/Sortiert/Interviews/Proxy/C8237.mov,0.06,1.3,1080,1920,2
04_Projekt-Lagerlogistik,04_Projekt-Lagerlogistik/03_Medien/02_Assets/06_AI Generiert/hf_20260519_130849_60ec4ef6-8bfe-4bb5-b266-c640bc5c7c43.mp4,0.05,0.2,1536,2752,0
04_Projekt-Lagerlogistik,04_Projekt-Lagerlogistik/03_Medien/01_Footage/Sortiert/B-Roll/Paket vor Kamera/Proxy/FX3_1826.mov,0.05,1.1,1080,1920,2
04_Projekt-Lagerlogistik,04_Projekt-Lagerlogistik/03_Medien/01_Footage/Sortiert/B-Roll/Jonathan und Nico chillen/Proxy/FX3_1822.mov,0.05,0.7,1080,1920,2
04_Projekt-Lagerlogistik,04_Projekt-Lagerlogistik/06_Fotos & BTS/Videos/IMG_4795.MOV,0.04,0.2,3840,2160,6
04_Projekt-Lagerlogistik,04_Projekt-Lagerlogistik/03_Medien/01_Footage/Sortiert/B-Roll/Jonathan und Nico chillen/Proxy/FX3_1823.mov,0.04,0.5,1080,1920,2
04_Projekt-Lagerlogistik,04_Projekt-Lagerlogistik/03_Medien/01_Footage/Sortiert/B-Roll/Kunde holt Paket/Proxy/FX3_1798.mov,0.04,0.8,1080,1920,2
04_Projekt-Lagerlogistik,04_Projekt-Lagerlogistik/03_Medien/01_Footage/Sortiert/B-Roll/Kunde holt Paket/Proxy/FX3_1800.mov,0.04,0.8,1080,1920,2
04_Projekt-Lagerlogistik,04_Projekt-Lagerlogistik/03_Medien/01_Footage/Sortiert/B-Roll/Nico und Jonathan verpacken/Proxy/FX3_1786.mov,0.04,0.8,1080,1920,2
04_Projekt-Lagerlogistik,04_Projekt-Lagerlogistik/03_Medien/01_Footage/Sortiert/B-Roll/Nico und Jonathan verpacken/Proxy/FX3_1791.mov,0.04,0.8,1080,1920,2
04_Projekt-Lagerlogistik,04_Projekt-Lagerlogistik/03_Medien/01_Footage/Sortiert/B-Roll/Nico und Jonathan verpacken/Proxy/FX3_1792.mov,0.04,0.9,1080,1920,2
04_Projekt-Lagerlogistik,04_Projekt-Lagerlogistik/03_Medien/01_Footage/Sortiert/B-Roll/Nico und Jonathan verpacken/Proxy/FX3_1793.mov,0.04,0.9,1080,1920,2
04_Projekt-Lagerlogistik,04_Projekt-Lagerlogistik/03_Medien/01_Footage/Sortiert/B-Roll/Waren einlagern/Proxy/FX3_1776.mov,0.04,0.8,1080,1920,2
04_Projekt-Lagerlogistik,04_Projekt-Lagerlogistik/03_Medien/01_Footage/Sortiert/Hooks/Freeze Szene/Proxy/C8242.mov,0.04,0.6,1080,1920,2
04_Projekt-Lagerlogistik,04_Projekt-Lagerlogistik/03_Medien/01_Footage/Sortiert/Hooks/Freeze Szene/Proxy/FX3_1816.mov,0.04,0.6,1080,1920,2
04_Projekt-Lagerlogistik,04_Projekt-Lagerlogistik/06_Fotos & BTS/Videos/copy_A873A021-79BD-4F8D-9A2E-A7BFB5716199.MOV,0.03,0.3,1080,1920,2
04_Projekt-Lagerlogistik,04_Projekt-Lagerlogistik/06_Fotos & BTS/Videos/IMG_4794.MOV,0.03,0.2,3840,2160,6
04_Projekt-Lagerlogistik,04_Projekt-Lagerlogistik/06_Fotos & BTS/Videos/MAN Best Shots/MAN_Best-Shots02036624.mov,0.03,0.1,2160,3840,0
04_Projekt-Lagerlogistik,04_Projekt-Lagerlogistik/03_Medien/01_Footage/Sortiert/B-Roll/Kunde holt Paket/Proxy/FX3_1799.mov,0.03,0.7,1080,1920,2
04_Projekt-Lagerlogistik,04_Projekt-Lagerlogistik/03_Medien/01_Footage/Sortiert/B-Roll/Jonathan Allgemeine Szenen/Proxy/C8217.mov,0.03,0.5,1080,1920,2
04_Projekt-Lagerlogistik,04_Projekt-Lagerlogistik/03_Medien/01_Footage/Sortiert/B-Roll/Waren einlagern/Proxy/FX3_1777.mov,0.03,0.6,1080,1920,2
04_Projekt-Lagerlogistik,04_Projekt-Lagerlogistik/06_Fotos & BTS/Videos/IMG_2065.mov,0.02,0.1,3840,2160,1
04_Projekt-Lagerlogistik,04_Projekt-Lagerlogistik/06_Fotos & BTS/Videos/IMG_4797.MOV,0.02,0.1,3840,2160,6
04_Projekt-Lagerlogistik,04_Projekt-Lagerlogistik/06_Fotos & BTS/Videos/MAN Best Shots/MAN_Best-Shots01934749.mov,0.02,0.1,2160,3840,0
04_Projekt-Lagerlogistik,04_Projekt-Lagerlogistik/06_Fotos & BTS/Videos/MAN Best Shots/MAN_Best-Shots01988690.mov,0.02,0.1,2160,3840,0
04_Projekt-Lagerlogistik,04_Projekt-Lagerlogistik/06_Fotos & BTS/Videos/MAN Best Shots/MAN_Best-Shots02033936.mov,0.02,0.0,2160,3840,0
04_Projekt-Lagerlogistik,04_Projekt-Lagerlogistik/06_Fotos & BTS/Videos/MAN Best Shots/FX3_1808_02128645.mov,0.02,0.1,2160,3840,0
04_Projekt-Lagerlogistik,04_Projekt-Lagerlogistik/06_Fotos & BTS/Videos/MAN Best Shots/C8238_01042988.mov,0.02,0.1,2160,3840,0
04_Projekt-Lagerlogistik,04_Projekt-Lagerlogistik/03_Medien/01_Footage/Sortiert/B-Roll/Jonathan und Nico chillen/Proxy/C8254.mov,0.02,0.3,1080,1920,2
04_Projekt-Lagerlogistik,04_Projekt-Lagerlogistik/03_Medien/01_Footage/Sortiert/B-Roll/Kunde holt Paket/Proxy/FX3_1797.mov,0.02,0.5,1080,1920,2
04_Projekt-Lagerlogistik,04_Projekt-Lagerlogistik/03_Medien/01_Footage/Sortiert/B-Roll/Jonathan am Schreibtisch/Proxy/C8232.mov,0.02,0.3,1080,1920,2
04_Projekt-Lagerlogistik,04_Projekt-Lagerlogistik/03_Medien/01_Footage/Sortiert/B-Roll/Jonathan am Schreibtisch/Proxy/FX3_1806.mov,0.02,0.4,1080,1920,2
04_Projekt-Lagerlogistik,04_Projekt-Lagerlogistik/03_Medien/01_Footage/Sortiert/B-Roll/Nico und Jonathan verpacken/Proxy/FX3_1789.mov,0.02,0.5,1080,1920,2
04_Projekt-Lagerlogistik,04_Projekt-Lagerlogistik/03_Medien/01_Footage/Sortiert/B-Roll/Jonathan Allgemeine Szenen/Proxy/C8213.mov,0.02,0.4,1080,1920,2
04_Projekt-Lagerlogistik,04_Projekt-Lagerlogistik/03_Medien/01_Footage/Sortiert/B-Roll/Jonathan Allgemeine Szenen/Proxy/FX3_1779.mov,0.02,0.4,1080,1920,2
04_Projekt-Lagerlogistik,04_Projekt-Lagerlogistik/03_Medien/01_Footage/Sortiert/B-Roll/Jonathan Allgemeine Szenen/Proxy/FX3_1782.mov,0.02,0.4,1080,1920,2
04_Projekt-Lagerlogistik,04_Projekt-Lagerlogistik/03_Medien/01_Footage/Sortiert/B-Roll/Waren einlagern/Proxy/C8208.mov,0.02,0.2,1080,1920,2
04_Projekt-Lagerlogistik,04_Projekt-Lagerlogistik/03_Medien/01_Footage/Sortiert/B-Roll/Waren einlagern/Proxy/FX3_1771.mov,0.02,0.4,1080,1920,2
04_Projekt-Lagerlogistik,04_Projekt-Lagerlogistik/03_Medien/01_Footage/Sortiert/B-Roll/Waren einlagern/Proxy/FX3_1778.mov,0.02,0.4,1080,1920,2
04_Projekt-Lagerlogistik,04_Projekt-Lagerlogistik/03_Medien/01_Footage/Sortiert/B-Roll/Ameise/Proxy/FX3_1765.mov,0.02,0.4,1080,1920,2
04_Projekt-Lagerlogistik,04_Projekt-Lagerlogistik/03_Medien/01_Footage/Sortiert/B-Roll/Bestellung für Kunde/Proxy/C8173.mov,0.02,0.3,1080,1920,2
04_Projekt-Lagerlogistik,04_Projekt-Lagerlogistik/03_Medien/01_Footage/Sortiert/B-Roll/Bestellung für Kunde/Proxy/FX3_1744.mov,0.02,0.4,1080,1920,2
04_Projekt-Lagerlogistik,04_Projekt-Lagerlogistik/03_Medien/01_Footage/Sortiert/B-Roll/Bestellung für Kunde/Proxy/FX3_1746.mov,0.02,0.4,1080,1920,2
04_Projekt-Lagerlogistik,04_Projekt-Lagerlogistik/03_Medien/01_Footage/Sortiert/Hooks/Freeze Szene/Proxy/C8245.mov,0.02,0.2,1080,1920,2
04_Projekt-Lagerlogistik,04_Projekt-Lagerlogistik/03_Medien/01_Footage/Sortiert/Hooks/Freeze Szene/Proxy/C8243.mov,0.02,0.3,1080,1920,2
04_Projekt-Lagerlogistik,04_Projekt-Lagerlogistik/03_Medien/01_Footage/Sortiert/Hooks/Freeze Szene/Proxy/C8250.mov,0.02,0.2,1080,1920,2
04_Projekt-Lagerlogistik,04_Projekt-Lagerlogistik/03_Medien/01_Footage/Sortiert/Hooks/Freeze Szene/Proxy/FX3_1814.mov,0.02,0.3,1080,1920,2
04_Projekt-Lagerlogistik,04_Projekt-Lagerlogistik/03_Medien/01_Footage/Sortiert/Hooks/Freeze Szene/Proxy/FX3_1815.mov,0.02,0.4,1080,1920,2
04_Projekt-Lagerlogistik,04_Projekt-Lagerlogistik/06_Fotos & BTS/Videos/IMG_2063.mov,0.01,0.1,3840,2160,1
04_Projekt-Lagerlogistik,04_Projekt-Lagerlogistik/06_Fotos & BTS/Videos/IMG_2064.mov,0.01,0.1,3840,2160,1
04_Projekt-Lagerlogistik,04_Projekt-Lagerlogistik/06_Fotos & BTS/Videos/MAN Best Shots/MAN_Best-Shots01897750.mov,0.01,0.0,2160,3840,0
04_Projekt-Lagerlogistik,04_Projekt-Lagerlogistik/06_Fotos & BTS/Videos/MAN Best Shots/MAN_Best-Shots00199104.mov,0.01,0.1,2160,3840,0
04_Projekt-Lagerlogistik,04_Projekt-Lagerlogistik/06_Fotos & BTS/Videos/MAN Best Shots/MAN_Best-Shots01896565.mov,0.01,0.0,2160,3840,0
04_Projekt-Lagerlogistik,04_Projekt-Lagerlogistik/06_Fotos & BTS/Videos/MAN Best Shots/MAN_Best-Shots01907037.mov,0.01,0.0,2160,3840,0
04_Projekt-Lagerlogistik,04_Projekt-Lagerlogistik/06_Fotos & BTS/Videos/MAN Best Shots/MAN_Best-Shots01909239.mov,0.01,0.0,2160,3840,0
04_Projekt-Lagerlogistik,04_Projekt-Lagerlogistik/06_Fotos & BTS/Videos/MAN Best Shots/MAN_Best-Shots01909913.mov,0.01,0.0,2160,3840,0
04_Projekt-Lagerlogistik,04_Projekt-Lagerlogistik/06_Fotos & BTS/Videos/MAN Best Shots/MAN_Best-Shots01911910.mov,0.01,0.1,2160,3840,0
04_Projekt-Lagerlogistik,04_Projekt-Lagerlogistik/06_Fotos & BTS/Videos/MAN Best Shots/MAN_Best-Shots02004942.mov,0.01,0.1,2160,3840,0
04_Projekt-Lagerlogistik,04_Projekt-Lagerlogistik/06_Fotos & BTS/Videos/MAN Best Shots/MAN_Best-Shots02005997.mov,0.01,0.0,2160,3840,0
04_Projekt-Lagerlogistik,04_Projekt-Lagerlogistik/06_Fotos & BTS/Videos/MAN Best Shots/MAN_Best-Shots02030326.mov,0.01,0.0,2160,3840,0
04_Projekt-Lagerlogistik,04_Projekt-Lagerlogistik/06_Fotos & BTS/Videos/MAN Best Shots/MAN_Best-Shots02034798.mov,0.01,0.0,2160,3840,0
04_Projekt-Lagerlogistik,04_Projekt-Lagerlogistik/06_Fotos & BTS/Videos/MAN Best Shots/MAN_Best-Shots02061955.mov,0.01,0.1,2160,3840,0
04_Projekt-Lagerlogistik,04_Projekt-Lagerlogistik/06_Fotos & BTS/Videos/MAN Best Shots/MAN_Best-Shots02062111.mov,0.01,0.0,2160,3840,0
04_Projekt-Lagerlogistik,04_Projekt-Lagerlogistik/06_Fotos & BTS/Videos/MAN Best Shots/MAN_Best-Shots02069265.mov,0.01,0.1,2160,3840,0
04_Projekt-Lagerlogistik,04_Projekt-Lagerlogistik/06_Fotos & BTS/Videos/MAN Best Shots/MAN_Best-Shots02074001.mov,0.01,0.1,2160,3840,0
04_Projekt-Lagerlogistik,04_Projekt-Lagerlogistik/03_Medien/02_Assets/06_AI Generiert/hf_20260513_140956_9c68b2cd-6195-47bf-be19-8938005b0159.mp4,0.01,0.1,1080,1920,2
04_Projekt-Lagerlogistik,04_Projekt-Lagerlogistik/03_Medien/02_Assets/06_AI Generiert/hf_20260615_064445_d4bdbc07-c2cc-415c-9eb2-89689bee5e68.mp4,0.01,0.1,720,1280,2
04_Projekt-Lagerlogistik,04_Projekt-Lagerlogistik/03_Medien/01_Footage/Sortiert/B-Roll/Schublade/Proxy/C8175.mov,0.01,0.1,1080,1920,2
04_Projekt-Lagerlogistik,04_Projekt-Lagerlogistik/03_Medien/01_Footage/Sortiert/B-Roll/Schublade/Proxy/FX3_1825.mov,0.01,0.2,1080,1920,2
04_Projekt-Lagerlogistik,04_Projekt-Lagerlogistik/03_Medien/01_Footage/Sortiert/B-Roll/Jonathan und Nico chillen/Proxy/C8258.mov,0.01,0.1,1080,1920,2
04_Projekt-Lagerlogistik,04_Projekt-Lagerlogistik/03_Medien/01_Footage/Sortiert/B-Roll/Jonathan und Nico chillen/Proxy/C8255.mov,0.01,0.1,1080,1920,2
04_Projekt-Lagerlogistik,04_Projekt-Lagerlogistik/03_Medien/01_Footage/Sortiert/B-Roll/Jonathan und Nico chillen/Proxy/C8256.mov,0.01,0.1,1080,1920,2
04_Projekt-Lagerlogistik,04_Projekt-Lagerlogistik/03_Medien/01_Footage/Sortiert/B-Roll/Jonathan und Nico chillen/Proxy/C8257.mov,0.01,0.2,1080,1920,2
04_Projekt-Lagerlogistik,04_Projekt-Lagerlogistik/03_Medien/01_Footage/Sortiert/B-Roll/Kunde holt Paket/Proxy/FX3_1801.mov,0.01,0.2,1080,1920,2
04_Projekt-Lagerlogistik,04_Projekt-Lagerlogistik/03_Medien/01_Footage/Sortiert/B-Roll/Jonathan am Schreibtisch/Proxy/C8226.mov,0.01,0.1,1080,1920,2
04_Projekt-Lagerlogistik,04_Projekt-Lagerlogistik/03_Medien/01_Footage/Sortiert/B-Roll/Jonathan am Schreibtisch/Proxy/C8227.mov,0.01,0.2,1080,1920,2
04_Projekt-Lagerlogistik,04_Projekt-Lagerlogistik/03_Medien/01_Footage/Sortiert/B-Roll/Jonathan am Schreibtisch/Proxy/C8228.mov,0.01,0.1,1080,1920,2
04_Projekt-Lagerlogistik,04_Projekt-Lagerlogistik/03_Medien/01_Footage/Sortiert/B-Roll/Jonathan am Schreibtisch/Proxy/FX3_1795.mov,0.01,0.3,1080,1920,2
04_Projekt-Lagerlogistik,04_Projekt-Lagerlogistik/03_Medien/01_Footage/Sortiert/B-Roll/Jonathan am Schreibtisch/Proxy/FX3_1802.mov,0.01,0.4,1080,1920,2
04_Projekt-Lagerlogistik,04_Projekt-Lagerlogistik/03_Medien/01_Footage/Sortiert/B-Roll/Jonathan am Schreibtisch/Proxy/FX3_1794.mov,0.01,0.2,1080,1920,2
04_Projekt-Lagerlogistik,04_Projekt-Lagerlogistik/03_Medien/01_Footage/Sortiert/B-Roll/Jonathan am Schreibtisch/Proxy/FX3_1803.mov,0.01,0.3,1080,1920,2
04_Projekt-Lagerlogistik,04_Projekt-Lagerlogistik/03_Medien/01_Footage/Sortiert/B-Roll/Jonathan am Schreibtisch/Proxy/FX3_1804.mov,0.01,0.2,1080,1920,2
04_Projekt-Lagerlogistik,04_Projekt-Lagerlogistik/03_Medien/01_Footage/Sortiert/B-Roll/Jonathan am Schreibtisch/Proxy/FX3_1805.mov,0.01,0.3,1080,1920,2
04_Projekt-Lagerlogistik,04_Projekt-Lagerlogistik/03_Medien/01_Footage/Sortiert/B-Roll/Jonathan am Schreibtisch/Proxy/FX3_1807.mov,0.01,0.2,1080,1920,2
04_Projekt-Lagerlogistik,04_Projekt-Lagerlogistik/03_Medien/01_Footage/Sortiert/B-Roll/Nico und Jonathan verpacken/Proxy/FX3_1787.mov,0.01,0.2,1080,1920,2
04_Projekt-Lagerlogistik,04_Projekt-Lagerlogistik/03_Medien/01_Footage/Sortiert/B-Roll/Nico und Jonathan verpacken/Proxy/FX3_1790.mov,0.01,0.3,1080,1920,2
04_Projekt-Lagerlogistik,04_Projekt-Lagerlogistik/03_Medien/01_Footage/Sortiert/B-Roll/Nico und Jonathan verpacken/Proxy/FX3_1788.mov,0.01,0.2,1080,1920,2
04_Projekt-Lagerlogistik,04_Projekt-Lagerlogistik/03_Medien/01_Footage/Sortiert/B-Roll/Jonathan Allgemeine Szenen/Proxy/C8209.mov,0.01,0.1,1080,1920,2
04_Projekt-Lagerlogistik,04_Projekt-Lagerlogistik/03_Medien/01_Footage/Sortiert/B-Roll/Jonathan Allgemeine Szenen/Proxy/C8215.mov,0.01,0.1,1080,1920,2
04_Projekt-Lagerlogistik,04_Projekt-Lagerlogistik/03_Medien/01_Footage/Sortiert/B-Roll/Jonathan Allgemeine Szenen/Proxy/FX3_1780.mov,0.01,0.2,1080,1920,2
04_Projekt-Lagerlogistik,04_Projekt-Lagerlogistik/03_Medien/01_Footage/Sortiert/B-Roll/Jonathan Allgemeine Szenen/Proxy/FX3_1783.mov,0.01,0.3,1080,1920,2
04_Projekt-Lagerlogistik,04_Projekt-Lagerlogistik/03_Medien/01_Footage/Sortiert/B-Roll/Jonathan Allgemeine Szenen/Proxy/FX3_1784.mov,0.01,0.2,1080,1920,2
04_Projekt-Lagerlogistik,04_Projekt-Lagerlogistik/03_Medien/01_Footage/Sortiert/B-Roll/Waren einlagern/Proxy/C8197.mov,0.01,0.1,1080,1920,2
04_Projekt-Lagerlogistik,04_Projekt-Lagerlogistik/03_Medien/01_Footage/Sortiert/B-Roll/Waren einlagern/Proxy/C8198.mov,0.01,0.2,1080,1920,2
04_Projekt-Lagerlogistik,04_Projekt-Lagerlogistik/03_Medien/01_Footage/Sortiert/B-Roll/Waren einlagern/Proxy/C8200.mov,0.01,0.1,1080,1920,2
04_Projekt-Lagerlogistik,04_Projekt-Lagerlogistik/03_Medien/01_Footage/Sortiert/B-Roll/Waren einlagern/Proxy/C8207.mov,0.01,0.1,1080,1920,2
04_Projekt-Lagerlogistik,04_Projekt-Lagerlogistik/03_Medien/01_Footage/Sortiert/B-Roll/Waren einlagern/Proxy/FX3_1768.mov,0.01,0.2,1080,1920,2
04_Projekt-Lagerlogistik,04_Projekt-Lagerlogistik/03_Medien/01_Footage/Sortiert/B-Roll/Waren einlagern/Proxy/FX3_1769.mov,0.01,0.2,1080,1920,2
04_Projekt-Lagerlogistik,04_Projekt-Lagerlogistik/03_Medien/01_Footage/Sortiert/B-Roll/Waren einlagern/Proxy/FX3_1772.mov,0.01,0.2,1080,1920,2
04_Projekt-Lagerlogistik,04_Projekt-Lagerlogistik/03_Medien/01_Footage/Sortiert/B-Roll/Waren einlagern/Proxy/FX3_1774.mov,0.01,0.2,1080,1920,2
04_Projekt-Lagerlogistik,04_Projekt-Lagerlogistik/03_Medien/01_Footage/Sortiert/B-Roll/MAN Logo/Proxy/FX3_1767.mov,0.01,0.3,1080,1920,2
04_Projekt-Lagerlogistik,04_Projekt-Lagerlogistik/03_Medien/01_Footage/Sortiert/B-Roll/Ameise/Proxy/C8176.mov,0.01,0.1,1080,1920,2
04_Projekt-Lagerlogistik,04_Projekt-Lagerlogistik/03_Medien/01_Footage/Sortiert/B-Roll/Ameise/Proxy/C8178.mov,0.01,0.2,1080,1920,2
04_Projekt-Lagerlogistik,04_Projekt-Lagerlogistik/03_Medien/01_Footage/Sortiert/B-Roll/Ameise/Proxy/C8188.mov,0.01,0.2,1080,1920,2
04_Projekt-Lagerlogistik,04_Projekt-Lagerlogistik/03_Medien/01_Footage/Sortiert/B-Roll/Ameise/Proxy/C8189.mov,0.01,0.1,1080,1920,2
04_Projekt-Lagerlogistik,04_Projekt-Lagerlogistik/03_Medien/01_Footage/Sortiert/B-Roll/Ameise/Proxy/C8187.mov,0.01,0.1,1080,1920,2
04_Projekt-Lagerlogistik,04_Projekt-Lagerlogistik/03_Medien/01_Footage/Sortiert/B-Roll/Ameise/Proxy/FX3_1766.mov,0.01,0.2,1080,1920,2
04_Projekt-Lagerlogistik,04_Projekt-Lagerlogistik/03_Medien/01_Footage/Sortiert/B-Roll/Handschuhe anziehen/Proxy/C8159.mov,0.01,0.1,1080,1920,2
04_Projekt-Lagerlogistik,04_Projekt-Lagerlogistik/03_Medien/01_Footage/Sortiert/B-Roll/Handschuhe anziehen/Proxy/FX3_1750.mov,0.01,0.2,1080,1920,2
04_Projekt-Lagerlogistik,04_Projekt-Lagerlogistik/03_Medien/01_Footage/Sortiert/B-Roll/Handschuhe anziehen/Proxy/FX3_1749.mov,0.01,0.3,1080,1920,2
04_Projekt-Lagerlogistik,04_Projekt-Lagerlogistik/03_Medien/01_Footage/Sortiert/B-Roll/Bestellung für Kunde/Proxy/C8146.mov,0.01,0.2,1080,1920,2
04_Projekt-Lagerlogistik,04_Projekt-Lagerlogistik/03_Medien/01_Footage/Sortiert/B-Roll/Bestellung für Kunde/Proxy/C8155.mov,0.01,0.1,1080,1920,2
04_Projekt-Lagerlogistik,04_Projekt-Lagerlogistik/03_Medien/01_Footage/Sortiert/B-Roll/Bestellung für Kunde/Proxy/C8162.mov,0.01,0.1,1080,1920,2
04_Projekt-Lagerlogistik,04_Projekt-Lagerlogistik/03_Medien/01_Footage/Sortiert/B-Roll/Bestellung für Kunde/Proxy/C8163.mov,0.01,0.2,1080,1920,2
04_Projekt-Lagerlogistik,04_Projekt-Lagerlogistik/03_Medien/01_Footage/Sortiert/B-Roll/Bestellung für Kunde/Proxy/C8161.mov,0.01,0.2,1080,1920,2
04_Projekt-Lagerlogistik,04_Projekt-Lagerlogistik/03_Medien/01_Footage/Sortiert/B-Roll/Bestellung für Kunde/Proxy/C8165.mov,0.01,0.1,1080,1920,2
04_Projekt-Lagerlogistik,04_Projekt-Lagerlogistik/03_Medien/01_Footage/Sortiert/B-Roll/Bestellung für Kunde/Proxy/C8167.mov,0.01,0.2,1080,1920,2
04_Projekt-Lagerlogistik,04_Projekt-Lagerlogistik/03_Medien/01_Footage/Sortiert/B-Roll/Bestellung für Kunde/Proxy/C8166.mov,0.01,0.1,1080,1920,2
04_Projekt-Lagerlogistik,04_Projekt-Lagerlogistik/03_Medien/01_Footage/Sortiert/B-Roll/Bestellung für Kunde/Proxy/FX3_1747.mov,0.01,0.3,1080,1920,2
04_Projekt-Lagerlogistik,04_Projekt-Lagerlogistik/03_Medien/01_Footage/Sortiert/B-Roll/Bestellung für Kunde/Proxy/FX3_1753.mov,0.01,0.1,1080,1920,2
04_Projekt-Lagerlogistik,04_Projekt-Lagerlogistik/03_Medien/01_Footage/Sortiert/B-Roll/Bestellung für Kunde/Proxy/FX3_1756.mov,0.01,0.2,1080,1920,2
04_Projekt-Lagerlogistik,04_Projekt-Lagerlogistik/03_Medien/01_Footage/Sortiert/B-Roll/Bestellung für Kunde/Proxy/FX3_1754.mov,0.01,0.3,1080,1920,2
04_Projekt-Lagerlogistik,04_Projekt-Lagerlogistik/03_Medien/01_Footage/Sortiert/B-Roll/Bestellung für Kunde/Proxy/FX3_1755.mov,0.01,0.2,1080,1920,2
04_Projekt-Lagerlogistik,04_Projekt-Lagerlogistik/03_Medien/01_Footage/Sortiert/B-Roll/Bestellung für Kunde/Proxy/FX3_1757.mov,0.01,0.2,1080,1920,2
04_Projekt-Lagerlogistik,04_Projekt-Lagerlogistik/03_Medien/01_Footage/Sortiert/B-Roll/Bestellung für Kunde/Proxy/FX3_1760.mov,0.01,0.2,1080,1920,2
04_Projekt-Lagerlogistik,04_Projekt-Lagerlogistik/03_Medien/01_Footage/Sortiert/B-Roll/Bestellung für Kunde/Proxy/FX3_1762.mov,0.01,0.3,1080,1920,2
04_Projekt-Lagerlogistik,04_Projekt-Lagerlogistik/03_Medien/01_Footage/Sortiert/B-Roll/Bestellung für Kunde/Proxy/FX3_1763.mov,0.01,0.2,1080,1920,2
04_Projekt-Lagerlogistik,04_Projekt-Lagerlogistik/03_Medien/01_Footage/Sortiert/B-Roll/Bestellung für Kunde/Proxy/FX3_1764.mov,0.01,0.2,1080,1920,2
04_Projekt-Lagerlogistik,04_Projekt-Lagerlogistik/03_Medien/01_Footage/Sortiert/Hooks/Freeze Szene/Proxy/C8244.mov,0.01,0.2,1080,1920,2
04_Projekt-Lagerlogistik,04_Projekt-Lagerlogistik/03_Medien/01_Footage/Sortiert/Hooks/Freeze Szene/Proxy/C8246.mov,0.01,0.2,1080,1920,2
04_Projekt-Lagerlogistik,04_Projekt-Lagerlogistik/03_Medien/01_Footage/Sortiert/Hooks/Freeze Szene/Proxy/C8247.mov,0.01,0.2,1080,1920,2
04_Projekt-Lagerlogistik,04_Projekt-Lagerlogistik/03_Medien/01_Footage/Sortiert/Hooks/Freeze Szene/Proxy/C8248.mov,0.01,0.2,1080,1920,2
04_Projekt-Lagerlogistik,04_Projekt-Lagerlogistik/03_Medien/01_Footage/Sortiert/Hooks/Freeze Szene/Proxy/C8249.mov,0.01,0.2,1080,1920,2
04_Projekt-Lagerlogistik,04_Projekt-Lagerlogistik/03_Medien/01_Footage/Sortiert/Hooks/Freeze Szene/Proxy/C8252.mov,0.01,0.2,1080,1920,2
04_Projekt-Lagerlogistik,04_Projekt-Lagerlogistik/03_Medien/01_Footage/Sortiert/Hooks/Freeze Szene/Proxy/FX3_1811.mov,0.01,0.2,1080,1920,2
04_Projekt-Lagerlogistik,04_Projekt-Lagerlogistik/03_Medien/01_Footage/Sortiert/Hooks/Freeze Szene/Proxy/FX3_1812.mov,0.01,0.2,1080,1920,2
04_Projekt-Lagerlogistik,04_Projekt-Lagerlogistik/03_Medien/01_Footage/Sortiert/Hooks/Freeze Szene/Proxy/FX3_1813.mov,0.01,0.2,1080,1920,2
04_Projekt-Lagerlogistik,04_Projekt-Lagerlogistik/03_Medien/01_Footage/Sortiert/Hooks/Freeze Szene/Proxy/FX3_1818.mov,0.01,0.1,1080,1920,2
04_Projekt-Lagerlogistik,04_Projekt-Lagerlogistik/03_Medien/01_Footage/Sortiert/Hooks/Freeze Szene/Proxy/FX3_1817.mov,0.01,0.2,1080,1920,2
04_Projekt-Lagerlogistik,04_Projekt-Lagerlogistik/03_Medien/01_Footage/Sortiert/Hooks/Freeze Szene/Proxy/FX3_1820.mov,0.01,0.2,1080,1920,2
04_Projekt-Lagerlogistik,04_Projekt-Lagerlogistik/03_Medien/01_Footage/Sortiert/Hooks/Freeze Szene/Proxy/FX3_1821.mov,0.01,0.2,1080,1920,2
04_Projekt-Lagerlogistik,04_Projekt-Lagerlogistik/06_Fotos & BTS/Videos/MAN Best Shots/MAN_Best-Shots01977455.mov,0.0,0.0,2160,3840,0
04_Projekt-Lagerlogistik,04_Projekt-Lagerlogistik/06_Fotos & BTS/Videos/MAN Best Shots/MAN_Best-Shots02005707.mov,0.0,0.0,2160,3840,0
04_Projekt-Lagerlogistik,04_Projekt-Lagerlogistik/06_Fotos & BTS/Videos/MAN Best Shots/MAN_Best-Shots02060454.mov,0.0,0.0,2160,3840,0
04_Projekt-Lagerlogistik,04_Projekt-Lagerlogistik/06_Fotos & BTS/Videos/MAN Best Shots/MAN_Best-Shots02062743.mov,0.0,0.0,2160,3840,0
04_Projekt-Lagerlogistik,04_Projekt-Lagerlogistik/03_Medien/02_Assets/06_AI Generiert/hf_20260520_091847_880c78ed-aadf-42fb-b558-eb90144f351a.mp4,0.0,0.1,720,1280,2
04_Projekt-Lagerlogistik,04_Projekt-Lagerlogistik/03_Medien/02_Assets/06_AI Generiert/Cinematic_photorealistic_singl_Seedance_20_49529.mp4,0.0,0.1,720,1280,2
04_Projekt-Lagerlogistik,04_Projekt-Lagerlogistik/03_Medien/02_Assets/06_AI Generiert/hf_20260521_142555_f5d5d583-e4dc-4da0-99ab-603fd67f9097.mp4,0.0,0.2,720,1280,2
04_Projekt-Lagerlogistik,04_Projekt-Lagerlogistik/03_Medien/02_Assets/06_AI Generiert/Use_Image_1_as_the_first_frame_Seedance_20_89395.mp4,0.0,0.1,720,1280,2
04_Projekt-Lagerlogistik,04_Projekt-Lagerlogistik/03_Medien/02_Assets/06_AI Generiert/Use_Image_1_as_the_visual_refe_Seedance_20_31546.mp4,0.0,0.1,720,1280,2
04_Projekt-Lagerlogistik,04_Projekt-Lagerlogistik/03_Medien/02_Assets/06_AI Generiert/Use_Image_2_as_the_exact_froze_Seedance_20_98512.mp4,0.0,0.1,720,1280,2
04_Projekt-Lagerlogistik,04_Projekt-Lagerlogistik/03_Medien/01_Footage/Sortiert/B-Roll/Schublade/Proxy/FX3_1824.mov,0.0,0.1,1080,1920,2
04_Projekt-Lagerlogistik,04_Projekt-Lagerlogistik/03_Medien/01_Footage/Sortiert/B-Roll/Schublade/Proxy/C8174.mov,0.0,0.1,1080,1920,2
04_Projekt-Lagerlogistik,04_Projekt-Lagerlogistik/03_Medien/01_Footage/Sortiert/B-Roll/Jonathan und Nico chillen/Proxy/C8253.mov,0.0,0.0,1080,1920,2
04_Projekt-Lagerlogistik,04_Projekt-Lagerlogistik/03_Medien/01_Footage/Sortiert/B-Roll/Jonathan am Schreibtisch/Proxy/C8221.mov,0.0,0.0,1080,1920,2
04_Projekt-Lagerlogistik,04_Projekt-Lagerlogistik/03_Medien/01_Footage/Sortiert/B-Roll/Jonathan am Schreibtisch/Proxy/C8222.mov,0.0,0.0,1080,1920,2
04_Projekt-Lagerlogistik,04_Projekt-Lagerlogistik/03_Medien/01_Footage/Sortiert/B-Roll/Jonathan am Schreibtisch/Proxy/C8223.mov,0.0,0.0,1080,1920,2
04_Projekt-Lagerlogistik,04_Projekt-Lagerlogistik/03_Medien/01_Footage/Sortiert/B-Roll/Jonathan am Schreibtisch/Proxy/C8225.mov,0.0,0.0,1080,1920,2
04_Projekt-Lagerlogistik,04_Projekt-Lagerlogistik/03_Medien/01_Footage/Sortiert/B-Roll/Jonathan am Schreibtisch/Proxy/C8224.mov,0.0,0.0,1080,1920,2
04_Projekt-Lagerlogistik,04_Projekt-Lagerlogistik/03_Medien/01_Footage/Sortiert/B-Roll/Jonathan am Schreibtisch/Proxy/C8220.mov,0.0,0.1,1080,1920,2
04_Projekt-Lagerlogistik,04_Projekt-Lagerlogistik/03_Medien/01_Footage/Sortiert/B-Roll/Jonathan am Schreibtisch/Proxy/C8219.mov,0.0,0.1,1080,1920,2
04_Projekt-Lagerlogistik,04_Projekt-Lagerlogistik/03_Medien/01_Footage/Sortiert/B-Roll/Jonathan am Schreibtisch/Proxy/C8231.mov,0.0,0.0,1080,1920,2
04_Projekt-Lagerlogistik,04_Projekt-Lagerlogistik/03_Medien/01_Footage/Sortiert/B-Roll/Jonathan am Schreibtisch/Proxy/C8233.mov,0.0,0.0,1080,1920,2
04_Projekt-Lagerlogistik,04_Projekt-Lagerlogistik/03_Medien/01_Footage/Sortiert/B-Roll/Jonathan am Schreibtisch/Proxy/C8229.mov,0.0,0.1,1080,1920,2
04_Projekt-Lagerlogistik,04_Projekt-Lagerlogistik/03_Medien/01_Footage/Sortiert/B-Roll/Jonathan am Schreibtisch/Proxy/C8230.mov,0.0,0.1,1080,1920,2
04_Projekt-Lagerlogistik,04_Projekt-Lagerlogistik/03_Medien/01_Footage/Sortiert/B-Roll/Jonathan am Schreibtisch/Proxy/C8234.mov,0.0,0.0,1080,1920,2
04_Projekt-Lagerlogistik,04_Projekt-Lagerlogistik/03_Medien/01_Footage/Sortiert/B-Roll/Jonathan am Schreibtisch/Proxy/C8236.mov,0.0,0.0,1080,1920,2
04_Projekt-Lagerlogistik,04_Projekt-Lagerlogistik/03_Medien/01_Footage/Sortiert/B-Roll/Jonathan am Schreibtisch/Proxy/C8235.mov,0.0,0.0,1080,1920,2
04_Projekt-Lagerlogistik,04_Projekt-Lagerlogistik/03_Medien/01_Footage/Sortiert/B-Roll/Jonathan am Schreibtisch/Proxy/FX3_1796.mov,0.0,0.1,1080,1920,2
04_Projekt-Lagerlogistik,04_Projekt-Lagerlogistik/03_Medien/01_Footage/Sortiert/B-Roll/Jonathan Allgemeine Szenen/Proxy/C8214.mov,0.0,0.1,1080,1920,2
04_Projekt-Lagerlogistik,04_Projekt-Lagerlogistik/03_Medien/01_Footage/Sortiert/B-Roll/Jonathan Allgemeine Szenen/Proxy/C8210.mov,0.0,0.1,1080,1920,2
04_Projekt-Lagerlogistik,04_Projekt-Lagerlogistik/03_Medien/01_Footage/Sortiert/B-Roll/Jonathan Allgemeine Szenen/Proxy/C8211.mov,0.0,0.0,1080,1920,2
04_Projekt-Lagerlogistik,04_Projekt-Lagerlogistik/03_Medien/01_Footage/Sortiert/B-Roll/Jonathan Allgemeine Szenen/Proxy/C8212.mov,0.0,0.0,1080,1920,2
04_Projekt-Lagerlogistik,04_Projekt-Lagerlogistik/03_Medien/01_Footage/Sortiert/B-Roll/Jonathan Allgemeine Szenen/Proxy/C8216.mov,0.0,0.1,1080,1920,2
04_Projekt-Lagerlogistik,04_Projekt-Lagerlogistik/03_Medien/01_Footage/Sortiert/B-Roll/Jonathan Allgemeine Szenen/Proxy/C8218.mov,0.0,0.0,1080,1920,2
04_Projekt-Lagerlogistik,04_Projekt-Lagerlogistik/03_Medien/01_Footage/Sortiert/B-Roll/Jonathan Allgemeine Szenen/Proxy/FX3_1781.mov,0.0,0.1,1080,1920,2
04_Projekt-Lagerlogistik,04_Projekt-Lagerlogistik/03_Medien/01_Footage/Sortiert/B-Roll/Jonathan Allgemeine Szenen/Proxy/FX3_1785.mov,0.0,0.1,1080,1920,2
04_Projekt-Lagerlogistik,04_Projekt-Lagerlogistik/03_Medien/01_Footage/Sortiert/B-Roll/Waren einlagern/Proxy/C8194.mov,0.0,0.0,1080,1920,2
04_Projekt-Lagerlogistik,04_Projekt-Lagerlogistik/03_Medien/01_Footage/Sortiert/B-Roll/Waren einlagern/Proxy/C8196.mov,0.0,0.1,1080,1920,2
04_Projekt-Lagerlogistik,04_Projekt-Lagerlogistik/03_Medien/01_Footage/Sortiert/B-Roll/Waren einlagern/Proxy/C8192.mov,0.0,0.0,1080,1920,2
04_Projekt-Lagerlogistik,04_Projekt-Lagerlogistik/03_Medien/01_Footage/Sortiert/B-Roll/Waren einlagern/Proxy/C8195.mov,0.0,0.1,1080,1920,2
04_Projekt-Lagerlogistik,04_Projekt-Lagerlogistik/03_Medien/01_Footage/Sortiert/B-Roll/Waren einlagern/Proxy/C8199.mov,0.0,0.0,1080,1920,2
04_Projekt-Lagerlogistik,04_Projekt-Lagerlogistik/03_Medien/01_Footage/Sortiert/B-Roll/Waren einlagern/Proxy/C8193.mov,0.0,0.1,1080,1920,2
04_Projekt-Lagerlogistik,04_Projekt-Lagerlogistik/03_Medien/01_Footage/Sortiert/B-Roll/Waren einlagern/Proxy/C8205.mov,0.0,0.0,1080,1920,2
04_Projekt-Lagerlogistik,04_Projekt-Lagerlogistik/03_Medien/01_Footage/Sortiert/B-Roll/Waren einlagern/Proxy/C8206.mov,0.0,0.0,1080,1920,2
04_Projekt-Lagerlogistik,04_Projekt-Lagerlogistik/03_Medien/01_Footage/Sortiert/B-Roll/Waren einlagern/Proxy/C8203.mov,0.0,0.0,1080,1920,2
04_Projekt-Lagerlogistik,04_Projekt-Lagerlogistik/03_Medien/01_Footage/Sortiert/B-Roll/Waren einlagern/Proxy/C8201.mov,0.0,0.0,1080,1920,2
04_Projekt-Lagerlogistik,04_Projekt-Lagerlogistik/03_Medien/01_Footage/Sortiert/B-Roll/Waren einlagern/Proxy/C8204.mov,0.0,0.1,1080,1920,2
04_Projekt-Lagerlogistik,04_Projekt-Lagerlogistik/03_Medien/01_Footage/Sortiert/B-Roll/Waren einlagern/Proxy/FX3_1770.mov,0.0,0.0,1080,1920,2
04_Projekt-Lagerlogistik,04_Projekt-Lagerlogistik/03_Medien/01_Footage/Sortiert/B-Roll/Waren einlagern/Proxy/FX3_1773.mov,0.0,0.1,1080,1920,2
04_Projekt-Lagerlogistik,04_Projekt-Lagerlogistik/03_Medien/01_Footage/Sortiert/B-Roll/Waren einlagern/Proxy/FX3_1775.mov,0.0,0.1,1080,1920,2
04_Projekt-Lagerlogistik,04_Projekt-Lagerlogistik/03_Medien/01_Footage/Sortiert/B-Roll/Ameise/Proxy/C8180.mov,0.0,0.1,1080,1920,2
04_Projekt-Lagerlogistik,04_Projekt-Lagerlogistik/03_Medien/01_Footage/Sortiert/B-Roll/Ameise/Proxy/C8177.mov,0.0,0.1,1080,1920,2
04_Projekt-Lagerlogistik,04_Projekt-Lagerlogistik/03_Medien/01_Footage/Sortiert/B-Roll/Ameise/Proxy/C8182.mov,0.0,0.1,1080,1920,2
04_Projekt-Lagerlogistik,04_Projekt-Lagerlogistik/03_Medien/01_Footage/Sortiert/B-Roll/Ameise/Proxy/C8181.mov,0.0,0.0,1080,1920,2
04_Projekt-Lagerlogistik,04_Projekt-Lagerlogistik/03_Medien/01_Footage/Sortiert/B-Roll/Ameise/Proxy/C8179.mov,0.0,0.0,1080,1920,2
04_Projekt-Lagerlogistik,04_Projekt-Lagerlogistik/03_Medien/01_Footage/Sortiert/B-Roll/Ameise/Proxy/C8183.mov,0.0,0.0,1080,1920,2
04_Projekt-Lagerlogistik,04_Projekt-Lagerlogistik/03_Medien/01_Footage/Sortiert/B-Roll/Ameise/Proxy/C8185.mov,0.0,0.0,1080,1920,2
04_Projekt-Lagerlogistik,04_Projekt-Lagerlogistik/03_Medien/01_Footage/Sortiert/B-Roll/Ameise/Proxy/C8184.mov,0.0,0.1,1080,1920,2
04_Projekt-Lagerlogistik,04_Projekt-Lagerlogistik/03_Medien/01_Footage/Sortiert/B-Roll/Ameise/Proxy/C8190.mov,0.0,0.0,1080,1920,2
04_Projekt-Lagerlogistik,04_Projekt-Lagerlogistik/03_Medien/01_Footage/Sortiert/B-Roll/Ameise/Proxy/C8186.mov,0.0,0.1,1080,1920,2
04_Projekt-Lagerlogistik,04_Projekt-Lagerlogistik/03_Medien/01_Footage/Sortiert/B-Roll/Ameise/Proxy/C8191.mov,0.0,0.0,1080,1920,2
04_Projekt-Lagerlogistik,04_Projekt-Lagerlogistik/03_Medien/01_Footage/Sortiert/B-Roll/Handschuhe anziehen/Proxy/C8156.mov,0.0,0.0,1080,1920,2
04_Projekt-Lagerlogistik,04_Projekt-Lagerlogistik/03_Medien/01_Footage/Sortiert/B-Roll/Handschuhe anziehen/Proxy/C8157.mov,0.0,0.0,1080,1920,2
04_Projekt-Lagerlogistik,04_Projekt-Lagerlogistik/03_Medien/01_Footage/Sortiert/B-Roll/Bestellung für Kunde/Proxy/C8148.mov,0.0,0.1,1080,1920,2
04_Projekt-Lagerlogistik,04_Projekt-Lagerlogistik/03_Medien/01_Footage/Sortiert/B-Roll/Bestellung für Kunde/Proxy/C8152.mov,0.0,0.1,1080,1920,2
04_Projekt-Lagerlogistik,04_Projekt-Lagerlogistik/03_Medien/01_Footage/Sortiert/B-Roll/Bestellung für Kunde/Proxy/C8147.mov,0.0,0.0,1080,1920,2
04_Projekt-Lagerlogistik,04_Projekt-Lagerlogistik/03_Medien/01_Footage/Sortiert/B-Roll/Bestellung für Kunde/Proxy/C8149.mov,0.0,0.1,1080,1920,2
04_Projekt-Lagerlogistik,04_Projekt-Lagerlogistik/03_Medien/01_Footage/Sortiert/B-Roll/Bestellung für Kunde/Proxy/C8150.mov,0.0,0.1,1080,1920,2
04_Projekt-Lagerlogistik,04_Projekt-Lagerlogistik/03_Medien/01_Footage/Sortiert/B-Roll/Bestellung für Kunde/Proxy/C8151.mov,0.0,0.0,1080,1920,2
04_Projekt-Lagerlogistik,04_Projekt-Lagerlogistik/03_Medien/01_Footage/Sortiert/B-Roll/Bestellung für Kunde/Proxy/C8153.mov,0.0,0.0,1080,1920,2
04_Projekt-Lagerlogistik,04_Projekt-Lagerlogistik/03_Medien/01_Footage/Sortiert/B-Roll/Bestellung für Kunde/Proxy/C8158.mov,0.0,0.0,1080,1920,2
04_Projekt-Lagerlogistik,04_Projekt-Lagerlogistik/03_Medien/01_Footage/Sortiert/B-Roll/Bestellung für Kunde/Proxy/C8154.mov,0.0,0.0,1080,1920,2
04_Projekt-Lagerlogistik,04_Projekt-Lagerlogistik/03_Medien/01_Footage/Sortiert/B-Roll/Bestellung für Kunde/Proxy/C8160.mov,0.0,0.1,1080,1920,2
04_Projekt-Lagerlogistik,04_Projekt-Lagerlogistik/03_Medien/01_Footage/Sortiert/B-Roll/Bestellung für Kunde/Proxy/C8164.mov,0.0,0.0,1080,1920,2
04_Projekt-Lagerlogistik,04_Projekt-Lagerlogistik/03_Medien/01_Footage/Sortiert/B-Roll/Bestellung für Kunde/Proxy/C8168.mov,0.0,0.1,1080,1920,2
04_Projekt-Lagerlogistik,04_Projekt-Lagerlogistik/03_Medien/01_Footage/Sortiert/B-Roll/Bestellung für Kunde/Proxy/C8169.mov,0.0,0.1,1080,1920,2
04_Projekt-Lagerlogistik,04_Projekt-Lagerlogistik/03_Medien/01_Footage/Sortiert/B-Roll/Bestellung für Kunde/Proxy/C8170.mov,0.0,0.1,1080,1920,2
04_Projekt-Lagerlogistik,04_Projekt-Lagerlogistik/03_Medien/01_Footage/Sortiert/B-Roll/Bestellung für Kunde/Proxy/C8172.mov,0.0,0.0,1080,1920,2
04_Projekt-Lagerlogistik,04_Projekt-Lagerlogistik/03_Medien/01_Footage/Sortiert/B-Roll/Bestellung für Kunde/Proxy/C8171.mov,0.0,0.1,1080,1920,2
04_Projekt-Lagerlogistik,04_Projekt-Lagerlogistik/03_Medien/01_Footage/Sortiert/B-Roll/Bestellung für Kunde/Proxy/FX3_1748.mov,0.0,0.1,1080,1920,2
04_Projekt-Lagerlogistik,04_Projekt-Lagerlogistik/03_Medien/01_Footage/Sortiert/B-Roll/Bestellung für Kunde/Proxy/FX3_1745.mov,0.0,0.1,1080,1920,2
04_Projekt-Lagerlogistik,04_Projekt-Lagerlogistik/03_Medien/01_Footage/Sortiert/B-Roll/Bestellung für Kunde/Proxy/FX3_1751.mov,0.0,0.1,1080,1920,2
04_Projekt-Lagerlogistik,04_Projekt-Lagerlogistik/03_Medien/01_Footage/Sortiert/B-Roll/Bestellung für Kunde/Proxy/FX3_1752.mov,0.0,0.1,1080,1920,2
04_Projekt-Lagerlogistik,04_Projekt-Lagerlogistik/03_Medien/01_Footage/Sortiert/B-Roll/Bestellung für Kunde/Proxy/FX3_1758.mov,0.0,0.1,1080,1920,2
04_Projekt-Lagerlogistik,04_Projekt-Lagerlogistik/03_Medien/01_Footage/Sortiert/B-Roll/Bestellung für Kunde/Proxy/FX3_1759.mov,0.0,0.1,1080,1920,2
04_Projekt-Lagerlogistik,04_Projekt-Lagerlogistik/03_Medien/01_Footage/Sortiert/B-Roll/Bestellung für Kunde/Proxy/FX3_1761.mov,0.0,0.1,1080,1920,2
04_Projekt-Lagerlogistik,04_Projekt-Lagerlogistik/03_Medien/01_Footage/Sortiert/Hooks/Freeze Szene/Proxy/FX3_1819.mov,0.0,0.1,1080,1920,2
